order,cluster,parent_genre,child_genre,parent_colour,child_colour,normalised_child
1,electronic music,21st century classical,american 21st century classical,#FF227A,#FC528E,american21stcenturyclassical
2,rhythm music,abstract hip hop,chill abstract hip hop,#66CC99,#54C78C,chillabstracthiphop
3,rhythm music,adult standards,deep adult standards,#4364B3,#4762A7,deepadultstandards
4,heavy / experimental,african metal,south african metal,#D0802F,#CB8844,southafricanmetal
5,electronic music,afro house,afro house angolano,#D52633,#DE2738,afrohouseangolano
6,rock,alternative rock,aberdeen indie,#DCB250,#DEC75A,aberdeenindie
7,rock,alternative rock,album rock,#DCB250,#D4B245,albumrock
8,rock,alternative rock,alternative rock / indie ii,#DCB250,#DCA248,alternativerockindieii
9,rock,alternative rock,american post-rock,#DCB250,#D39D3D,americanpostrock
10,rock,alternative rock,anarcho-punk,#DCB250,#DEC45A,anarchopunk
11,rock,alternative rock,apostolic worship,#DCB250,#DEBF5B,apostolicworship
12,rock,alternative rock,athens indie,#DCB250,#DEB844,athensindie
13,rock,alternative rock,atlanta indie,#DCB250,#E0B153,atlantaindie
14,rock,alternative rock,australian alternative rock,#DCB250,#DAC048,australianalternativerock
15,rock,alternative rock,australian post-rock,#DCB250,#D5AA3D,australianpostrock
16,rock,alternative rock,austrian stoner rock,#DCB250,#E0C261,austrianstonerrock
17,rock,alternative rock,bagpipe,#DCB250,#DBB557,bagpipe
18,rock,alternative rock,bagpipe marching band,#DCB250,#E0B15E,bagpipemarchingband
19,rock,alternative rock,baltimore indie,#DCB250,#DAC04C,baltimoreindie
20,rock,alternative rock,baton rouge indie,#DCB250,#D7993B,batonrougeindie
21,rock,alternative rock,beatlesque,#DCB250,#DEAA5D,beatlesque
22,rock,alternative rock,belgian post-rock,#DCB250,#D9A43B,belgianpostrock
23,rock,alternative rock,boston indie,#DCB250,#DEAC49,bostonindie
24,rock,alternative rock,boston punk,#DCB250,#DABD38,bostonpunk
25,rock,alternative rock,brazilian groove metal,#DCB250,#DAB959,braziliangroovemetal
26,rock,alternative rock,british math rock,#DCB250,#DBA849,britishmathrock
27,rock,alternative rock,british post-rock,#DCB250,#DDA63A,britishpostrock
28,rock,alternative rock,bubblegrunge,#DCB250,#D3B73E,bubblegrunge
29,rock,alternative rock,bury st edmunds indie,#DCB250,#D8B43F,burystedmundsindie
30,rock,alternative rock,california hardcore,#DCB250,#DEC663,californiahardcore
31,rock,alternative rock,canadian indie,#DCB250,#D9BB42,canadianindie
32,rock,alternative rock,canadian psychedelic rock,#DCB250,#DDAE57,canadianpsychedelicrock
33,rock,alternative rock,cardiff indie,#DCB250,#DEA958,cardiffindie
34,rock,alternative rock,celtic rock,#DCB250,#D59F46,celticrock
35,rock,alternative rock,chamber psych,#DCB250,#DFBF48,chamberpsych
36,rock,alternative rock,charlotte nc indie,#DCB250,#DEAA5A,charlottencindie
37,rock,alternative rock,christchurch indie,#DCB250,#DABA52,christchurchindie
38,rock,alternative rock,cinematic post-rock,#DCB250,#DB9B35,cinematicpostrock
39,rock,alternative rock,cowpunk,#DCB250,#DFC960,cowpunk
40,rock,alternative rock,crack rock steady,#DCB250,#D7BB41,crackrocksteady
41,rock,alternative rock,crossover prog,#DCB250,#D8AB3F,crossoverprog
42,rock,alternative rock,czech psychedelic,#DCB250,#DAB151,czechpsychedelic
43,rock,alternative rock,dalarna indie,#DCB250,#DBB25F,dalarnaindie
44,rock,alternative rock,dc hardcore,#DCB250,#E0B859,dchardcore
45,rock,alternative rock,deep ccm,#DCB250,#D9AD58,deepccm
46,rock,alternative rock,deep psychobilly,#DCB250,#DCB84F,deeppsychobilly
47,rock,alternative rock,denver indie,#DCB250,#E3B566,denverindie
48,rock,alternative rock,double drumming,#DCB250,#DBB337,doubledrumming
49,rock,alternative rock,dream pop & shoegaze,#DCB250,#DBAD59,dreampop&shoegaze
50,rock,alternative rock,dreampunk,#DCB250,#DAB459,dreampunk
51,rock,alternative rock,dresden indie,#DCB250,#E3AF60,dresdenindie
52,rock,alternative rock,dublin indie,#DCB250,#D7A14B,dublinindie
53,rock,alternative rock,dungeon synth,#DCB250,#E2BD62,dungeonsynth
54,rock,alternative rock,emo punk,#DCB250,#DDB95C,emopunk
55,rock,alternative rock,estonian indie,#DCB250,#D3AF3D,estonianindie
56,rock,alternative rock,ethereal wave,#DCB250,#DCB04A,etherealwave
57,rock,alternative rock,finnish psychedelic rock,#DCB250,#DEBD6B,finnishpsychedelicrock
58,rock,alternative rock,florida hardcore,#DCB250,#E3B264,floridahardcore
59,rock,alternative rock,fort wayne indie,#DCB250,#D9A045,fortwayneindie
60,rock,alternative rock,gainesville indie,#DCB250,#DBB15F,gainesvilleindie
61,rock,alternative rock,gaita,#DCB250,#D7AD4B,gaita
62,rock,alternative rock,german stoner rock,#DCB250,#E3BA61,germanstonerrock
63,rock,alternative rock,gothenburg indie,#DCB250,#DCB363,gothenburgindie
64,rock,alternative rock,grunge,#DCB250,#D7A440,grunge
65,rock,alternative rock,h8000,#DCB250,#DEC25D,h8000
66,rock,alternative rock,hampton roads indie,#DCB250,#D5A640,hamptonroadsindie
67,rock,alternative rock,hardcore,#DCB250,#DCB751,hardcore
68,rock,alternative rock,hardcore punk espanol,#DCB250,#D4A53E,hardcorepunkespanol
69,rock,alternative rock,heavy psych,#DCB250,#DEB14F,heavypsych
70,rock,alternative rock,horror synth,#DCB250,#D8B14C,horrorsynth
71,rock,alternative rock,houston indie,#DCB250,#E0BA56,houstonindie
72,rock,alternative rock,hypnagogic pop,#DCB250,#DFCA66,hypnagogicpop
73,rock,alternative rock,icelandic punk,#DCB250,#D7BA3B,icelandicpunk
74,rock,alternative rock,indian instrumental rock,#DCB250,#DFBE47,indianinstrumentalrock
75,rock,alternative rock,indie psych-pop,#DCB250,#DEC554,indiepsychpop
76,rock,alternative rock,indie rock,#DCB250,#DEA24D,indierock
77,rock,alternative rock,indie tabasqueno,#DCB250,#DDB744,indietabasqueno
78,rock,alternative rock,indonesian blues,#DCB250,#DCBC61,indonesianblues
79,rock,alternative rock,indonesian indie,#DCB250,#E1B956,indonesianindie
80,rock,alternative rock,indonesian reggae,#DCB250,#D9AF3F,indonesianreggae
81,rock,alternative rock,industrial noise,#DCB250,#DEBE43,industrialnoise
82,rock,alternative rock,instrumental stoner rock,#DCB250,#D5A23D,instrumentalstonerrock
83,rock,alternative rock,irish rock,#DCB250,#DAB955,irishrock
84,rock,alternative rock,italian industrial,#DCB250,#D7B450,italianindustrial
85,rock,alternative rock,italian modern prog,#DCB250,#D7B23D,italianmodernprog
86,rock,alternative rock,italian occult psychedelia,#DCB250,#D7AF45,italianoccultpsychedelia
87,rock,alternative rock,italian post-hardcore,#DCB250,#E4B964,italianposthardcore
88,rock,alternative rock,italian post-rock,#DCB250,#DFAE47,italianpostrock
89,rock,alternative rock,jangle pop,#DCB250,#DD9C3F,janglepop
90,rock,alternative rock,jangle pop / indie rock,#DCB250,#DCAB63,janglepopindierock
91,rock,alternative rock,jangle rock,#DCB250,#DBAF4E,janglerock
92,rock,alternative rock,japanese celtic,#DCB250,#DFC45C,japaneseceltic
93,rock,alternative rock,japanese garage rock,#DCB250,#D4A142,japanesegaragerock
94,rock,alternative rock,japanese psychedelic rock,#DCB250,#D7A841,japanesepsychedelicrock
95,rock,alternative rock,japanoise,#DCB250,#DEA84E,japanoise
96,rock,alternative rock,jazz metal,#DCB250,#D7B93E,jazzmetal
97,rock,alternative rock,kc indie,#DCB250,#D9A745,kcindie
98,rock,alternative rock,kingston on indie,#DCB250,#DAA858,kingstononindie
99,rock,alternative rock,knoxville indie,#DCB250,#D8B656,knoxvilleindie
100,rock,alternative rock,korean dream pop,#DCB250,#DEAC44,koreandreampop
101,rock,alternative rock,lincoln ne indie,#DCB250,#DDAC54,lincolnneindie
102,rock,alternative rock,louisiana metal,#DCB250,#DDB061,louisianametal
103,rock,alternative rock,louisville indie,#DCB250,#DBA451,louisvilleindie
104,rock,alternative rock,martial industrial,#DCB250,#DEB951,martialindustrial
105,rock,alternative rock,mecha,#DCB250,#E2C965,mecha
106,rock,alternative rock,mexican post-rock,#DCB250,#D69C3D,mexicanpostrock
107,rock,alternative rock,milwaukee indie,#DCB250,#DDAE5C,milwaukeeindie
108,rock,alternative rock,mississippi indie,#DCB250,#DDB965,mississippiindie
109,rock,alternative rock,modern progressive rock,#DCB250,#DAB244,modernprogressiverock
110,rock,alternative rock,nashville indie,#DCB250,#E1C458,nashvilleindie
111,rock,alternative rock,neofolk,#DCB250,#D8BD55,neofolk
112,rock,alternative rock,neo-progressive,#DCB250,#DBA13C,neoprogressive
113,rock,alternative rock,neo-trad prog,#DCB250,#DEAC5A,neotradprog
114,rock,alternative rock,new isolationism,#DCB250,#E2AF5D,newisolationism
115,rock,alternative rock,new jersey hardcore,#DCB250,#DC9E3B,newjerseyhardcore
116,rock,alternative rock,new jersey punk,#DCB250,#E3B864,newjerseypunk
117,rock,alternative rock,noise,#DCB250,#DAAE3D,noise
118,rock,alternative rock,noise pop,#DCB250,#DCAD5B,noisepop
119,rock,alternative rock,noise punk,#DCB250,#E2AC59,noisepunk
120,rock,alternative rock,noise rock,#DCB250,#DFB55E,noiserock
121,rock,alternative rock,norsk lovsang,#DCB250,#DBA049,norsklovsang
122,rock,alternative rock,northern irish punk,#DCB250,#D7BD50,northernirishpunk
123,rock,alternative rock,norwegian prog,#DCB250,#DBB44C,norwegianprog
124,rock,alternative rock,norwegian psychedelic,#DCB250,#E2B95C,norwegianpsychedelic
125,rock,alternative rock,nottingham indie,#DCB250,#DAAB4A,nottinghamindie
126,rock,alternative rock,nyhc,#DCB250,#DCAE67,nyhc
127,rock,alternative rock,oakland indie,#DCB250,#D9A256,oaklandindie
128,rock,alternative rock,ohio hardcore,#DCB250,#D8AF37,ohiohardcore
129,rock,alternative rock,okc indie,#DCB250,#D9BB3B,okcindie
130,rock,alternative rock,omaha indie,#DCB250,#E2AD64,omahaindie
131,rock,alternative rock,ontario indie,#DCB250,#D7A949,ontarioindie
132,rock,alternative rock,orebro indie,#DCB250,#E0AF53,orebroindie
133,rock,alternative rock,oslo indie,#DCB250,#DCBF50,osloindie
134,rock,alternative rock,oth indie,#DCB250,#E3BB61,othindie
135,rock,alternative rock,palm desert scene,#DCB250,#D9B958,palmdesertscene
136,rock,alternative rock,pinoy metal,#DCB250,#E3C666,pinoymetal
137,rock,alternative rock,pittsburgh indie,#DCB250,#D5B53A,pittsburghindie
138,rock,alternative rock,popgaze,#DCB250,#DDC362,popgaze
139,rock,alternative rock,portland punk,#DCB250,#DFB85E,portlandpunk
140,rock,alternative rock,portuguese post-rock,#DCB250,#D8B83E,portuguesepostrock
141,rock,alternative rock,post-grunge,#DCB250,#DDA14D,postgrunge
142,rock,alternative rock,post-rock,#DCB250,#DAB23A,postrock
143,rock,alternative rock,psychedelic pop,#DCB250,#DAB435,psychedelicpop
144,rock,alternative rock,psychedelic punk,#DCB250,#DABB43,psychedelicpunk
145,rock,alternative rock,punk ecuatoriano,#DCB250,#D7AB48,punkecuatoriano
146,rock,alternative rock,punk mexicano,#DCB250,#DCBF59,punkmexicano
147,rock,alternative rock,rap rock / funk metal,#DCB250,#DBAC48,raprockfunkmetal
148,rock,alternative rock,rautalanka,#DCB250,#DEA04B,rautalanka
149,rock,alternative rock,rhode island indie,#DCB250,#DB9F3B,rhodeislandindie
150,rock,alternative rock,riot grrrl,#DCB250,#E1AA56,riotgrrrl
151,rock,alternative rock,rochester ny indie,#DCB250,#E1B15C,rochesternyindie
152,rock,alternative rock,rock quebecois,#DCB250,#DCC461,rockquebecois
153,rock,alternative rock,rock urbano mexicano,#DCB250,#E2B863,rockurbanomexicano
154,rock,alternative rock,rock viet,#DCB250,#D7AF39,rockviet
155,rock,alternative rock,rotterdam indie,#DCB250,#DDB35B,rotterdamindie
156,rock,alternative rock,rune folk,#DCB250,#DDC66A,runefolk
157,rock,alternative rock,san antonio indie,#DCB250,#DBB150,sanantonioindie
158,rock,alternative rock,sasscore,#DCB250,#E0B05D,sasscore
159,rock,alternative rock,scottish hush,#DCB250,#E0A753,scottishhush
160,rock,alternative rock,seattle indie,#DCB250,#D7A650,seattleindie
161,rock,alternative rock,shoegaze brasileiro,#DCB250,#D8A141,shoegazebrasileiro
162,rock,alternative rock,skate punk & pop punk,#DCB250,#D99B41,skatepunk&poppunk
163,rock,alternative rock,skinhead oi,#DCB250,#E0AC54,skinheadoi
164,rock,alternative rock,socal indie,#DCB250,#DBA955,socalindie
165,rock,alternative rock,solo wave,#DCB250,#DEBD48,solowave
166,rock,alternative rock,space ambient,#DCB250,#DEA248,spaceambient
167,rock,alternative rock,space rock,#DCB250,#DFBE65,spacerock
168,rock,alternative rock,spanish psychedelic rock,#DCB250,#DBC064,spanishpsychedelicrock
169,rock,alternative rock,st petersburg fl indie,#DCB250,#DEBC50,stpetersburgflindie
170,rock,alternative rock,stl indie,#DCB250,#DCBA68,stlindie
171,rock,alternative rock,straight edge,#DCB250,#DAB74F,straightedge
172,rock,alternative rock,svensk indie,#DCB250,#DFA749,svenskindie
173,rock,alternative rock,swedish psychedelic rock,#DCB250,#D7A849,swedishpsychedelicrock
174,rock,alternative rock,swedish stoner rock,#DCB250,#DDB73F,swedishstonerrock
175,rock,alternative rock,tape club,#DCB250,#E3B066,tapeclub
176,rock,alternative rock,thai post-rock,#DCB250,#DCB93D,thaipostrock
177,rock,alternative rock,toronto indie,#DCB250,#DBA03D,torontoindie
178,rock,alternative rock,triangle indie,#DCB250,#D7B538,triangleindie
179,rock,alternative rock,trondheim indie,#DCB250,#D5B249,trondheimindie
180,rock,alternative rock,twee pop,#DCB250,#D6B94B,tweepop
181,rock,alternative rock,uk beatdown,#DCB250,#E1A950,ukbeatdown
182,rock,alternative rock,uk stoner rock,#DCB250,#DBB660,ukstonerrock
183,rock,alternative rock,umea hardcore,#DCB250,#DA983D,umeahardcore
184,rock,alternative rock,underground grunge,#DCB250,#D5B53D,undergroundgrunge
185,rock,alternative rock,utah indie,#DCB250,#D6B44A,utahindie
186,rock,alternative rock,utopian virtual,#DCB250,#D6B04C,utopianvirtual
187,rock,alternative rock,vancouver indie,#DCB250,#DBA149,vancouverindie
188,rock,alternative rock,video game music,#DCB250,#E0A851,videogamemusic
189,rock,alternative rock,welsh indie,#DCB250,#D5953B,welshindie
190,rock,alternative rock,wyoming indie,#DCB250,#DFC860,wyomingindie
191,electronic music,ambient,ambient country,#FF227A,#FD137F,ambientcountry
192,electronic music,ambient,ambient folk,#FF227A,#FF3383,ambientfolk
193,electronic music,ambient,ambient guitar,#FF227A,#FC2E6E,ambientguitar
194,electronic music,ambient,ambient industrial,#FF227A,#FF3C69,ambientindustrial
195,electronic music,ambient,ambient lo-fi,#FF227A,#FD0979,ambientlofi
196,electronic music,ambient,ambient post-rock,#FF227A,#FF1C67,ambientpostrock
197,electronic music,ambient,ambient synth,#FF227A,#FF3093,ambientsynth
198,electronic music,ambient,ambient techno,#FF227A,#FD448B,ambienttechno
199,electronic music,ambient,ambient worship,#FF227A,#FF0D4B,ambientworship
200,electronic music,ambient,argentine ambient,#FF227A,#FC47A1,argentineambient
201,electronic music,ambient,australian ambient,#FF227A,#FE4378,australianambient
202,electronic music,ambient,compositional ambient,#FF227A,#FF3D8B,compositionalambient
203,electronic music,ambient,dark ambient,#FF227A,#FB1F69,darkambient
204,electronic music,ambient,deep ambient,#FF227A,#FF3F6E,deepambient
205,electronic music,ambient,drone ambient,#FF227A,#FD0D6D,droneambient
206,electronic music,ambient,experimental ambient,#FF227A,#FC1455,experimentalambient
207,electronic music,ambient,nordic ambient,#FF227A,#FF3C86,nordicambient
208,electronic music,ambient,organic ambient,#FF227A,#FF3199,organicambient
209,electronic music,ambient,ritual ambient,#FF227A,#FF0A51,ritualambient
210,electronic music,american classical piano,latin american classical piano,#FF227A,#D50255,latinamericanclassicalpiano
211,heavy / experimental,argentine metal,argentine heavy metal,#D0802F,#CF9743,argentineheavymetal
212,electronic music,baroque ensemble,italian baroque ensemble,#FF227A,#FF0560,italianbaroqueensemble
213,rhythm music,bedroom pop,japanese bedroom pop,#66CC99,#8FD8B5,japanesebedroompop
214,heavy / experimental,black metal,atmospheric black metal,#D0802F,#CD8646,atmosphericblackmetal
215,heavy / experimental,black metal,australian black metal,#D0802F,#CE873D,australianblackmetal
216,heavy / experimental,black metal,austrian black metal,#D0802F,#B86F28,austrianblackmetal
217,heavy / experimental,black metal,autonomous black metal,#D0802F,#C4792D,autonomousblackmetal
218,heavy / experimental,black metal,avant-garde black metal,#D0802F,#D0A330,avantgardeblackmetal
219,heavy / experimental,black metal,baltic black metal,#D0802F,#D19D49,balticblackmetal
220,heavy / experimental,black metal,belgian black metal,#D0802F,#D3983F,belgianblackmetal
221,heavy / experimental,black metal,black metal argentino,#D0802F,#CB9437,blackmetalargentino
222,heavy / experimental,black metal,brazilian black metal,#D0802F,#CF8030,brazilianblackmetal
223,heavy / experimental,black metal,british black metal,#D0802F,#B8742B,britishblackmetal
224,heavy / experimental,black metal,canadian black metal,#D0802F,#CE8D4B,canadianblackmetal
225,heavy / experimental,black metal,chinese black metal,#D0802F,#CA8D3D,chineseblackmetal
226,heavy / experimental,black metal,cosmic black metal,#D0802F,#D2B041,cosmicblackmetal
227,heavy / experimental,black metal,cryptic black metal,#D0802F,#D29537,crypticblackmetal
228,heavy / experimental,black metal,czsk black metal,#D0802F,#CD7B2E,czskblackmetal
229,heavy / experimental,black metal,danish black metal,#D0802F,#B68430,danishblackmetal
230,heavy / experimental,black metal,dark black metal,#D0802F,#D2822D,darkblackmetal
231,heavy / experimental,black metal,dutch black metal,#D0802F,#AC752C,dutchblackmetal
232,heavy / experimental,black metal,emotional black metal,#D0802F,#D29945,emotionalblackmetal
233,heavy / experimental,black metal,epic black metal,#D0802F,#A8812E,epicblackmetal
234,heavy / experimental,black metal,finnish black metal,#D0802F,#D2A53D,finnishblackmetal
235,heavy / experimental,black metal,folk black metal,#D0802F,#D0A332,folkblackmetal
236,heavy / experimental,black metal,french black metal,#D0802F,#CD962F,frenchblackmetal
237,heavy / experimental,black metal,german black metal,#D0802F,#CF812F,germanblackmetal
238,heavy / experimental,black metal,gothic black metal,#D0802F,#D08D37,gothicblackmetal
239,heavy / experimental,black metal,greek black metal,#D0802F,#BB7533,greekblackmetal
240,heavy / experimental,black metal,hungarian black metal,#D0802F,#D08D4A,hungarianblackmetal
241,heavy / experimental,black metal,icelandic black metal,#D0802F,#B7772F,icelandicblackmetal
242,heavy / experimental,black metal,indonesian black metal,#D0802F,#C29B32,indonesianblackmetal
243,heavy / experimental,black metal,industrial black metal,#D0802F,#D09E2F,industrialblackmetal
244,heavy / experimental,black metal,instrumental black metal,#D0802F,#AD792F,instrumentalblackmetal
245,heavy / experimental,black metal,irish black metal,#D0802F,#CF9731,irishblackmetal
246,heavy / experimental,black metal,italian black metal,#D0802F,#C58C2F,italianblackmetal
247,heavy / experimental,black metal,japanese black metal,#D0802F,#D19346,japaneseblackmetal
248,heavy / experimental,black metal,medieval black metal,#D0802F,#D09845,medievalblackmetal
249,heavy / experimental,black metal,melodic black metal,#D0802F,#B87433,melodicblackmetal
250,heavy / experimental,black metal,native american black metal,#D0802F,#CFA633,nativeamericanblackmetal
251,heavy / experimental,black metal,norwegian black metal,#D0802F,#D29738,norwegianblackmetal
252,heavy / experimental,black metal,occult black metal,#D0802F,#CE994C,occultblackmetal
253,heavy / experimental,black metal,pagan black metal,#D0802F,#C29335,paganblackmetal
254,heavy / experimental,black metal,polish black metal,#D0802F,#CD9D34,polishblackmetal
255,heavy / experimental,black metal,portuguese black metal,#D0802F,#CAA332,portugueseblackmetal
256,heavy / experimental,black metal,progressive black metal,#D0802F,#D49039,progressiveblackmetal
257,heavy / experimental,black metal,raw black metal,#D0802F,#C6802E,rawblackmetal
258,heavy / experimental,black metal,romanian black metal,#D0802F,#D38C46,romanianblackmetal
259,heavy / experimental,black metal,russian black metal,#D0802F,#CB9D35,russianblackmetal
260,heavy / experimental,black metal,spanish black metal,#D0802F,#C57F2D,spanishblackmetal
261,heavy / experimental,black metal,swedish black metal,#D0802F,#D19B40,swedishblackmetal
262,heavy / experimental,black metal,swiss black metal,#D0802F,#CDA43F,swissblackmetal
263,heavy / experimental,black metal,symphonic black metal,#D0802F,#D1A134,symphonicblackmetal
264,heavy / experimental,black metal,turkish black metal,#D0802F,#AB892D,turkishblackmetal
265,heavy / experimental,black metal,ukrainian black metal,#D0802F,#CD843F,ukrainianblackmetal
266,heavy / experimental,black metal,viking black metal,#D0802F,#CE8433,vikingblackmetal
267,rhythm music,blues,(electric) texas blues,#4364B3,#3F65A2,electrictexasblues
268,rhythm music,blues,acoustic blues,#4364B3,#3B53A8,acousticblues
269,rhythm music,blues,afro-cuban percussion,#4364B3,#395BA1,afrocubanpercussion
270,rhythm music,blues,bahamian folk,#4364B3,#4767B3,bahamianfolk
271,rhythm music,blues,ballet class,#4364B3,#415BB6,balletclass
272,rhythm music,blues,beat poetry,#4364B3,#4169A7,beatpoetry
273,rhythm music,blues,bgm,#4364B3,#4563B6,bgm
274,rhythm music,blues,black comedy,#4364B3,#436BB7,blackcomedy
275,rhythm music,blues,boogie woogie / piano blues,#4364B3,#476DB4,boogiewoogiepianoblues
276,rhythm music,blues,boogie-woogie,#4364B3,#557EBA,boogiewoogie
277,rhythm music,blues,bornehistorier,#4364B3,#5376BC,bornehistorier
278,rhythm music,blues,british blues & blues rock,#4364B3,#4677BE,britishblues&bluesrock
279,rhythm music,blues,british comedy,#4364B3,#4265BC,britishcomedy
280,rhythm music,blues,canadian comedy,#4364B3,#3D5DA7,canadiancomedy
281,rhythm music,blues,chanson humoristique,#4364B3,#3D579C,chansonhumoristique
282,rhythm music,blues,chicago / city / urban blues,#4364B3,#5075B8,chicagocityurbanblues
283,rhythm music,blues,chicago blues,#4364B3,#4154AD,chicagoblues
284,rhythm music,blues,chill guitar,#4364B3,#5771BC,chillguitar
285,rhythm music,blues,choro contemporaneo,#4364B3,#3A61A6,chorocontemporaneo
286,rhythm music,blues,classical mandolin,#4364B3,#415BAF,classicalmandolin
287,rhythm music,blues,clean comedy,#4364B3,#4559B2,cleancomedy
288,rhythm music,blues,cocuk masallari,#4364B3,#455BBC,cocukmasallari
289,rhythm music,blues,comedia,#4364B3,#526DBF,comedia
290,rhythm music,blues,comedienne,#4364B3,#40569D,comedienne
291,rhythm music,blues,concertina,#4364B3,#4A60B4,concertina
292,rhythm music,blues,country / folk blues,#4364B3,#3C4EA2,countryfolkblues
293,rhythm music,blues,country boogie,#4364B3,#3C5AA5,countryboogie
294,rhythm music,blues,cuban rumba,#4364B3,#436BAD,cubanrumba
295,rhythm music,blues,deep comedy,#4364B3,#4961BA,deepcomedy
296,rhythm music,blues,delta blues,#4364B3,#4872BF,deltablues
297,rhythm music,blues,detskie rasskazy,#4364B3,#4061BB,detskierasskazy
298,rhythm music,blues,dombra,#4364B3,#4C6DBB,dombra
299,rhythm music,blues,fingerstyle,#4364B3,#4256AF,fingerstyle
300,rhythm music,blues,flamenco guitar,#4364B3,#3C569E,flamencoguitar
301,rhythm music,blues,folklore cuyano,#4364B3,#3B55AA,folklorecuyano
302,rhythm music,blues,folklore uruguayo,#4364B3,#4678C0,folkloreuruguayo
303,rhythm music,blues,french jazz,#4364B3,#4C6BC1,frenchjazz
304,rhythm music,blues,gayageum,#4364B3,#4266B5,gayageum
305,rhythm music,blues,guitarra andina,#4364B3,#5572BA,guitarraandina
306,rhythm music,blues,gypsy jazz,#4364B3,#4C7CC2,gypsyjazz
307,rhythm music,blues,haitian traditional,#4364B3,#4E77BE,haitiantraditional
308,rhythm music,blues,hill country & trance blues,#4364B3,#4E72B7,hillcountry&tranceblues
309,rhythm music,blues,jazz flute,#4364B3,#4E76BD,jazzflute
310,rhythm music,blues,jazz guitar,#4364B3,#3C61B0,jazzguitar
311,rhythm music,blues,jazz puertorriqueno,#4364B3,#557FBA,jazzpuertorriqueno
312,rhythm music,blues,jump blues,#4364B3,#3C5EA0,jumpblues
313,rhythm music,blues,kenyan traditional,#4364B3,#4675BB,kenyantraditional
314,rhythm music,blues,latin jazz,#4364B3,#4A68B7,latinjazz
315,rhythm music,blues,louisiana / swamp blues,#4364B3,#3D68AC,louisianaswampblues
316,rhythm music,blues,mambo,#4364B3,#4361A7,mambo
317,rhythm music,blues,memphis blues,#4364B3,#3E5E9F,memphisblues
318,rhythm music,blues,mluvene slovo,#4364B3,#394DA1,mluveneslovo
319,rhythm music,blues,modern swing,#4364B3,#3E5DA1,modernswing
320,rhythm music,blues,musica llanera,#4364B3,#425CAE,musicallanera
321,rhythm music,blues,musica nublensina,#4364B3,#3F6DAD,musicanublensina
322,rhythm music,blues,musica tradicional cubana,#4364B3,#4369AD,musicatradicionalcubana
323,rhythm music,blues,new comedy,#4364B3,#3F63AE,newcomedy
324,rhythm music,blues,oratory,#4364B3,#4058AE,oratory
325,rhythm music,blues,pansori,#4364B3,#496CC0,pansori
326,rhythm music,blues,piano blues,#4364B3,#3F57B1,pianoblues
327,rhythm music,blues,prank,#4364B3,#4774BA,prank
328,rhythm music,blues,pune indie,#4364B3,#405FAF,puneindie
329,rhythm music,blues,rakugo,#4364B3,#425FAE,rakugo
330,rhythm music,blues,rwandan traditional,#4364B3,#4169BE,rwandantraditional
331,rhythm music,blues,son cubano,#4364B3,#485FB9,soncubano
332,rhythm music,blues,soul blues (southern soul ii),#4364B3,#4F66C1,soulbluessouthernsoulii
333,rhythm music,blues,stubenmusik,#4364B3,#405BB0,stubenmusik
334,rhythm music,blues,swing italiano,#4364B3,#4356AE,swingitaliano
335,rhythm music,blues,tanzlmusi,#4364B3,#3C52A2,tanzlmusi
336,rhythm music,blues,texas blues,#4364B3,#4864C1,texasblues
337,rhythm music,blues,texas blues rock & modern electric,#4364B3,#3D539C,texasbluesrock&modernelectric
338,rhythm music,blues,traditional blues,#4364B3,#4A76BC,traditionalblues
339,rhythm music,blues,trio cubano,#4364B3,#4D71BA,triocubano
340,rhythm music,blues,ugandan traditional,#4364B3,#4D64B9,ugandantraditional
341,rhythm music,blues,vaudeville / classic blues,#4364B3,#4067B6,vaudevilleclassicblues
342,rhythm music,blues,vintage swing,#4364B3,#3D559F,vintageswing
343,rhythm music,blues,vintage western,#4364B3,#465CAC,vintagewestern
344,rhythm music,blues,washboard,#4364B3,#456DB3,washboard
345,rhythm music,blues,west coast blues,#4364B3,#4159A0,westcoastblues
346,rhythm music,blues,zamba,#4364B3,#4E74BF,zamba
347,heavy / experimental,brazilian metal,brazilian heavy metal,#D0802F,#C1792A,brazilianheavymetal
348,electronic music,breakbeat,acid idm,#D52633,#D93E4C,acididm
349,electronic music,breakbeat,alternative dance,#D52633,#C31E2E,alternativedance
350,electronic music,breakbeat,arab electronic,#D52633,#D93A4B,arabelectronic
351,electronic music,breakbeat,australian dance,#D52633,#DF3445,australiandance
352,electronic music,breakbeat,bass music,#D52633,#BD2020,bassmusic
353,electronic music,breakbeat,bassline,#D52633,#D7304A,bassline
354,electronic music,breakbeat,bassline & uk funky,#D52633,#D8373A,bassline&ukfunky
355,electronic music,breakbeat,beach house,#D52633,#D62D38,beachhouse
356,electronic music,breakbeat,belgian dnb,#D52633,#D72E4C,belgiandnb
357,electronic music,breakbeat,big beat,#D52633,#C82633,bigbeat
358,electronic music,breakbeat,bleep techno,#D52633,#DD2C25,bleeptechno
359,electronic music,breakbeat,bolobedu house,#D52633,#DD2B3A,bolobeduhouse
360,electronic music,breakbeat,breakbeat garage & grime,#D52633,#CA2632,breakbeatgarage&grime
361,electronic music,breakbeat,breaks,#D52633,#D1293A,breaks
362,electronic music,breakbeat,brit funk,#D52633,#D92138,britfunk
363,electronic music,breakbeat,britcore,#D52633,#DE2429,britcore
364,electronic music,breakbeat,broken beats,#D52633,#D83844,brokenbeats
365,electronic music,breakbeat,bubble trance,#D52633,#D22A42,bubbletrance
366,electronic music,breakbeat,bulgarian pop,#D52633,#BF2320,bulgarianpop
367,electronic music,breakbeat,chemical breaks & big beat,#D52633,#D73032,chemicalbreaks&bigbeat
368,electronic music,breakbeat,chill beats,#D52633,#D22237,chillbeats
369,electronic music,breakbeat,chill lounge,#D52633,#DF3A4A,chilllounge
370,electronic music,breakbeat,chinese manyao,#D52633,#C52338,chinesemanyao
371,electronic music,breakbeat,chinese reggae,#D52633,#D72E2E,chinesereggae
372,electronic music,breakbeat,cinematic dubstep,#D52633,#C32425,cinematicdubstep
373,electronic music,breakbeat,classic k-pop,#D52633,#DE3036,classickpop
374,electronic music,breakbeat,contemporary r&b,#D52633,#D22D26,contemporaryr&b
375,electronic music,breakbeat,country rap,#D52633,#D02620,countryrap
376,electronic music,breakbeat,covertrance,#D52633,#C0263A,covertrance
377,electronic music,breakbeat,danish techno,#D52633,#CE2B33,danishtechno
378,electronic music,breakbeat,dark trap,#D52633,#D32339,darktrap
379,electronic music,breakbeat,darkstep,#D52633,#C32223,darkstep
380,electronic music,breakbeat,deep chill,#D52633,#DE3A3C,deepchill
381,electronic music,breakbeat,deep chill-out,#D52633,#C3252F,deepchillout
382,electronic music,breakbeat,deep discofox,#D52633,#DA343F,deepdiscofox
383,electronic music,breakbeat,deep dubstep,#D52633,#DA3A48,deepdubstep
384,electronic music,breakbeat,deep groove house,#D52633,#DD3A4C,deepgroovehouse
385,electronic music,breakbeat,deep pop edm,#D52633,#DE2937,deeppopedm
386,electronic music,breakbeat,deep turkish pop,#D52633,#C32924,deepturkishpop
387,electronic music,breakbeat,destroy techno,#D52633,#D62A29,destroytechno
388,electronic music,breakbeat,discofox,#D52633,#D93040,discofox
389,electronic music,breakbeat,downtempo bass,#D52633,#D92323,downtempobass
390,electronic music,breakbeat,dubstep product,#D52633,#C12827,dubstepproduct
391,electronic music,breakbeat,dubsteppe,#D52633,#CF2A22,dubsteppe
392,electronic music,breakbeat,dutch edm,#D52633,#DA2F34,dutchedm
393,electronic music,breakbeat,dutch experimental electronic,#D52633,#DA2D3A,dutchexperimentalelectronic
394,electronic music,breakbeat,dutch house,#D52633,#DA374C,dutchhouse
395,electronic music,breakbeat,edm trap / trapstep,#D52633,#C02745,edmtraptrapstep
396,electronic music,breakbeat,electra,#D52633,#D73C45,electra
397,electronic music,breakbeat,electro,#D52633,#D7373B,electro
398,electronic music,breakbeat,electro house,#D52633,#CC243D,electrohouse
399,electronic music,breakbeat,electro jazz,#D52633,#DD304C,electrojazz
400,electronic music,breakbeat,eletronica underground brasileira,#D52633,#C21D2A,eletronicaundergroundbrasileira
401,electronic music,breakbeat,euskal reggae,#D52633,#DB3639,euskalreggae
402,electronic music,breakbeat,experimental bass,#D52633,#D83835,experimentalbass
403,electronic music,breakbeat,experimental club,#D52633,#E03B37,experimentalclub
404,electronic music,breakbeat,experimental dub,#D52633,#D7282C,experimentaldub
405,electronic music,breakbeat,experimental house,#D52633,#C4222C,experimentalhouse
406,electronic music,breakbeat,fidget house,#D52633,#DE3540,fidgethouse
407,electronic music,breakbeat,finnish dance pop,#D52633,#DB2735,finnishdancepop
408,electronic music,breakbeat,finnish techno,#D52633,#DD2E37,finnishtechno
409,electronic music,breakbeat,float house,#D52633,#DA2F36,floathouse
410,electronic music,breakbeat,florida breaks,#D52633,#D82D44,floridabreaks
411,electronic music,breakbeat,freestyle & breakdance,#D52633,#D42749,freestyle&breakdance
412,electronic music,breakbeat,funk mexicano,#D52633,#D72B2A,funkmexicano
413,electronic music,breakbeat,georgian electronic,#D52633,#C9232E,georgianelectronic
414,electronic music,breakbeat,german dnb,#D52633,#D92B2B,germandnb
415,electronic music,breakbeat,german electronica,#D52633,#CC2832,germanelectronica
416,electronic music,breakbeat,g-house,#D52633,#D22644,ghouse
417,electronic music,breakbeat,glitch hop,#D52633,#BA2636,glitchhop
418,electronic music,breakbeat,grimewave,#D52633,#D82D38,grimewave
419,electronic music,breakbeat,halftime dnb,#D52633,#DC2A38,halftimednb
420,electronic music,breakbeat,hamburg electronic,#D52633,#DD2A29,hamburgelectronic
421,electronic music,breakbeat,indonesian ska,#D52633,#C72233,indonesianska
422,electronic music,breakbeat,indonesian trap,#D52633,#BE2524,indonesiantrap
423,electronic music,breakbeat,irish electronic,#D52633,#DA2430,irishelectronic
424,electronic music,breakbeat,italian electronica,#D52633,#CA242A,italianelectronica
425,electronic music,breakbeat,italo beats,#D52633,#D7313B,italobeats
426,electronic music,breakbeat,italo house,#D52633,#DD3742,italohouse
427,electronic music,breakbeat,japanese electronic,#D52633,#DA3A4F,japaneseelectronic
428,electronic music,breakbeat,japanese house,#D52633,#D32B46,japanesehouse
429,electronic music,breakbeat,japanese techno,#D52633,#D62922,japanesetechno
430,electronic music,breakbeat,japanese trap,#D52633,#C82327,japanesetrap
431,electronic music,breakbeat,kavkaz,#D52633,#CE223D,kavkaz
432,electronic music,breakbeat,kazakh pop,#D52633,#DC364D,kazakhpop
433,electronic music,breakbeat,klubowe,#D52633,#DB3652,klubowe
434,electronic music,breakbeat,korean hyperpop,#D52633,#DA342F,koreanhyperpop
435,electronic music,breakbeat,kyrgyz pop,#D52633,#D83E50,kyrgyzpop
436,electronic music,breakbeat,latin house,#D52633,#D63946,latinhouse
437,electronic music,breakbeat,latin viral pop,#D52633,#CD2233,latinviralpop
438,electronic music,breakbeat,latvian electronic,#D52633,#DB3C54,latvianelectronic
439,electronic music,breakbeat,lithuanian edm,#D52633,#C01F2D,lithuanianedm
440,electronic music,breakbeat,lithuanian electronic,#D52633,#C62032,lithuanianelectronic
441,electronic music,breakbeat,lithuanian pop,#D52633,#DB3B38,lithuanianpop
442,electronic music,breakbeat,marathi remix,#D52633,#D62623,marathiremix
443,electronic music,breakbeat,mashup,#D52633,#DD3647,mashup
444,electronic music,breakbeat,mestissatge,#D52633,#DC3136,mestissatge
445,electronic music,breakbeat,mewati pop,#D52633,#BA2437,mewatipop
446,electronic music,breakbeat,mexican edm,#D52633,#C1272A,mexicanedm
447,electronic music,breakbeat,minimal dubstep,#D52633,#DB2737,minimaldubstep
448,electronic music,breakbeat,musica andorra,#D52633,#DA313B,musicaandorra
449,electronic music,breakbeat,musica quintanarroense,#D52633,#DB3C3D,musicaquintanarroense
450,electronic music,breakbeat,new jack swing,#D52633,#DD3742,newjackswing
451,electronic music,breakbeat,new rave,#D52633,#CE243D,newrave
452,electronic music,breakbeat,nordic house,#D52633,#C51E24,nordichouse
453,electronic music,breakbeat,norwegian house,#D52633,#D7343F,norwegianhouse
454,electronic music,breakbeat,norwegian space disco,#D52633,#C01F3A,norwegianspacedisco
455,electronic music,breakbeat,norwegian techno,#D52633,#DE2735,norwegiantechno
456,electronic music,breakbeat,nu skool breaks,#D52633,#D42930,nuskoolbreaks
457,electronic music,breakbeat,old school bassline,#D52633,#DD3240,oldschoolbassline
458,electronic music,breakbeat,partyschlager,#D52633,#DE2F4E,partyschlager
459,electronic music,breakbeat,pinoy idol pop,#D52633,#DA3735,pinoyidolpop
460,electronic music,breakbeat,png pop,#D52633,#D33029,pngpop
461,electronic music,breakbeat,polish reggae,#D52633,#DB3E55,polishreggae
462,electronic music,breakbeat,proto-techno,#D52633,#C21E36,prototechno
463,electronic music,breakbeat,rage rap,#D52633,#C3253A,ragerap
464,electronic music,breakbeat,ragga jungle,#D52633,#C32730,raggajungle
465,electronic music,breakbeat,rasiya,#D52633,#C52741,rasiya
466,electronic music,breakbeat,redneck,#D52633,#D02126,redneck
467,electronic music,breakbeat,reggae boliviano,#D52633,#D6393D,reggaeboliviano
468,electronic music,breakbeat,riddim dubstep,#D52633,#DE3548,riddimdubstep
469,electronic music,breakbeat,russian dance,#D52633,#DC3B40,russiandance
470,electronic music,breakbeat,russian emo rap,#D52633,#BF233D,russianemorap
471,electronic music,breakbeat,russian viral pop,#D52633,#D92547,russianviralpop
472,electronic music,breakbeat,ruta destroy,#D52633,#D12A2C,rutadestroy
473,electronic music,breakbeat,sambass,#D52633,#C12A24,sambass
474,electronic music,breakbeat,scottish electronic,#D52633,#C0211F,scottishelectronic
475,electronic music,breakbeat,ska chileno,#D52633,#DE2F49,skachileno
476,electronic music,breakbeat,slap house,#D52633,#C42221,slaphouse
477,electronic music,breakbeat,slovak electronic,#D52633,#D73347,slovakelectronic
478,electronic music,breakbeat,slovenian electronic,#D52633,#DC2745,slovenianelectronic
479,electronic music,breakbeat,somatik techno,#D52633,#C22845,somatiktechno
480,electronic music,breakbeat,south african pop,#D52633,#D12241,southafricanpop
481,electronic music,breakbeat,south african techno,#D52633,#DF3649,southafricantechno
482,electronic music,breakbeat,soviet synthpop,#D52633,#D6363A,sovietsynthpop
483,electronic music,breakbeat,spanish synthpop,#D52633,#DE2542,spanishsynthpop
484,electronic music,breakbeat,sped up,#D52633,#D0263D,spedup
485,electronic music,breakbeat,speed garage,#D52633,#BC2722,speedgarage
486,electronic music,breakbeat,suomisaundi,#D52633,#BD2231,suomisaundi
487,electronic music,breakbeat,super eurobeat,#D52633,#DD2B36,supereurobeat
488,electronic music,breakbeat,swedish ebm,#D52633,#D63035,swedishebm
489,electronic music,breakbeat,swedish tropical house,#D52633,#CC2731,swedishtropicalhouse
490,electronic music,breakbeat,techno rave,#D52633,#D52B38,technorave
491,electronic music,breakbeat,tekno,#D52633,#DC3434,tekno
492,electronic music,breakbeat,trance brasileiro,#D52633,#D32441,trancebrasileiro
493,electronic music,breakbeat,trip hop,#D52633,#C4282C,triphop
494,electronic music,breakbeat,turkce remix,#D52633,#CE2336,turkceremix
495,electronic music,breakbeat,turkish electronic,#D52633,#D7393E,turkishelectronic
496,electronic music,breakbeat,turkish reggae,#D52633,#C7283A,turkishreggae
497,electronic music,breakbeat,uk dnb,#D52633,#D42831,ukdnb
498,electronic music,breakbeat,uk funky,#D52633,#C22B27,ukfunky
499,electronic music,breakbeat,uk garage,#D52633,#D4252B,ukgarage
500,electronic music,breakbeat,uk garage (2-step & speed),#D52633,#BF2342,ukgarage2step&speed
501,electronic music,breakbeat,ukrainian folk pop,#D52633,#D92A4C,ukrainianfolkpop
502,electronic music,breaks,funky breaks,#D52633,#CA2A2F,funkybreaks
503,electronic music,breaks,hardcore breaks,#D52633,#C02627,hardcorebreaks
504,rhythm music,breton folk,cape breton folk,#4364B3,#5971B8,capebretonfolk
505,rhythm music,british folk,traditional british folk,#66CC99,#47C976,traditionalbritishfolk
506,heavy / experimental,brutal death metal,technical brutal death metal,#D0802F,#934426,technicalbrutaldeathmetal
507,pop,children's music,australian children's music,#FFEB91,#F9EB91,australianchildren'smusic
508,pop,children's music,british children's music,#FFEB91,#FAE7A8,britishchildren'smusic
509,pop,children's music,canadian children's music,#FFEB91,#FAECA8,canadianchildren'smusic
510,pop,children's music,nz children's music,#FFEB91,#FAE4A8,nzchildren'smusic
511,pop,children's music,preschool children's music,#FFEB91,#F9E98F,preschoolchildren'smusic
512,heavy / experimental,christian rock,christian hard rock,#D0802F,#D28336,christianhardrock
513,pop,city pop,indonesian city pop,#FFEB91,#FBCF7E,indonesiancitypop
514,rock,classic garage rock,deep classic garage rock,#DCB250,#E5D569,deepclassicgaragerock
515,rock,classic rock,classic garage rock,#DCB250,#DDD051,classicgaragerock
516,rock,classic rock,mexican classic rock,#DCB250,#DDBB60,mexicanclassicrock
517,rhythm music,classical guitar,classical guitar duo,#4364B3,#344399,classicalguitarduo
518,rhythm music,classical guitar,classical guitar quartet,#4364B3,#39579A,classicalguitarquartet
519,rhythm music,classical guitar,italian classical guitar,#4364B3,#4553BB,italianclassicalguitar
520,electronic music,classical performance,chinese classical performance,#FF227A,#FF0A6F,chineseclassicalperformance
521,electronic music,classical performance,hungarian classical performance,#FF227A,#F3003D,hungarianclassicalperformance
522,electronic music,classical performance,japanese classical performance,#FF227A,#F3055F,japaneseclassicalperformance
523,electronic music,classical performance,korean classical performance,#FF227A,#FF034D,koreanclassicalperformance
524,electronic music,classical performance,taiwan classical performance,#FF227A,#FD024A,taiwanclassicalperformance
525,electronic music,classical performance,turkish classical performance,#FF227A,#F70071,turkishclassicalperformance
526,electronic music,classical piano,american classical piano,#FF227A,#F8043D,americanclassicalpiano
527,electronic music,classical piano,australian classical piano,#FF227A,#FB0277,australianclassicalpiano
528,electronic music,classical piano,austrian classical piano,#FF227A,#FF0E68,austrianclassicalpiano
529,electronic music,classical piano,balkan classical piano,#FF227A,#FE2C60,balkanclassicalpiano
530,electronic music,classical piano,baltic classical piano,#FF227A,#FF1162,balticclassicalpiano
531,electronic music,classical piano,belgian classical piano,#FF227A,#FF0487,belgianclassicalpiano
532,electronic music,classical piano,british classical piano,#FF227A,#FF2988,britishclassicalpiano
533,electronic music,classical piano,canadian classical piano,#FF227A,#FC2960,canadianclassicalpiano
534,electronic music,classical piano,caucasian classical piano,#FF227A,#FF097A,caucasianclassicalpiano
535,electronic music,classical piano,chinese classical piano,#FF227A,#FF0F59,chineseclassicalpiano
536,electronic music,classical piano,classical piano quartet,#FF227A,#FD388B,classicalpianoquartet
537,electronic music,classical piano,classical piano trio,#FF227A,#F7016A,classicalpianotrio
538,electronic music,classical piano,contemporary classical piano,#FF227A,#FD2B71,contemporaryclassicalpiano
539,electronic music,classical piano,czech classical piano,#FF227A,#FF0658,czechclassicalpiano
540,electronic music,classical piano,dutch classical piano,#FF227A,#FF2362,dutchclassicalpiano
541,electronic music,classical piano,french classical piano,#FF227A,#FF1C55,frenchclassicalpiano
542,electronic music,classical piano,hungarian classical piano,#FF227A,#FC215D,hungarianclassicalpiano
543,electronic music,classical piano,israeli classical piano,#FF227A,#FF1C66,israeliclassicalpiano
544,electronic music,classical piano,italian classical piano,#FF227A,#FA0047,italianclassicalpiano
545,electronic music,classical piano,japanese classical piano,#FF227A,#FF0A89,japaneseclassicalpiano
546,electronic music,classical piano,korean classical piano,#FF227A,#FF3080,koreanclassicalpiano
547,electronic music,classical piano,nordic classical piano,#FF227A,#FF297D,nordicclassicalpiano
548,electronic music,classical piano,polish classical piano,#FF227A,#FF005F,polishclassicalpiano
549,electronic music,classical piano,romanian classical piano,#FF227A,#FE0043,romanianclassicalpiano
550,electronic music,classical piano,russian classical piano,#FF227A,#FC278A,russianclassicalpiano
551,electronic music,classical piano,spanish classical piano,#FF227A,#FE0F79,spanishclassicalpiano
552,electronic music,classical piano,swiss classical piano,#FF227A,#FF1D8A,swissclassicalpiano
553,electronic music,classical piano,ukrainian classical piano,#FF227A,#FF115B,ukrainianclassicalpiano
554,electronic music,classical saxophone,classical saxophone quartet,#FF227A,#FF4189,classicalsaxophonequartet
555,electronic music,concert band,japanese concert band,#FF227A,#FF05A0,japaneseconcertband
556,electronic music,contemporary classical,american contemporary classical,#FF227A,#FA3391,americancontemporaryclassical
557,electronic music,contemporary classical,austrian contemporary classical,#FF227A,#FD2599,austriancontemporaryclassical
558,electronic music,contemporary classical,belgian contemporary classical,#FF227A,#FA015B,belgiancontemporaryclassical
559,electronic music,contemporary classical,brazilian contemporary classical,#FF227A,#F50864,braziliancontemporaryclassical
560,electronic music,contemporary classical,british contemporary classical,#FF227A,#FE1971,britishcontemporaryclassical
561,electronic music,contemporary classical,canadian contemporary classical,#FF227A,#F00248,canadiancontemporaryclassical
562,electronic music,contemporary classical,czech contemporary classical,#FF227A,#F1054A,czechcontemporaryclassical
563,electronic music,contemporary classical,danish contemporary classical,#FF227A,#F60570,danishcontemporaryclassical
564,electronic music,contemporary classical,dutch contemporary classical,#FF227A,#ED095D,dutchcontemporaryclassical
565,electronic music,contemporary classical,finnish contemporary classical,#FF227A,#FE1D68,finnishcontemporaryclassical
566,electronic music,contemporary classical,french contemporary classical,#FF227A,#F81A6B,frenchcontemporaryclassical
567,electronic music,contemporary classical,german contemporary classical,#FF227A,#E8034A,germancontemporaryclassical
568,electronic music,contemporary classical,greek contemporary classical,#FF227A,#F91E6C,greekcontemporaryclassical
569,electronic music,contemporary classical,hungarian contemporary classical,#FF227A,#F91676,hungariancontemporaryclassical
570,electronic music,contemporary classical,irish contemporary classical,#FF227A,#FD2B8C,irishcontemporaryclassical
571,electronic music,contemporary classical,italian contemporary classical,#FF227A,#E60549,italiancontemporaryclassical
572,electronic music,contemporary classical,japanese contemporary classical,#FF227A,#F93392,japanesecontemporaryclassical
573,electronic music,contemporary classical,korean contemporary classical,#FF227A,#FA2891,koreancontemporaryclassical
574,electronic music,contemporary classical,nordic contemporary classical,#FF227A,#FC2E9A,nordiccontemporaryclassical
575,electronic music,contemporary classical,polish contemporary classical,#FF227A,#FB1060,polishcontemporaryclassical
576,electronic music,contemporary classical,portuguese contemporary classical,#FF227A,#ED0278,portuguesecontemporaryclassical
577,electronic music,contemporary classical,romanian contemporary classical,#FF227A,#FA0680,romaniancontemporaryclassical
578,electronic music,contemporary classical,russian contemporary classical,#FF227A,#F1067E,russiancontemporaryclassical
579,electronic music,contemporary classical,spanish contemporary classical,#FF227A,#F80A8B,spanishcontemporaryclassical
580,electronic music,contemporary classical,swedish contemporary classical,#FF227A,#FA146F,swedishcontemporaryclassical
581,electronic music,contemporary classical,swiss contemporary classical,#FF227A,#F91E76,swisscontemporaryclassical
582,electronic music,contemporary classical,ukrainian contemporary classical,#FF227A,#F6004E,ukrainiancontemporaryclassical
583,rock,contemporary rock,albany ny indie,#DCB250,#DCA146,albanynyindie
584,rock,contemporary rock,anime,#DCB250,#E0A754,anime
585,rock,contemporary rock,anime cv,#DCB250,#E0AA54,animecv
586,rock,contemporary rock,ann arbor indie,#DCB250,#E3B061,annarborindie
587,rock,contemporary rock,balikpapan indie,#DCB250,#E2B553,balikpapanindie
588,rock,contemporary rock,baltic post-punk,#DCB250,#E1CA63,balticpostpunk
589,rock,contemporary rock,brazilian gospel,#DCB250,#DCBA39,braziliangospel
590,rock,contemporary rock,chicago indie,#DCB250,#DEC461,chicagoindie
591,rock,contemporary rock,chill dream pop,#DCB250,#DCAB48,chilldreampop
592,rock,contemporary rock,chinese experimental,#DCB250,#DCBE62,chineseexperimental
593,rock,contemporary rock,classic danish rock,#DCB250,#DAB350,classicdanishrock
594,rock,contemporary rock,comic metal,#DCB250,#DEB166,comicmetal
595,rock,contemporary rock,dance-punk & nu rave,#DCB250,#DBB85D,dancepunk&nurave
596,rock,contemporary rock,dansei seiyu,#DCB250,#DFAA4A,danseiseiyu
597,rock,contemporary rock,dansk lovsang,#DCB250,#DFAB61,dansklovsang
598,rock,contemporary rock,dark wave,#DCB250,#D7AF3E,darkwave
599,rock,contemporary rock,deep acoustic pop,#DCB250,#DCC45B,deepacousticpop
600,rock,contemporary rock,dicsoites,#DCB250,#E2C460,dicsoites
601,rock,contemporary rock,dortmund indie,#DCB250,#DFC450,dortmundindie
602,rock,contemporary rock,emo rock,#DCB250,#D6B13E,emorock
603,rock,contemporary rock,english indie rock,#DCB250,#E3C260,englishindierock
604,rock,contemporary rock,ethereal gothic,#DCB250,#DC9837,etherealgothic
605,rock,contemporary rock,experimental pop,#DCB250,#DDA453,experimentalpop
606,rock,contemporary rock,extratone,#DCB250,#DBB061,extratone
607,rock,contemporary rock,garage & post-punk revival / nu rawk,#DCB250,#DDB84A,garage&postpunkrevivalnurawk
608,rock,contemporary rock,german alternative rock,#DCB250,#DDBA61,germanalternativerock
609,rock,contemporary rock,german pop rock,#DCB250,#D8AD3E,germanpoprock
610,rock,contemporary rock,german punk rock,#DCB250,#D8A83F,germanpunkrock
611,rock,contemporary rock,glam rock,#DCB250,#E2B761,glamrock
612,rock,contemporary rock,glitchbreak,#DCB250,#DBB151,glitchbreak
613,rock,contemporary rock,gothic post-punk,#DCB250,#D79F4A,gothicpostpunk
614,rock,contemporary rock,gotico brasileiro,#DCB250,#E0A95F,goticobrasileiro
615,rock,contemporary rock,grand rapids indie,#DCB250,#DDB961,grandrapidsindie
616,rock,contemporary rock,grave wave,#DCB250,#DAA34A,gravewave
617,rock,contemporary rock,grebo,#DCB250,#DCAF5E,grebo
618,rock,contemporary rock,h,#DCB250,#DEAE62,h
619,rock,contemporary rock,hindi worship,#DCB250,#DDBB6A,hindiworship
620,rock,contemporary rock,hokkaido indie,#DCB250,#D7B64A,hokkaidoindie
621,rock,contemporary rock,hokkien pop,#DCB250,#DCA944,hokkienpop
622,rock,contemporary rock,hopebeat,#DCB250,#DA9837,hopebeat
623,rock,contemporary rock,hungarian punk,#DCB250,#DEAB5A,hungarianpunk
624,rock,contemporary rock,hungarian rock,#DCB250,#E1B758,hungarianrock
625,rock,contemporary rock,indiana indie,#DCB250,#D7A639,indianaindie
626,rock,contemporary rock,indie cristao,#DCB250,#D5AE40,indiecristao
627,rock,contemporary rock,indie folk & freakfolk,#DCB250,#DFB667,indiefolk&freakfolk
628,rock,contemporary rock,indie pop rock,#DCB250,#D5A242,indiepoprock
629,rock,contemporary rock,indie rock colombiano,#DCB250,#DDA757,indierockcolombiano
630,rock,contemporary rock,indie rock mexicano,#DCB250,#DCBA59,indierockmexicano
631,rock,contemporary rock,indietronica & chillwave,#DCB250,#D7A643,indietronica&chillwave
632,rock,contemporary rock,indonesian pop punk,#DCB250,#DBAA3C,indonesianpoppunk
633,rock,contemporary rock,indonesian thrash metal,#DCB250,#E1CB64,indonesianthrashmetal
634,rock,contemporary rock,japanese alternative rock,#DCB250,#DDA658,japanesealternativerock
635,rock,contemporary rock,japanese indie rock,#DCB250,#D5B043,japaneseindierock
636,rock,contemporary rock,j-pop,#DCB250,#E0C66A,jpop
637,rock,contemporary rock,j-poprock,#DCB250,#D7AC3C,jpoprock
638,rock,contemporary rock,louvores pentecostais,#DCB250,#DEB26A,louvorespentecostais
639,rock,contemporary rock,madchester,#DCB250,#DAAB4E,madchester
640,rock,contemporary rock,malaysian mandopop,#DCB250,#DDB363,malaysianmandopop
641,rock,contemporary rock,manitoba indie,#DCB250,#DBB45A,manitobaindie
642,rock,contemporary rock,medieval rock,#DCB250,#E3AE62,medievalrock
643,rock,contemporary rock,melodic dubstep,#DCB250,#DABB54,melodicdubstep
644,rock,contemporary rock,modern downshift,#DCB250,#DEBB57,moderndownshift
645,rock,contemporary rock,modern j-rock,#DCB250,#E2B262,modernjrock
646,rock,contemporary rock,modern rock,#DCB250,#DDBB4B,modernrock
647,rock,contemporary rock,modern uplift,#DCB250,#DDB658,modernuplift
648,rock,contemporary rock,narodna muzika,#DCB250,#DDAD4C,narodnamuzika
649,rock,contemporary rock,neon pop punk,#DCB250,#DCC353,neonpoppunk
650,rock,contemporary rock,neue deutsche todeskunst,#DCB250,#E2C258,neuedeutschetodeskunst
651,rock,contemporary rock,new / nu / post-prog,#DCB250,#DDB464,newnupostprog
652,rock,contemporary rock,new brunswick indie,#DCB250,#DDA449,newbrunswickindie
653,rock,contemporary rock,northamptonshire indie,#DCB250,#DDB561,northamptonshireindie
654,rock,contemporary rock,norwegian indie,#DCB250,#D9B84E,norwegianindie
655,rock,contemporary rock,post- britpop,#DCB250,#D8AF4C,postbritpop
656,rock,contemporary rock,post-punk brasileiro,#DCB250,#E0B468,postpunkbrasileiro
657,rock,contemporary rock,post-punk latinoamericano,#DCB250,#D4AD3F,postpunklatinoamericano
658,rock,contemporary rock,punk euskera,#DCB250,#D7BC4A,punkeuskera
659,rock,contemporary rock,punk urbano,#DCB250,#DAB95B,punkurbano
660,rock,contemporary rock,rap metal,#DCB250,#D7B83D,rapmetal
661,rock,contemporary rock,rochester mn indie,#DCB250,#DCA23D,rochestermnindie
662,rock,contemporary rock,rock gotico,#DCB250,#DDA23F,rockgotico
663,rock,contemporary rock,rva indie,#DCB250,#DB993E,rvaindie
664,rock,contemporary rock,scenecore,#DCB250,#E1CB63,scenecore
665,rock,contemporary rock,scottish indie rock,#DCB250,#DCA145,scottishindierock
666,rock,contemporary rock,sevilla indie,#DCB250,#DCAE3F,sevillaindie
667,rock,contemporary rock,shojo,#DCB250,#DBC157,shojo
668,rock,contemporary rock,socal pop punk,#DCB250,#DDBB53,socalpoppunk
669,rock,contemporary rock,south african rock,#DCB250,#D99E3D,southafricanrock
670,rock,contemporary rock,south carolina indie,#DCB250,#DBB451,southcarolinaindie
671,rock,contemporary rock,swedish alternative rock,#DCB250,#DEC35A,swedishalternativerock
672,rock,contemporary rock,synth punk,#DCB250,#DEB349,synthpunk
673,rock,contemporary rock,taiwan rock,#DCB250,#DDA440,taiwanrock
674,rock,contemporary rock,tamaulipas indie,#DCB250,#E0BB4E,tamaulipasindie
675,rock,contemporary rock,trot,#DCB250,#DFB846,trot
676,rock,contemporary rock,ukrainian post-punk,#DCB250,#DCC566,ukrainianpostpunk
677,rock,contemporary rock,warrington indie,#DCB250,#DEA84E,warringtonindie
678,rock,contemporary rock,wellington indie,#DCB250,#D7A849,wellingtonindie
679,rock,contemporary rock,witch house,#DCB250,#DFC765,witchhouse
680,rock,contemporary rock,yaoi,#DCB250,#D6A944,yaoi
681,country / folk,country,abstract idm,#BDCC66,#CBD171,abstractidm
682,country / folk,country,accordion,#BDCC66,#ADC45D,accordion
683,country / folk,country,acoustic punk,#BDCC66,#C4D375,acousticpunk
684,country / folk,country,afghan pop,#BDCC66,#AEC851,afghanpop
685,country / folk,country,african rock,#BDCC66,#C1CF6E,africanrock
686,country / folk,country,afrikaans folk,#BDCC66,#BBD063,afrikaansfolk
687,country / folk,country,ainu folk,#BDCC66,#BFC768,ainufolk
688,country / folk,country,akordeon,#BDCC66,#B4C761,akordeon
689,country / folk,country,albanian rock,#BDCC66,#C1D178,albanianrock
690,country / folk,country,alberta country,#BDCC66,#B8D066,albertacountry
691,country / folk,country,alpenpanorama,#BDCC66,#B8C654,alpenpanorama
692,country / folk,country,americana / alternative,#BDCC66,#CDD575,americanaalternative
693,country / folk,country,andean flute,#BDCC66,#AFCC5D,andeanflute
694,country / folk,country,anti-folk,#BDCC66,#C5D47A,antifolk
695,country / folk,country,argentine jazz,#BDCC66,#B6D16C,argentinejazz
696,country / folk,country,assamese pop,#BDCC66,#BFC65A,assamesepop
697,country / folk,country,australian alternative pop,#BDCC66,#B1C969,australianalternativepop
698,country / folk,country,australian blues,#BDCC66,#C4D679,australianblues
699,country / folk,country,australian comedy,#BDCC66,#B9CF66,australiancomedy
700,country / folk,country,australian indie,#BDCC66,#CAD16C,australianindie
701,country / folk,country,background jazz,#BDCC66,#C3CB52,backgroundjazz
702,country / folk,country,baiao,#BDCC66,#C7D371,baiao
703,country / folk,country,baja indie,#BDCC66,#B3CA5B,bajaindie
704,country / folk,country,bakersfield,#BDCC66,#C0CA64,bakersfield
705,country / folk,country,bakersfield sound,#BDCC66,#C5D070,bakersfieldsound
706,country / folk,country,ballroom,#BDCC66,#C5C94B,ballroom
707,country / folk,country,banda carnavalera,#BDCC66,#C0D17D,bandacarnavalera
708,country / folk,country,banda peruana,#BDCC66,#BCD07C,bandaperuana
709,country / folk,country,banda sinaloense,#BDCC66,#BED06A,bandasinaloense
710,country / folk,country,bandolim,#BDCC66,#D0D377,bandolim
711,country / folk,country,bangladeshi rock,#BDCC66,#BECC70,bangladeshirock
712,country / folk,country,bard,#BDCC66,#AEC750,bard
713,country / folk,country,barnemusikk,#BDCC66,#B7CB6D,barnemusikk
714,country / folk,country,batak,#BDCC66,#BAD275,batak
715,country / folk,country,belarusian indie,#BDCC66,#C4C957,belarusianindie
716,country / folk,country,belarusian punk,#BDCC66,#C5C95B,belarusianpunk
717,country / folk,country,belarusian rock,#BDCC66,#C1C94E,belarusianrock
718,country / folk,country,bergamo indie,#BDCC66,#CED074,bergamoindie
719,country / folk,country,bergen indie,#BDCC66,#AFC358,bergenindie
720,country / folk,country,bluegrass,#BDCC66,#C3D36E,bluegrass
721,country / folk,country,bluegrass gospel,#BDCC66,#C7CB6F,bluegrassgospel
722,country / folk,country,bolero,#BDCC66,#BBD179,bolero
723,country / folk,country,bolivian rock,#BDCC66,#BED36C,bolivianrock
724,country / folk,country,borneo traditional,#BDCC66,#CBD476,borneotraditional
725,country / folk,country,bossa nova jazz,#BDCC66,#B7C45F,bossanovajazz
726,country / folk,country,brazilian jazz,#BDCC66,#CCCF73,brazilianjazz
727,country / folk,country,brazilian rock,#BDCC66,#ADCB57,brazilianrock
728,country / folk,country,bulgarian indie,#BDCC66,#B4CE67,bulgarianindie
729,country / folk,country,cajun,#BDCC66,#CCD07D,cajun
730,country / folk,country,canadian blues,#BDCC66,#BACB69,canadianblues
731,country / folk,country,cantautor,#BDCC66,#C1D36E,cantautor
732,country / folk,country,cantautora argentina,#BDCC66,#C3CB57,cantautoraargentina
733,country / folk,country,canto popular uruguayo,#BDCC66,#BDCF67,cantopopularuruguayo
734,country / folk,country,cape verdean folk,#BDCC66,#CBD26C,capeverdeanfolk
735,country / folk,country,caracas indie,#BDCC66,#C7CC5C,caracasindie
736,country / folk,country,cdmx indie,#BDCC66,#CAD07F,cdmxindie
737,country / folk,country,ceilidh,#BDCC66,#B0C65F,ceilidh
738,country / folk,country,cha-cha-cha,#BDCC66,#ACC55D,chachacha
739,country / folk,country,channel pop,#BDCC66,#B7C657,channelpop
740,country / folk,country,charango,#BDCC66,#CDD279,charango
741,country / folk,country,chennai indie,#BDCC66,#C0CA60,chennaiindie
742,country / folk,country,chillwave,#BDCC66,#B9CF6A,chillwave
743,country / folk,country,chimurenga,#BDCC66,#AAC550,chimurenga
744,country / folk,country,chinese indie pop,#BDCC66,#C0C95C,chineseindiepop
745,country / folk,country,christian lo-fi,#BDCC66,#C7CB6D,christianlofi
746,country / folk,country,christian pop,#BDCC66,#C2CE68,christianpop
747,country / folk,country,christmas instrumental,#BDCC66,#B7C852,christmasinstrumental
748,country / folk,country,chutney,#BDCC66,#CAD17A,chutney
749,country / folk,country,classic afrobeat,#BDCC66,#C4CF75,classicafrobeat
750,country / folk,country,classic anime,#BDCC66,#B8CC70,classicanime
751,country / folk,country,classic australian country,#BDCC66,#CACD6A,classicaustraliancountry
752,country / folk,country,classic country / hillbilly,#BDCC66,#C0C65D,classiccountryhillbilly
753,country / folk,country,classic finnish rock,#BDCC66,#CACD72,classicfinnishrock
754,country / folk,country,classic j-rock,#BDCC66,#ADC74E,classicjrock
755,country / folk,country,classic moroccan pop,#BDCC66,#B7CF6E,classicmoroccanpop
756,country / folk,country,classic punjabi pop,#BDCC66,#BDCF6B,classicpunjabipop
757,country / folk,country,classic soul,#BDCC66,#BECA6D,classicsoul
758,country / folk,country,classic sudanese pop,#BDCC66,#B5CC66,classicsudanesepop
759,country / folk,country,classic venezuelan pop,#BDCC66,#BFD275,classicvenezuelanpop
760,country / folk,country,clawhammer banjo,#BDCC66,#CCD07B,clawhammerbanjo
761,country / folk,country,cologne indie,#BDCC66,#C7CB5E,cologneindie
762,country / folk,country,comic,#BDCC66,#BFC253,comic
763,country / folk,country,comptine,#BDCC66,#BCD167,comptine
764,country / folk,country,contemporary / neotraditional,#BDCC66,#B7CC68,contemporaryneotraditional
765,country / folk,country,contemporary country,#BDCC66,#CFD37D,contemporarycountry
766,country / folk,country,corridos adictivos,#BDCC66,#BBC966,corridosadictivos
767,country / folk,country,corridos belicos,#BDCC66,#BDC65B,corridosbelicos
768,country / folk,country,country gospel,#BDCC66,#B1CC5F,countrygospel
769,country / folk,country,country pop & rock,#BDCC66,#C5CC59,countrypop&rock
770,country / folk,country,country road,#BDCC66,#BFD371,countryroad
771,country / folk,country,cover acustico,#BDCC66,#B3C354,coveracustico
772,country / folk,country,coverchill,#BDCC66,#B2C451,coverchill
773,country / folk,country,cowboy western,#BDCC66,#B6D164,cowboywestern
774,country / folk,country,crank wave,#BDCC66,#BACD73,crankwave
775,country / folk,country,croatian rock,#BDCC66,#B4C75D,croatianrock
776,country / folk,country,cuatro puertorriqueno,#BDCC66,#BDCE5D,cuatropuertorriqueno
777,country / folk,country,cueca chilena,#BDCC66,#CCD57A,cuecachilena
778,country / folk,country,czech country,#BDCC66,#B1C664,czechcountry
779,country / folk,country,dainuojamoji poezija,#BDCC66,#B0C663,dainuojamojipoezija
780,country / folk,country,dangdut,#BDCC66,#B6C661,dangdut
781,country / folk,country,dansband,#BDCC66,#C2CE5B,dansband
782,country / folk,country,danseband,#BDCC66,#BED371,danseband
783,country / folk,country,dansktop,#BDCC66,#B7CA53,dansktop
784,country / folk,country,danzon,#BDCC66,#C2D17C,danzon
785,country / folk,country,deep indie rock,#BDCC66,#CDD17B,deepindierock
786,country / folk,country,deep jazz fusion,#BDCC66,#B8C561,deepjazzfusion
787,country / folk,country,deep latin christian,#BDCC66,#B8C156,deeplatinchristian
788,country / folk,country,deep latin jazz,#BDCC66,#B5C96A,deeplatinjazz
789,country / folk,country,deep sunset lounge,#BDCC66,#BECA65,deepsunsetlounge
790,country / folk,country,desert blues,#BDCC66,#BECB5A,desertblues
791,country / folk,country,detroit indie,#BDCC66,#B9C855,detroitindie
792,country / folk,country,detske pisnicky,#BDCC66,#B8CA59,detskepisnicky
793,country / folk,country,dragspel,#BDCC66,#BECF75,dragspel
794,country / folk,country,drain,#BDCC66,#C7CD65,drain
795,country / folk,country,dusseldorf indie,#BDCC66,#B3CA5D,dusseldorfindie
796,country / folk,country,early french punk,#BDCC66,#B8CB68,earlyfrenchpunk
797,country / folk,country,ecuadorian alternative rock,#BDCC66,#C5CA65,ecuadorianalternativerock
798,country / folk,country,electric bass,#BDCC66,#B5CC6B,electricbass
799,country / folk,country,electric blues,#BDCC66,#B2CB53,electricblues
800,country / folk,country,essex indie,#BDCC66,#BAC655,essexindie
801,country / folk,country,ethio-jazz,#BDCC66,#BDCD5C,ethiojazz
802,country / folk,country,experimental poetry,#BDCC66,#BECF73,experimentalpoetry
803,country / folk,country,festigal,#BDCC66,#C4D474,festigal
804,country / folk,country,flamenco,#BDCC66,#C4D07B,flamenco
805,country / folk,country,flemish folk,#BDCC66,#BAC95E,flemishfolk
806,country / folk,country,folclore castilla y leon,#BDCC66,#BEC850,folclorecastillayleon
807,country / folk,country,folclore extremeno,#BDCC66,#C2CF6D,folcloreextremeno
808,country / folk,country,folclore jujeno,#BDCC66,#BDC654,folclorejujeno
809,country / folk,country,folclore portugues,#BDCC66,#B7C35C,folcloreportugues
810,country / folk,country,folclore salteno,#BDCC66,#CBCF62,folcloresalteno
811,country / folk,country,folclore santiagueno,#BDCC66,#AAC658,folcloresantiagueno
812,country / folk,country,folclore tucumano,#BDCC66,#CAD07C,folcloretucumano
813,country / folk,country,folk brasileiro,#BDCC66,#BFCF68,folkbrasileiro
814,country / folk,country,folk siciliana,#BDCC66,#BDCA6A,folksiciliana
815,country / folk,country,folklore argentino,#BDCC66,#B9D270,folkloreargentino
816,country / folk,country,folklore boliviano,#BDCC66,#C0C96C,folkloreboliviano
817,country / folk,country,folklore chileno,#BDCC66,#CCCF60,folklorechileno
818,country / folk,country,folklore panameno,#BDCC66,#BCD16B,folklorepanameno
819,country / folk,country,folklore paraguayo,#BDCC66,#B2CB53,folkloreparaguayo
820,country / folk,country,folklore peruano,#BDCC66,#C1CE71,folkloreperuano
821,country / folk,country,folklore veracruzano,#BDCC66,#AECA54,folkloreveracruzano
822,country / folk,country,fremantle indie,#BDCC66,#BAD179,fremantleindie
823,country / folk,country,french indie folk,#BDCC66,#C4C958,frenchindiefolk
824,country / folk,country,french psychedelic,#BDCC66,#B8D074,frenchpsychedelic
825,country / folk,country,french rockabilly,#BDCC66,#BCCE79,frenchrockabilly
826,country / folk,country,frevo,#BDCC66,#C1C65F,frevo
827,country / folk,country,funk metal,#BDCC66,#C6D26D,funkmetal
828,country / folk,country,furry,#BDCC66,#CCD17A,furry
829,country / folk,country,gamelan,#BDCC66,#C6CC73,gamelan
830,country / folk,country,garhwali pop,#BDCC66,#B6C663,garhwalipop
831,country / folk,country,geek folk,#BDCC66,#C9D26D,geekfolk
832,country / folk,country,gen z singer-songwriter,#BDCC66,#C3CC5A,genzsingersongwriter
833,country / folk,country,georgian pop,#BDCC66,#C9D177,georgianpop
834,country / folk,country,german blues,#BDCC66,#C1CD75,germanblues
835,country / folk,country,german ccm,#BDCC66,#BEC84E,germanccm
836,country / folk,country,german indie folk,#BDCC66,#BAD179,germanindiefolk
837,country / folk,country,gnawa,#BDCC66,#BAC84F,gnawa
838,country / folk,country,graz indie,#BDCC66,#C4D479,grazindie
839,country / folk,country,greek indie rock,#BDCC66,#C9CF76,greekindierock
840,country / folk,country,greek swing,#BDCC66,#AEC253,greekswing
841,country / folk,country,guitar case,#BDCC66,#B0C665,guitarcase
842,country / folk,country,gujarati pop,#BDCC66,#B6CE5B,gujaratipop
843,country / folk,country,gyerekdalok,#BDCC66,#BBCE6C,gyerekdalok
844,country / folk,country,hamburg indie,#BDCC66,#CAD277,hamburgindie
845,country / folk,country,hamburger schule,#BDCC66,#C5CE6C,hamburgerschule
846,country / folk,country,hammond organ,#BDCC66,#C0C555,hammondorgan
847,country / folk,country,hard rock brasileiro,#BDCC66,#C1D173,hardrockbrasileiro
848,country / folk,country,harmonica blues,#BDCC66,#CBCF61,harmonicablues
849,country / folk,country,harmonica jazz,#BDCC66,#B9CA58,harmonicajazz
850,country / folk,country,hong kong rock,#BDCC66,#C6CF70,hongkongrock
851,country / folk,country,honky tonk / hardcore,#BDCC66,#C8D271,honkytonkhardcore
852,country / folk,country,honky-tonk piano,#BDCC66,#BDC757,honkytonkpiano
853,country / folk,country,huayno,#BDCC66,#B1CC5A,huayno
854,country / folk,country,huayno peruano,#BDCC66,#B1C456,huaynoperuano
855,country / folk,country,huayno popular,#BDCC66,#ACCB53,huaynopopular
856,country / folk,country,humppa,#BDCC66,#B5CC6B,humppa
857,country / folk,country,hungarian folk,#BDCC66,#C2CA6E,hungarianfolk
858,country / folk,country,hungarian indie,#BDCC66,#B7C85C,hungarianindie
859,country / folk,country,indian fusion,#BDCC66,#C5C85F,indianfusion
860,country / folk,country,indian instrumental,#BDCC66,#BFCF77,indianinstrumental
861,country / folk,country,indian jazz,#BDCC66,#BFCB73,indianjazz
862,country / folk,country,indian rock,#BDCC66,#B1CA58,indianrock
863,country / folk,country,indian singer-songwriter,#BDCC66,#AAC451,indiansingersongwriter
864,country / folk,country,indie arequipeno,#BDCC66,#B7C952,indiearequipeno
865,country / folk,country,indie cantabria,#BDCC66,#B9CC72,indiecantabria
866,country / folk,country,indie folk argentino,#BDCC66,#B7CB50,indiefolkargentino
867,country / folk,country,indie michoacano,#BDCC66,#C4D277,indiemichoacano
868,country / folk,country,indie queretano,#BDCC66,#B4CE5F,indiequeretano
869,country / folk,country,indie rock italiano,#BDCC66,#AFCB57,indierockitaliano
870,country / folk,country,indie triste,#BDCC66,#B9C157,indietriste
871,country / folk,country,indie viet,#BDCC66,#B0CB62,indieviet
872,country / folk,country,indonesian bamboo,#BDCC66,#C0D071,indonesianbamboo
873,country / folk,country,indonesian pop rock,#BDCC66,#B1CA62,indonesianpoprock
874,country / folk,country,instrumental bluegrass,#BDCC66,#ACC553,instrumentalbluegrass
875,country / folk,country,instrumental funk,#BDCC66,#B8C356,instrumentalfunk
876,country / folk,country,instrumental soul,#BDCC66,#BBC354,instrumentalsoul
877,country / folk,country,italian blues,#BDCC66,#BDCA6B,italianblues
878,country / folk,country,italian new wave,#BDCC66,#BCCC59,italiannewwave
879,country / folk,country,italian pop rock,#BDCC66,#BDD572,italianpoprock
880,country / folk,country,izvorna muzika,#BDCC66,#BAD472,izvornamuzika
881,country / folk,country,jamgrass,#BDCC66,#B7CE6B,jamgrass
882,country / folk,country,jamtronica,#BDCC66,#BED375,jamtronica
883,country / folk,country,japanese alternative pop,#BDCC66,#C6CD6C,japanesealternativepop
884,country / folk,country,japanese blues,#BDCC66,#C5CA62,japaneseblues
885,country / folk,country,japanese experimental,#BDCC66,#B8C96A,japaneseexperimental
886,country / folk,country,japanese guitar,#BDCC66,#C4CB63,japaneseguitar
887,country / folk,country,japanese post-punk,#BDCC66,#C5CD74,japanesepostpunk
888,country / folk,country,japanese rockabilly,#BDCC66,#CCCE73,japaneserockabilly
889,country / folk,country,jazz boliviano,#BDCC66,#AFC661,jazzboliviano
890,country / folk,country,jazz caraibes,#BDCC66,#C4CF70,jazzcaraibes
891,country / folk,country,jazz colombiano,#BDCC66,#B1CC62,jazzcolombiano
892,country / folk,country,jazz cover,#BDCC66,#C6D375,jazzcover
893,country / folk,country,jazz cubano,#BDCC66,#C7CB6E,jazzcubano
894,country / folk,country,jazz dominicano,#BDCC66,#BCD475,jazzdominicano
895,country / folk,country,jazz drums,#BDCC66,#C2CD6A,jazzdrums
896,country / folk,country,jazz funk,#BDCC66,#CBCF76,jazzfunk
897,country / folk,country,jazz tico,#BDCC66,#B3C959,jazztico
898,country / folk,country,jazz venezolano,#BDCC66,#BACE5F,jazzvenezolano
899,country / folk,country,jazz vibraphone,#BDCC66,#C3D26C,jazzvibraphone
900,country / folk,country,j-indie,#BDCC66,#C7CA6F,jindie
901,country / folk,country,joropo,#BDCC66,#BDCC75,joropo
902,country / folk,country,kannada bhava geethe,#BDCC66,#C0D579,kannadabhavageethe
903,country / folk,country,karadeniz turkuleri,#BDCC66,#C3C663,karadenizturkuleri
904,country / folk,country,kaseko,#BDCC66,#C7D07D,kaseko
905,country / folk,country,kazakh traditional,#BDCC66,#C9D071,kazakhtraditional
906,country / folk,country,kinderliedjies,#BDCC66,#C6CB69,kinderliedjies
907,country / folk,country,konkani pop,#BDCC66,#B9C85D,konkanipop
908,country / folk,country,kora,#BDCC66,#ADC550,kora
909,country / folk,country,la indie,#BDCC66,#B3C753,laindie
910,country / folk,country,lagu karo,#BDCC66,#C2C767,lagukaro
911,country / folk,country,laiko,#BDCC66,#B3C858,laiko
912,country / folk,country,lampung indie,#BDCC66,#C6CC67,lampungindie
913,country / folk,country,landler,#BDCC66,#C2CE6F,landler
914,country / folk,country,lastelaulud,#BDCC66,#C1C961,lastelaulud
915,country / folk,country,latino comedy,#BDCC66,#B5CF61,latinocomedy
916,country / folk,country,leon gto indie,#BDCC66,#C9D47B,leongtoindie
917,country / folk,country,levenslied,#BDCC66,#BCC357,levenslied
918,country / folk,country,liedermacher,#BDCC66,#C3C964,liedermacher
919,country / folk,country,lo-fi sleep,#BDCC66,#B9CD74,lofisleep
920,country / folk,country,lok dohori,#BDCC66,#C1CD66,lokdohori
921,country / folk,country,lombok indie,#BDCC66,#C1CA6D,lombokindie
922,country / folk,country,london indie,#BDCC66,#CDCF7A,londonindie
923,country / folk,country,luxembourgian indie,#BDCC66,#C1D26A,luxembourgianindie
924,country / folk,country,luxembourgian pop,#BDCC66,#C7CF72,luxembourgianpop
925,country / folk,country,macedonian indie,#BDCC66,#BAC859,macedonianindie
926,country / folk,country,macedonian pop,#BDCC66,#B1C96B,macedonianpop
927,country / folk,country,magyar alternative,#BDCC66,#B9D074,magyaralternative
928,country / folk,country,malang indie,#BDCC66,#C5CA52,malangindie
929,country / folk,country,malayalam madh,#BDCC66,#CFD471,malayalammadh
930,country / folk,country,malaysian pop,#BDCC66,#B2C451,malaysianpop
931,country / folk,country,malaysian traditional,#BDCC66,#BDC456,malaysiantraditional
932,country / folk,country,malian blues,#BDCC66,#CBD377,malianblues
933,country / folk,country,mandolin,#BDCC66,#BCCC54,mandolin
934,country / folk,country,manitoba country,#BDCC66,#C1C766,manitobacountry
935,country / folk,country,mantra,#BDCC66,#D1D377,mantra
936,country / folk,country,maracatu,#BDCC66,#C1D474,maracatu
937,country / folk,country,marathi balgeet,#BDCC66,#B1C155,marathibalgeet
938,country / folk,country,marathi devotional,#BDCC66,#BDC253,marathidevotional
939,country / folk,country,marathi traditional,#BDCC66,#BACA63,marathitraditional
940,country / folk,country,marinera,#BDCC66,#CDD472,marinera
941,country / folk,country,mbalax,#BDCC66,#B6CD73,mbalax
942,country / folk,country,memphis americana,#BDCC66,#B3C955,memphisamericana
943,country / folk,country,memphis soul,#BDCC66,#C7CF6E,memphissoul
944,country / folk,country,merida indie,#BDCC66,#C5D16E,meridaindie
945,country / folk,country,metis fiddle,#BDCC66,#C1C551,metisfiddle
946,country / folk,country,mexican rock-and-roll,#BDCC66,#C4C664,mexicanrockandroll
947,country / folk,country,mexican son,#BDCC66,#BBCD75,mexicanson
948,country / folk,country,mexican traditional,#BDCC66,#A9C653,mexicantraditional
949,country / folk,country,miami indie,#BDCC66,#C8D372,miamiindie
950,country / folk,country,milan indie,#BDCC66,#B1CC5E,milanindie
951,country / folk,country,modern blues,#BDCC66,#C5CB59,modernblues
952,country / folk,country,modern jazz trio,#BDCC66,#C1C954,modernjazztrio
953,country / folk,country,mollywood,#BDCC66,#A9C355,mollywood
954,country / folk,country,moorish traditional,#BDCC66,#C0C967,moorishtraditional
955,country / folk,country,motown,#BDCC66,#B4CD63,motown
956,country / folk,country,mpb,#BDCC66,#B9C65D,mpb
957,country / folk,country,murcia indie,#BDCC66,#C6CB56,murciaindie
958,country / folk,country,murga,#BDCC66,#B2C950,murga
959,country / folk,country,music box,#BDCC66,#BDCC68,musicbox
960,country / folk,country,musica aguascalentense,#BDCC66,#C4CF5D,musicaaguascalentense
961,country / folk,country,musica andina,#BDCC66,#C1CE5E,musicaandina
962,country / folk,country,musica brasiliense,#BDCC66,#ADC453,musicabrasiliense
963,country / folk,country,musica canaria,#BDCC66,#C6CE6A,musicacanaria
964,country / folk,country,musica colombiana instrumental,#BDCC66,#B9CF77,musicacolombianainstrumental
965,country / folk,country,musica costarricense,#BDCC66,#B1C95B,musicacostarricense
966,country / folk,country,musica goiana,#BDCC66,#B1C75C,musicagoiana
967,country / folk,country,musica indigena brasileira,#BDCC66,#C0CD68,musicaindigenabrasileira
968,country / folk,country,musica indigena latinoamericana,#BDCC66,#B5CB57,musicaindigenalatinoamericana
969,country / folk,country,musica infantil,#BDCC66,#BCCD5B,musicainfantil
970,country / folk,country,musica instrumental cristiana,#BDCC66,#C0CA55,musicainstrumentalcristiana
971,country / folk,country,musica lombarda,#BDCC66,#BDD178,musicalombarda
972,country / folk,country,musica mapuche,#BDCC66,#BCCF69,musicamapuche
973,country / folk,country,musica mexicana,#BDCC66,#BFD479,musicamexicana
974,country / folk,country,musica michoacana,#BDCC66,#BED57A,musicamichoacana
975,country / folk,country,musica mogiana,#BDCC66,#C3CC70,musicamogiana
976,country / folk,country,musica nortena chilena,#BDCC66,#AAC853,musicanortenachilena
977,country / folk,country,musica para criancas,#BDCC66,#ACC950,musicaparacriancas
978,country / folk,country,musica paranaense,#BDCC66,#ADC154,musicaparanaense
979,country / folk,country,musica piemonteisa,#BDCC66,#C9CC64,musicapiemonteisa
980,country / folk,country,musica popular uruguaya,#BDCC66,#C1CD5C,musicapopularuruguaya
981,country / folk,country,musica prehispanica,#BDCC66,#B4C763,musicaprehispanica
982,country / folk,country,musica rapa nui,#BDCC66,#ADC154,musicarapanui
983,country / folk,country,musica rondoniense,#BDCC66,#BAD16F,musicarondoniense
984,country / folk,country,musica sudcaliforniana,#BDCC66,#BACA4F,musicasudcaliforniana
985,country / folk,country,musica tradicional dominicana,#BDCC66,#B9CA6A,musicatradicionaldominicana
986,country / folk,country,musica valenciana,#BDCC66,#C4C967,musicavalenciana
987,country / folk,country,musica yucateca,#BDCC66,#BBC35A,musicayucateca
988,country / folk,country,musiikkia lapsille,#BDCC66,#BBCB62,musiikkialapsille
989,country / folk,country,musique alsacienne,#BDCC66,#BDD169,musiquealsacienne
990,country / folk,country,musique peule,#BDCC66,#B6C35A,musiquepeule
991,country / folk,country,musique touareg,#BDCC66,#B0C650,musiquetouareg
992,country / folk,country,musique traditionnelle comorienne,#BDCC66,#B1C356,musiquetraditionnellecomorienne
993,country / folk,country,musique traditionnelle congolaise,#BDCC66,#C2CA6D,musiquetraditionnellecongolaise
994,country / folk,country,muzica banateana,#BDCC66,#CDD06E,muzicabanateana
995,country / folk,country,muzika l'yeladim,#BDCC66,#BFCC64,muzikal'yeladim
996,country / folk,country,myanmar indie,#BDCC66,#C9D37A,myanmarindie
997,country / folk,country,nadaswaram,#BDCC66,#BFC65E,nadaswaram
998,country / folk,country,narodnozabavna,#BDCC66,#CED26C,narodnozabavna
999,country / folk,country,nashville / countrypolitan,#BDCC66,#CED576,nashvillecountrypolitan
1000,country / folk,country,native american spiritual,#BDCC66,#C7CD6F,nativeamericanspiritual
1001,country / folk,country,neo soul,#BDCC66,#C7D072,neosoul
1002,country / folk,country,neo-kraut,#BDCC66,#B9CF70,neokraut
1003,country / folk,country,neomelodici,#BDCC66,#C7CC55,neomelodici
1004,country / folk,country,nerdcore brasileiro,#BDCC66,#ABC355,nerdcorebrasileiro
1005,country / folk,country,new delhi indie,#BDCC66,#BCCC6A,newdelhiindie
1006,country / folk,country,new orleans soul,#BDCC66,#BCC952,neworleanssoul
1007,country / folk,country,new tribe,#BDCC66,#C2CE5F,newtribe
1008,country / folk,country,nice indie,#BDCC66,#BCCA6C,niceindie
1009,country / folk,country,northern soul,#BDCC66,#BDD177,northernsoul
1010,country / folk,country,norwegian blues,#BDCC66,#C2C966,norwegianblues
1011,country / folk,country,novelty,#BDCC66,#B9C660,novelty
1012,country / folk,country,nubian traditional,#BDCC66,#B6C951,nubiantraditional
1013,country / folk,country,nueva cancion,#BDCC66,#BDCD5E,nuevacancion
1014,country / folk,country,nuevo flamenco,#BDCC66,#C7CD59,nuevoflamenco
1015,country / folk,country,nuevo folklore mexicano,#BDCC66,#B7C658,nuevofolkloremexicano
1016,country / folk,country,nursery,#BDCC66,#C5C85E,nursery
1017,country / folk,country,nz jazz,#BDCC66,#ADC962,nzjazz
1018,country / folk,country,oberkrainer,#BDCC66,#C4CA59,oberkrainer
1019,country / folk,country,oeteldonk,#BDCC66,#B1C74E,oeteldonk
1020,country / folk,country,old west,#BDCC66,#CCD474,oldwest
1021,country / folk,country,otacore,#BDCC66,#CBCF73,otacore
1022,country / folk,country,otroske pesmice,#BDCC66,#BBC650,otroskepesmice
1023,country / folk,country,outlaw country,#BDCC66,#C0C561,outlawcountry
1024,country / folk,country,paidika tragoudia,#BDCC66,#BFC862,paidikatragoudia
1025,country / folk,country,panamanian indie,#BDCC66,#BDD26B,panamanianindie
1026,country / folk,country,paraguayan indie,#BDCC66,#C8CF6D,paraguayanindie
1027,country / folk,country,paraguayan rock,#BDCC66,#B1CD61,paraguayanrock
1028,country / folk,country,partido alto,#BDCC66,#C8CB61,partidoalto
1029,country / folk,country,pinoy traditional,#BDCC66,#C6CF6A,pinoytraditional
1030,country / folk,country,plena uruguaya,#BDCC66,#C5CB73,plenauruguaya
1031,country / folk,country,polca paraguaya,#BDCC66,#C6D16E,polcaparaguaya
1032,country / folk,country,polish indie,#BDCC66,#C4D47C,polishindie
1033,country / folk,country,polish post-punk,#BDCC66,#C9D074,polishpostpunk
1034,country / folk,country,polka,#BDCC66,#BBD278,polka
1035,country / folk,country,pop cristiano,#BDCC66,#B9CD59,popcristiano
1036,country / folk,country,pop rock brasileiro,#BDCC66,#CFD477,poprockbrasileiro
1037,country / folk,country,pov: indie,#BDCC66,#C6CD71,pov:indie
1038,country / folk,country,poznan indie,#BDCC66,#C8D478,poznanindie
1039,country / folk,country,progressive & outlaw,#BDCC66,#C9D37C,progressive&outlaw
1040,country / folk,country,psicodelia brasileira,#BDCC66,#ADC766,psicodeliabrasileira
1041,country / folk,country,puerto rican folk,#BDCC66,#C9CF76,puertoricanfolk
1042,country / folk,country,punk ska,#BDCC66,#B4C359,punkska
1043,country / folk,country,ranchera,#BDCC66,#BFCE66,ranchera
1044,country / folk,country,rebetiko,#BDCC66,#CBD473,rebetiko
1045,country / folk,country,red dirt,#BDCC66,#C6CC74,reddirt
1046,country / folk,country,regional mexicano femenil,#BDCC66,#C3D17E,regionalmexicanofemenil
1047,country / folk,country,rock alagoano,#BDCC66,#B8CA61,rockalagoano
1048,country / folk,country,rock alternativo brasileiro,#BDCC66,#A8C258,rockalternativobrasileiro
1049,country / folk,country,rock chapin,#BDCC66,#B0CA63,rockchapin
1050,country / folk,country,rock curitibano,#BDCC66,#C7D173,rockcuritibano
1051,country / folk,country,rock independant francais,#BDCC66,#C1CC74,rockindependantfrancais
1052,country / folk,country,rock kapak,#BDCC66,#BBD076,rockkapak
1053,country / folk,country,rock nacional brasileiro,#BDCC66,#B3CB5F,rocknacionalbrasileiro
1054,country / folk,country,rock noise,#BDCC66,#CACE66,rocknoise
1055,country / folk,country,rock paraibano,#BDCC66,#B5CB71,rockparaibano
1056,country / folk,country,rock piauiense,#BDCC66,#B2C254,rockpiauiense
1057,country / folk,country,rock sul-mato-grossense,#BDCC66,#C0CF66,rocksulmatogrossense
1058,country / folk,country,roda de samba,#BDCC66,#C6CF70,rodadesamba
1059,country / folk,country,romanian rock,#BDCC66,#BCD47A,romanianrock
1060,country / folk,country,romantico,#BDCC66,#BFC968,romantico
1061,country / folk,country,rumba congolaise,#BDCC66,#ACC752,rumbacongolaise
1062,country / folk,country,russian alternative rock,#BDCC66,#C9D27D,russianalternativerock
1063,country / folk,country,russian hyperpop,#BDCC66,#C4C968,russianhyperpop
1064,country / folk,country,russian indie,#BDCC66,#B7CD5C,russianindie
1065,country / folk,country,russian post-punk,#BDCC66,#B9D26D,russianpostpunk
1066,country / folk,country,russian punk,#BDCC66,#BACB6A,russianpunk
1067,country / folk,country,russian ska,#BDCC66,#BFCD5E,russianska
1068,country / folk,country,ryukyu ongaku,#BDCC66,#BFD167,ryukyuongaku
1069,country / folk,country,samba,#BDCC66,#B8CD60,samba
1070,country / folk,country,samba moderno,#BDCC66,#B7D06A,sambamoderno
1071,country / folk,country,samba paulista,#BDCC66,#B3C252,sambapaulista
1072,country / folk,country,samba-enredo,#BDCC66,#C2D274,sambaenredo
1073,country / folk,country,scottish new wave,#BDCC66,#B5CE5C,scottishnewwave
1074,country / folk,country,serbian alternative rock,#BDCC66,#C8CF68,serbianalternativerock
1075,country / folk,country,sertanejo tradicional,#BDCC66,#D2D47A,sertanejotradicional
1076,country / folk,country,sevillanas,#BDCC66,#C0C454,sevillanas
1077,country / folk,country,sheilat,#BDCC66,#BEC86A,sheilat
1078,country / folk,country,sigilkore,#BDCC66,#C3C661,sigilkore
1079,country / folk,country,ska punk,#BDCC66,#B5CE6A,skapunk
1080,country / folk,country,skiffle,#BDCC66,#BBD26C,skiffle
1081,country / folk,country,slovak punk,#BDCC66,#C3CA63,slovakpunk
1082,country / folk,country,slovak rock,#BDCC66,#B3C867,slovakrock
1083,country / folk,country,slovenian folk,#BDCC66,#B5CE6D,slovenianfolk
1084,country / folk,country,sorani pop,#BDCC66,#AFCB58,soranipop
1085,country / folk,country,southern china indie,#BDCC66,#AFCA54,southernchinaindie
1086,country / folk,country,southern soul,#BDCC66,#ADC550,southernsoul
1087,country / folk,country,spanish rock,#BDCC66,#BDCD71,spanishrock
1088,country / folk,country,spytrack,#BDCC66,#B4C869,spytrack
1089,country / folk,country,steel guitar,#BDCC66,#B4C55B,steelguitar
1090,country / folk,country,sufi,#BDCC66,#C3C850,sufi
1091,country / folk,country,surf music,#BDCC66,#B5C864,surfmusic
1092,country / folk,country,swamp blues,#BDCC66,#B9C55F,swampblues
1093,country / folk,country,swamp pop,#BDCC66,#C3C755,swamppop
1094,country / folk,country,swedish pop,#BDCC66,#B7CC63,swedishpop
1095,country / folk,country,swing revival,#BDCC66,#C1D374,swingrevival
1096,country / folk,country,swiss experimental,#BDCC66,#BFC55A,swissexperimental
1097,country / folk,country,szanty,#BDCC66,#C2D06E,szanty
1098,country / folk,country,tabla,#BDCC66,#C9CD6F,tabla
1099,country / folk,country,tamil devotional,#BDCC66,#C8CB53,tamildevotional
1100,country / folk,country,tan co,#BDCC66,#C7CE70,tanco
1101,country / folk,country,tanzorchester,#BDCC66,#C0CA68,tanzorchester
1102,country / folk,country,telugu devotional,#BDCC66,#C7CB71,telugudevotional
1103,country / folk,country,texas country,#BDCC66,#C2C868,texascountry
1104,country / folk,country,thai folk rock,#BDCC66,#C1CC5C,thaifolkrock
1105,country / folk,country,thai indie pop,#BDCC66,#C3CE67,thaiindiepop
1106,country / folk,country,thai indie rock,#BDCC66,#B5C856,thaiindierock
1107,country / folk,country,tibetan pop,#BDCC66,#CCD679,tibetanpop
1108,country / folk,country,tigrigna pop,#BDCC66,#BECE69,tigrignapop
1109,country / folk,country,tipico,#BDCC66,#C9CD70,tipico
1110,country / folk,country,trad quebecois,#BDCC66,#ABC94C,tradquebecois
1111,country / folk,country,traditional bluegrass,#BDCC66,#AFC65F,traditionalbluegrass
1112,country / folk,country,traditional country,#BDCC66,#B9CE5F,traditionalcountry
1113,country / folk,country,traditional rockabilly,#BDCC66,#B0CB57,traditionalrockabilly
1114,country / folk,country,traditional soul,#BDCC66,#BCCC76,traditionalsoul
1115,country / folk,country,trio huasteco,#BDCC66,#BBCE5E,triohuasteco
1116,country / folk,country,trombone brasileiro,#BDCC66,#C2D07F,trombonebrasileiro
1117,country / folk,country,tropicalia,#BDCC66,#B0CE61,tropicalia
1118,country / folk,country,trova mexicana,#BDCC66,#D0D475,trovamexicana
1119,country / folk,country,truck-driving country,#BDCC66,#B4CE5E,truckdrivingcountry
1120,country / folk,country,tuareg guitar,#BDCC66,#BFCF6E,tuaregguitar
1121,country / folk,country,tunantada,#BDCC66,#C1D06C,tunantada
1122,country / folk,country,tunisian alternative,#BDCC66,#BFD167,tunisianalternative
1123,country / folk,country,turkish post-punk,#BDCC66,#C0D36D,turkishpostpunk
1124,country / folk,country,uk alternative pop,#BDCC66,#ACC456,ukalternativepop
1125,country / folk,country,ukrainian folk rock,#BDCC66,#BDC559,ukrainianfolkrock
1126,country / folk,country,ulkucu sarkilar,#BDCC66,#BDD572,ulkucusarkilar
1127,country / folk,country,uppsala indie,#BDCC66,#CACF62,uppsalaindie
1128,country / folk,country,urban country,#BDCC66,#B6CD69,urbancountry
1129,country / folk,country,uyghur folk,#BDCC66,#CFD778,uyghurfolk
1130,country / folk,country,vapor pop,#BDCC66,#D0D572,vaporpop
1131,country / folk,country,vaportrap,#BDCC66,#BAC865,vaportrap
1132,country / folk,country,vaporwave,#BDCC66,#AAC253,vaporwave
1133,country / folk,country,vintage rockabilly,#BDCC66,#BDC254,vintagerockabilly
1134,country / folk,country,violao,#BDCC66,#BFC64F,violao
1135,country / folk,country,vlaamse cabaret,#BDCC66,#C5C94D,vlaamsecabaret
1136,country / folk,country,volksmusik,#BDCC66,#A7C552,volksmusik
1137,country / folk,country,waiata mo tamariki,#BDCC66,#B8CC5B,waiatamotamariki
1138,country / folk,country,west african jazz,#BDCC66,#C7D17E,westafricanjazz
1139,country / folk,country,western saharan folk,#BDCC66,#B6CA5F,westernsaharanfolk
1140,country / folk,country,western swing,#BDCC66,#B3C651,westernswing
1141,country / folk,country,women's music,#BDCC66,#BEC756,women'smusic
1142,country / folk,country,world,#BDCC66,#B4C359,world
1143,country / folk,country,xhosa,#BDCC66,#C8CE67,xhosa
1144,country / folk,country,zhongguo feng,#BDCC66,#A9C257,zhongguofeng
1145,country / folk,country,zilizopendwa,#BDCC66,#B9CC65,zilizopendwa
1146,country / folk,country,zurich indie,#BDCC66,#B7CD5A,zurichindie
1147,country / folk,country / folk,country,#BDCC66,#BDCC66,country
1148,country / folk,country / folk,country / folk,#BDCC66,#BDCC66,countryfolk
1149,rock,czech pop,czech pop rock,#DCB250,#DDC63C,czechpoprock
1150,pop,dance pop,japanese dance pop,#FFEB91,#FFF1A3,japanesedancepop
1151,pop,dance pop,russian dance pop,#FFEB91,#FDEBA5,russiandancepop
1152,rhythm music,dancehall,dancehall colombiano,#66CC99,#63CB98,dancehallcolombiano
1153,rhythm music,dancehall,dancehall guyanaise,#66CC99,#70D19D,dancehallguyanaise
1154,rhythm music,dancehall,dancehall mauricien,#66CC99,#5EC9A0,dancehallmauricien
1155,rhythm music,dancehall,dancehall queen,#66CC99,#61C696,dancehallqueen
1156,rhythm music,dancehall,jamaican dancehall,#66CC99,#78CFA9,jamaicandancehall
1157,rhythm music,dancehall,old school dancehall,#66CC99,#56CD9F,oldschooldancehall
1158,rhythm music,danish pop,classic danish pop,#66CC99,#91DCC3,classicdanishpop
1159,electronic music,dark techno,german dark minimal techno,#D52633,#D63736,germandarkminimaltechno
1160,heavy / experimental,death metal,australian death metal,#D0802F,#C96F3A,australiandeathmetal
1161,heavy / experimental,death metal,belgian death metal,#D0802F,#CF943D,belgiandeathmetal
1162,heavy / experimental,death metal,brazilian death metal,#D0802F,#CC8A42,braziliandeathmetal
1163,heavy / experimental,death metal,british death metal,#D0802F,#AA5B2E,britishdeathmetal
1164,heavy / experimental,death metal,brutal death metal,#D0802F,#A45829,brutaldeathmetal
1165,heavy / experimental,death metal,canadian death metal,#D0802F,#B46129,canadiandeathmetal
1166,heavy / experimental,death metal,christian death metal,#D0802F,#D27039,christiandeathmetal
1167,heavy / experimental,death metal,colombian death metal,#D0802F,#A6782A,colombiandeathmetal
1168,heavy / experimental,death metal,cosmic death metal,#D0802F,#A85527,cosmicdeathmetal
1169,heavy / experimental,death metal,danish death metal,#D0802F,#CA8B33,danishdeathmetal
1170,heavy / experimental,death metal,dutch death metal,#D0802F,#B88135,dutchdeathmetal
1171,heavy / experimental,death metal,finnish death metal,#D0802F,#C57D32,finnishdeathmetal
1172,heavy / experimental,death metal,florida death metal,#D0802F,#CC6D33,floridadeathmetal
1173,heavy / experimental,death metal,french death metal,#D0802F,#B86F2F,frenchdeathmetal
1174,heavy / experimental,death metal,german death metal,#D0802F,#A75A2A,germandeathmetal
1175,heavy / experimental,death metal,grisly death metal,#D0802F,#CF8F40,grislydeathmetal
1176,heavy / experimental,death metal,indonesian death metal,#D0802F,#C76D33,indonesiandeathmetal
1177,heavy / experimental,death metal,instrumental death metal,#D0802F,#CC7E37,instrumentaldeathmetal
1178,heavy / experimental,death metal,irish death metal,#D0802F,#B08232,irishdeathmetal
1179,heavy / experimental,death metal,italian death metal,#D0802F,#B96D30,italiandeathmetal
1180,heavy / experimental,death metal,japanese death metal,#D0802F,#BC5F2C,japanesedeathmetal
1181,heavy / experimental,death metal,melodic death metal,#D0802F,#BF7531,melodicdeathmetal
1182,heavy / experimental,death metal,mexican death metal,#D0802F,#C9873A,mexicandeathmetal
1183,heavy / experimental,death metal,norwegian death metal,#D0802F,#BF7937,norwegiandeathmetal
1184,heavy / experimental,death metal,peruvian death metal,#D0802F,#A26C2D,peruviandeathmetal
1185,heavy / experimental,death metal,polish death metal,#D0802F,#C16D32,polishdeathmetal
1186,heavy / experimental,death metal,portuguese death metal,#D0802F,#A75726,portuguesedeathmetal
1187,heavy / experimental,death metal,progressive death metal,#D0802F,#AB772C,progressivedeathmetal
1188,heavy / experimental,death metal,quebec death metal,#D0802F,#B96934,quebecdeathmetal
1189,heavy / experimental,death metal,russian death metal,#D0802F,#C88436,russiandeathmetal
1190,heavy / experimental,death metal,slam death metal,#D0802F,#C37335,slamdeathmetal
1191,heavy / experimental,death metal,spanish death metal,#D0802F,#B1602E,spanishdeathmetal
1192,heavy / experimental,death metal,swedish death metal,#D0802F,#CA8E2F,swedishdeathmetal
1193,heavy / experimental,death metal,symphonic death metal,#D0802F,#AC6B2B,symphonicdeathmetal
1194,heavy / experimental,death metal,technical death metal,#D0802F,#BB7A31,technicaldeathmetal
1195,heavy / experimental,death metal,texas death metal,#D0802F,#B2772E,texasdeathmetal
1196,heavy / experimental,death metal,turkish death metal,#D0802F,#B37D2B,turkishdeathmetal
1197,electronic music,deep deep house,south african deep house,#D52633,#E64A4F,southafricandeephouse
1198,electronic music,deep house,deep soul house,#D52633,#C92045,deepsoulhouse
1199,electronic music,deep house,deep tropical house,#D52633,#C61F3B,deeptropicalhouse
1200,electronic music,deep house,turkish deep house,#D52633,#E43954,turkishdeephouse
1201,electronic music,deep tech house,deep deep tech house,#D52633,#D5353D,deepdeeptechhouse
1202,rap / hip hop,detroit trap,detroit trap brasileiro,#843D79,#AB4B9C,detroittrapbrasileiro
1203,rap / hip hop,detroit trap,detroit trap en espanol,#843D79,#A94F9A,detroittrapenespanol
1204,heavy / experimental,doom metal,finnish doom metal,#D0802F,#D8964D,finnishdoommetal
1205,heavy / experimental,doom metal,italian doom metal,#D0802F,#D98B37,italiandoommetal
1206,heavy / experimental,doom metal,norwegian doom metal,#D0802F,#C78430,norwegiandoommetal
1207,heavy / experimental,doom metal,swedish doom metal,#D0802F,#CF9833,swedishdoommetal
1208,heavy / experimental,doom metal,uk doom metal,#D0802F,#CE7931,ukdoommetal
1209,electronic music,downtempo,21st century classical,#FF227A,#FB3474,21stcenturyclassical
1210,electronic music,downtempo,432hz,#FF227A,#FF155F,432hz
1211,electronic music,downtempo,528hz,#FF227A,#FF3778,528hz
1212,electronic music,downtempo,8d,#FF227A,#FF1577,8d
1213,electronic music,downtempo,abstractro,#FF227A,#FA136A,abstractro
1214,electronic music,downtempo,acousmatic,#FF227A,#FE227B,acousmatic
1215,electronic music,downtempo,afghan traditional,#FF227A,#FF2982,afghantraditional
1216,electronic music,downtempo,albanian folk,#FF227A,#FF176F,albanianfolk
1217,electronic music,downtempo,albanian iso polyphony,#FF227A,#FE3E98,albanianisopolyphony
1218,electronic music,downtempo,algorave,#FF227A,#FA1670,algorave
1219,electronic music,downtempo,ambient,#FF227A,#FF2575,ambient
1220,electronic music,downtempo,ambient breaks & illbient,#FF227A,#FF3E98,ambientbreaks&illbient
1221,electronic music,downtempo,ambient house / chill-out,#FF227A,#FC288F,ambienthousechillout
1222,electronic music,downtempo,american choir,#FF227A,#FF1B5E,americanchoir
1223,electronic music,downtempo,american modern classical,#FF227A,#FC0854,americanmodernclassical
1224,electronic music,downtempo,american orchestra,#FF227A,#FF297D,americanorchestra
1225,electronic music,downtempo,american primitive,#FF227A,#FF1F6B,americanprimitive
1226,electronic music,downtempo,american romanticism,#FF227A,#FE2D7B,americanromanticism
1227,electronic music,downtempo,andalusian classical,#FF227A,#FF1B7A,andalusianclassical
1228,electronic music,downtempo,anglican liturgy,#FF227A,#FF197B,anglicanliturgy
1229,electronic music,downtempo,anime score,#FF227A,#FF398A,animescore
1230,electronic music,downtempo,anthem,#FF227A,#FE145A,anthem
1231,electronic music,downtempo,ars subtilior,#FF227A,#FB2996,arssubtilior
1232,electronic music,downtempo,art song,#FF227A,#FB4093,artsong
1233,electronic music,downtempo,asmr,#FF227A,#FC2F83,asmr
1234,electronic music,downtempo,atmosphere,#FF227A,#FF2A65,atmosphere
1235,electronic music,downtempo,australian choir,#FF227A,#FD356E,australianchoir
1236,electronic music,downtempo,australian classical,#FF227A,#FF0C8A,australianclassical
1237,electronic music,downtempo,austrian choir,#FF227A,#FC2175,austrianchoir
1238,electronic music,downtempo,austrian orchestra,#FF227A,#FF337A,austrianorchestra
1239,electronic music,downtempo,austro-german modernism,#FF227A,#FF2869,austrogermanmodernism
1240,electronic music,downtempo,avant-garde,#FF227A,#FB2362,avantgarde
1241,electronic music,downtempo,background music,#FF227A,#FE278E,backgroundmusic
1242,electronic music,downtempo,background piano,#FF227A,#FF3380,backgroundpiano
1243,electronic music,downtempo,baltic choir,#FF227A,#FD2868,balticchoir
1244,electronic music,downtempo,baltic classical,#FF227A,#FF097D,balticclassical
1245,electronic music,downtempo,banda militar,#FF227A,#FF1D78,bandamilitar
1246,electronic music,downtempo,bandura,#FF227A,#FF2068,bandura
1247,electronic music,downtempo,bansuri,#FF227A,#FF1D79,bansuri
1248,electronic music,downtempo,baptist gospel,#FF227A,#FD137C,baptistgospel
1249,electronic music,downtempo,barbershop,#FF227A,#FF1879,barbershop
1250,electronic music,downtempo,bardcore,#FF227A,#FD327C,bardcore
1251,electronic music,downtempo,barockinterpreten,#FF227A,#FF1283,barockinterpreten
1252,electronic music,downtempo,baroque,#FF227A,#FB0881,baroque
1253,electronic music,downtempo,baroque brass,#FF227A,#FF2765,baroquebrass
1254,electronic music,downtempo,baroque cello,#FF227A,#FB1153,baroquecello
1255,electronic music,downtempo,baroque ensemble,#FF227A,#FF1982,baroqueensemble
1256,electronic music,downtempo,baroque singing,#FF227A,#FF2071,baroquesinging
1257,electronic music,downtempo,baroque violin,#FF227A,#FF3673,baroqueviolin
1258,electronic music,downtempo,baroque woodwind,#FF227A,#FD086F,baroquewoodwind
1259,electronic music,downtempo,belgian experimental,#FF227A,#FF197F,belgianexperimental
1260,electronic music,downtempo,bells,#FF227A,#FB328D,bells
1261,electronic music,downtempo,bemani,#FF227A,#FF155E,bemani
1262,electronic music,downtempo,binaural,#FF227A,#FD0F87,binaural
1263,electronic music,downtempo,birdsong,#FF227A,#FF3C79,birdsong
1264,electronic music,downtempo,bit music (chiptune),#FF227A,#FF2276,bitmusicchiptune
1265,electronic music,downtempo,bohemian baroque,#FF227A,#FF0E88,bohemianbaroque
1266,electronic music,downtempo,bow pop,#FF227A,#FF196E,bowpop
1267,electronic music,downtempo,boy soprano,#FF227A,#FF2D73,boysoprano
1268,electronic music,downtempo,brain waves,#FF227A,#FF3B75,brainwaves
1269,electronic music,downtempo,brass ensemble,#FF227A,#FF1B78,brassensemble
1270,electronic music,downtempo,brass quintet,#FF227A,#FC1776,brassquintet
1271,electronic music,downtempo,brazilian classical,#FF227A,#FF3480,brazilianclassical
1272,electronic music,downtempo,british brass band,#FF227A,#FF2587,britishbrassband
1273,electronic music,downtempo,british choir,#FF227A,#FF306A,britishchoir
1274,electronic music,downtempo,british electroacoustic,#FF227A,#FF2884,britishelectroacoustic
1275,electronic music,downtempo,british modern classical,#FF227A,#FD116D,britishmodernclassical
1276,electronic music,downtempo,british orchestra,#FF227A,#FF0C54,britishorchestra
1277,electronic music,downtempo,british soundtrack,#FF227A,#FF1876,britishsoundtrack
1278,electronic music,downtempo,broadway,#FF227A,#FF1B69,broadway
1279,electronic music,downtempo,bubblegum bass,#FF227A,#FC0E6A,bubblegumbass
1280,electronic music,downtempo,bulgarian folk,#FF227A,#FB1272,bulgarianfolk
1281,electronic music,downtempo,byzantine,#FF227A,#FF0B88,byzantine
1282,electronic music,downtempo,calming instrumental,#FF227A,#FF1154,calminginstrumental
1283,electronic music,downtempo,cambridge choir,#FF227A,#FF2D80,cambridgechoir
1284,electronic music,downtempo,canadian choir,#FF227A,#FF3878,canadianchoir
1285,electronic music,downtempo,canadian classical,#FF227A,#FE2B65,canadianclassical
1286,electronic music,downtempo,canadian experimental,#FF227A,#FF3B8B,canadianexperimental
1287,electronic music,downtempo,canadian soundtrack,#FF227A,#FE3A76,canadiansoundtrack
1288,electronic music,downtempo,cante alentejano,#FF227A,#FB349A,cantealentejano
1289,electronic music,downtempo,canti alpini,#FF227A,#FC2991,cantialpini
1290,electronic music,downtempo,canto a tenore,#FF227A,#FF1281,cantoatenore
1291,electronic music,downtempo,cantonese traditional,#FF227A,#FD1873,cantonesetraditional
1292,electronic music,downtempo,canzone napoletana,#FF227A,#FC3C79,canzonenapoletana
1293,electronic music,downtempo,cape town indie,#FF227A,#FF1F83,capetownindie
1294,electronic music,downtempo,cartoni animati,#FF227A,#FF116D,cartonianimati
1295,electronic music,downtempo,cathedral choir,#FF227A,#FF3E9D,cathedralchoir
1296,electronic music,downtempo,caucasian classical,#FF227A,#FE1056,caucasianclassical
1297,electronic music,downtempo,caucasian folk,#FF227A,#FE3882,caucasianfolk
1298,electronic music,downtempo,cello,#FF227A,#FF357A,cello
1299,electronic music,downtempo,cello ensemble,#FF227A,#FD397B,celloensemble
1300,electronic music,downtempo,celtic,#FF227A,#FF2E6B,celtic
1301,electronic music,downtempo,chakra,#FF227A,#FB128A,chakra
1302,electronic music,downtempo,chamber choir,#FF227A,#FC318A,chamberchoir
1303,electronic music,downtempo,chamber ensemble,#FF227A,#FF0A7B,chamberensemble
1304,electronic music,downtempo,chamber folk,#FF227A,#FF3779,chamberfolk
1305,electronic music,downtempo,chamber orchestra,#FF227A,#FF3E9A,chamberorchestra
1306,electronic music,downtempo,chant religieux,#FF227A,#FF3B9E,chantreligieux
1307,electronic music,downtempo,chinese classical,#FF227A,#FF1A76,chineseclassical
1308,electronic music,downtempo,chinese electronic,#FF227A,#FF387A,chineseelectronic
1309,electronic music,downtempo,chinese instrumental,#FF227A,#FF1875,chineseinstrumental
1310,electronic music,downtempo,chinese opera,#FF227A,#FD1268,chineseopera
1311,electronic music,downtempo,chinese soundtrack,#FF227A,#FB2F94,chinesesoundtrack
1312,electronic music,downtempo,chinese traditional,#FF227A,#FF107A,chinesetraditional
1313,electronic music,downtempo,chinese wind,#FF227A,#FE3F93,chinesewind
1314,electronic music,downtempo,choral,#FF227A,#FD3979,choral
1315,electronic music,downtempo,christelijk,#FF227A,#FF247B,christelijk
1316,electronic music,downtempo,christian a cappella,#FF227A,#FB2E8C,christianacappella
1317,electronic music,downtempo,cimbalova muzika,#FF227A,#FD2F75,cimbalovamuzika
1318,electronic music,downtempo,clap and tap,#FF227A,#FD3F7F,clapandtap
1319,electronic music,downtempo,classic nepali pop,#FF227A,#FA0C87,classicnepalipop
1320,electronic music,downtempo,classic soundtrack,#FF227A,#FF2569,classicsoundtrack
1321,electronic music,downtempo,classical,#FF227A,#FD0C78,classical
1322,electronic music,downtempo,classical accordion,#FF227A,#FE0755,classicalaccordion
1323,electronic music,downtempo,classical baritone,#FF227A,#FC0F6D,classicalbaritone
1324,electronic music,downtempo,classical bass,#FF227A,#FF3F9F,classicalbass
1325,electronic music,downtempo,classical bassoon,#FF227A,#FD195F,classicalbassoon
1326,electronic music,downtempo,classical cello,#FF227A,#FF2093,classicalcello
1327,electronic music,downtempo,classical contralto,#FF227A,#FF2365,classicalcontralto
1328,electronic music,downtempo,classical countertenor,#FF227A,#FF0C7F,classicalcountertenor
1329,electronic music,downtempo,classical drill,#FF227A,#FF3B7B,classicaldrill
1330,electronic music,downtempo,classical era,#FF227A,#FD2E67,classicalera
1331,electronic music,downtempo,classical flute,#FF227A,#FF2468,classicalflute
1332,electronic music,downtempo,classical harp,#FF227A,#FF3387,classicalharp
1333,electronic music,downtempo,classical horn,#FF227A,#FD3C75,classicalhorn
1334,electronic music,downtempo,classical mezzo-soprano,#FF227A,#FC2795,classicalmezzosoprano
1335,electronic music,downtempo,classical oboe,#FF227A,#FF0A79,classicaloboe
1336,electronic music,downtempo,classical organ,#FF227A,#FF3384,classicalorgan
1337,electronic music,downtempo,classical performance,#FF227A,#FE1663,classicalperformance
1338,electronic music,downtempo,classical piano,#FF227A,#FF156D,classicalpiano
1339,electronic music,downtempo,classical saxophone,#FF227A,#FE349D,classicalsaxophone
1340,electronic music,downtempo,classical soprano,#FF227A,#FD1777,classicalsoprano
1341,electronic music,downtempo,classical string trio,#FF227A,#FF2C94,classicalstringtrio
1342,electronic music,downtempo,classical tenor,#FF227A,#FF2465,classicaltenor
1343,electronic music,downtempo,classical trombone,#FF227A,#FF2775,classicaltrombone
1344,electronic music,downtempo,classical trumpet,#FF227A,#FC3296,classicaltrumpet
1345,electronic music,downtempo,classical tuba,#FF227A,#FF1085,classicaltuba
1346,electronic music,downtempo,color noise,#FF227A,#FA0D51,colornoise
1347,electronic music,downtempo,concert band,#FF227A,#FF067D,concertband
1348,electronic music,downtempo,contemporary choir,#FF227A,#FF0C85,contemporarychoir
1349,electronic music,downtempo,contemporary classical,#FF227A,#FB1270,contemporaryclassical
1350,electronic music,downtempo,contrabass,#FF227A,#FF399F,contrabass
1351,electronic music,downtempo,convent,#FF227A,#FF246B,convent
1352,electronic music,downtempo,coptic hymn,#FF227A,#FB2489,coptichymn
1353,electronic music,downtempo,cornetas y tambores,#FF227A,#FE2F84,cornetasytambores
1354,electronic music,downtempo,corsican folk,#FF227A,#FF2F8D,corsicanfolk
1355,electronic music,downtempo,czech classical,#FF227A,#FF0A4E,czechclassical
1356,electronic music,downtempo,czsk electropop,#FF227A,#FD366E,czskelectropop
1357,electronic music,downtempo,danish choir,#FF227A,#FF0753,danishchoir
1358,electronic music,downtempo,danish classical,#FF227A,#FB1355,danishclassical
1359,electronic music,downtempo,danish electropop,#FF227A,#FF3573,danishelectropop
1360,electronic music,downtempo,dark folk,#FF227A,#FD217C,darkfolk
1361,electronic music,downtempo,deep soundtrack,#FF227A,#FF1990,deepsoundtrack
1362,electronic music,downtempo,dhrupad,#FF227A,#FF357C,dhrupad
1363,electronic music,downtempo,digital minimalism / lowercase,#FF227A,#FC238C,digitalminimalismlowercase
1364,electronic music,downtempo,dizi,#FF227A,#FF3970,dizi
1365,electronic music,downtempo,drift,#FF227A,#FE3E96,drift
1366,electronic music,downtempo,drone,#FF227A,#FF1088,drone
1367,electronic music,downtempo,dronescape,#FF227A,#FF1C86,dronescape
1368,electronic music,downtempo,duduk,#FF227A,#FD0A60,duduk
1369,electronic music,downtempo,dutch baroque,#FF227A,#FB2087,dutchbaroque
1370,electronic music,downtempo,dutch experimental,#FF227A,#FF0682,dutchexperimental
1371,electronic music,downtempo,early modern classical,#FF227A,#FD1268,earlymodernclassical
1372,electronic music,downtempo,early music,#FF227A,#FF1187,earlymusic
1373,electronic music,downtempo,early romantic era,#FF227A,#FE2A6E,earlyromanticera
1374,electronic music,downtempo,easy listening,#FF227A,#FF3B92,easylistening
1375,electronic music,downtempo,electroacoustic composition,#FF227A,#FB428B,electroacousticcomposition
1376,electronic music,downtempo,electroacoustic improvisation,#FF227A,#FD1C60,electroacousticimprovisation
1377,electronic music,downtempo,electronica,#FF227A,#FF338E,electronica
1378,electronic music,downtempo,english baroque,#FF227A,#FE2D84,englishbaroque
1379,electronic music,downtempo,english renaissance,#FF227A,#FF3389,englishrenaissance
1380,electronic music,downtempo,enka,#FF227A,#FF389D,enka
1381,electronic music,downtempo,environmental,#FF227A,#FF198E,environmental
1382,electronic music,downtempo,erhu,#FF227A,#FB084E,erhu
1383,electronic music,downtempo,erotic product,#FF227A,#FF2771,eroticproduct
1384,electronic music,downtempo,euphonium,#FF227A,#FE1064,euphonium
1385,electronic music,downtempo,experimental classical,#FF227A,#FE1B8A,experimentalclassical
1386,electronic music,downtempo,experimental folk,#FF227A,#FE2C94,experimentalfolk
1387,electronic music,downtempo,experimental guitar,#FF227A,#FF0D7D,experimentalguitar
1388,electronic music,downtempo,experimental psych,#FF227A,#FF3396,experimentalpsych
1389,electronic music,downtempo,fan chant,#FF227A,#FF0D5D,fanchant
1390,electronic music,downtempo,fantasy,#FF227A,#FB1055,fantasy
1391,electronic music,downtempo,fictitious orchestra,#FF227A,#FC2170,fictitiousorchestra
1392,electronic music,downtempo,field recording,#FF227A,#FF0882,fieldrecording
1393,electronic music,downtempo,finnish choir,#FF227A,#FF2A98,finnishchoir
1394,electronic music,downtempo,finnish classical,#FF227A,#FF0F80,finnishclassical
1395,electronic music,downtempo,fo jing,#FF227A,#FB2271,fojing
1396,electronic music,downtempo,focus,#FF227A,#FF267E,focus
1397,electronic music,downtempo,fourth world,#FF227A,#FE258B,fourthworld
1398,electronic music,downtempo,franco-flemish school,#FF227A,#FF2376,francoflemishschool
1399,electronic music,downtempo,free folk,#FF227A,#FF2365,freefolk
1400,electronic music,downtempo,french baroque,#FF227A,#FC0E73,frenchbaroque
1401,electronic music,downtempo,french indietronica,#FF227A,#FE3188,frenchindietronica
1402,electronic music,downtempo,french opera,#FF227A,#FF1D6F,frenchopera
1403,electronic music,downtempo,french orchestra,#FF227A,#FF2B94,frenchorchestra
1404,electronic music,downtempo,french renaissance,#FF227A,#FF3573,frenchrenaissance
1405,electronic music,downtempo,french romanticism,#FF227A,#FF2F9A,frenchromanticism
1406,electronic music,downtempo,french soundtrack,#FF227A,#FF1556,frenchsoundtrack
1407,electronic music,downtempo,galante era,#FF227A,#FA0C6D,galanteera
1408,electronic music,downtempo,gay chorus,#FF227A,#FE4190,gaychorus
1409,electronic music,downtempo,georgian folk,#FF227A,#FD1E5C,georgianfolk
1410,electronic music,downtempo,georgian polyphony,#FF227A,#FF1E93,georgianpolyphony
1411,electronic music,downtempo,german baroque,#FF227A,#FF248D,germanbaroque
1412,electronic music,downtempo,german choir,#FF227A,#FF3084,germanchoir
1413,electronic music,downtempo,german opera,#FF227A,#FF1B6B,germanopera
1414,electronic music,downtempo,german orchestra,#FF227A,#FD3878,germanorchestra
1415,electronic music,downtempo,german renaissance,#FF227A,#FF2990,germanrenaissance
1416,electronic music,downtempo,german romanticism,#FF227A,#FF3D8D,germanromanticism
1417,electronic music,downtempo,german soundtrack,#FF227A,#FF2262,germansoundtrack
1418,electronic music,downtempo,glass,#FF227A,#FF0883,glass
1419,electronic music,downtempo,glitch / clicks ‘n’ cuts,#FF227A,#FF267A,glitchclicks‘n’cuts
1420,electronic music,downtempo,greek clarinet,#FF227A,#FC2788,greekclarinet
1421,electronic music,downtempo,gregorian chant,#FF227A,#FF2683,gregorianchant
1422,electronic music,downtempo,guided meditation,#FF227A,#FE278F,guidedmeditation
1423,electronic music,downtempo,handbells,#FF227A,#FF0E88,handbells
1424,electronic music,downtempo,hardingfele,#FF227A,#FF389A,hardingfele
1425,electronic music,downtempo,harpsichord,#FF227A,#FF2976,harpsichord
1426,electronic music,downtempo,harsh noise wall,#FF227A,#FD1F7E,harshnoisewall
1427,electronic music,downtempo,healing,#FF227A,#FD197E,healing
1428,electronic music,downtempo,healing hz,#FF227A,#FE0976,healinghz
1429,electronic music,downtempo,hengelliset laulut,#FF227A,#FE0F79,hengellisetlaulut
1430,electronic music,downtempo,himene tarava,#FF227A,#FF2A92,himenetarava
1431,electronic music,downtempo,hindustani classical,#FF227A,#FF0B5F,hindustaniclassical
1432,electronic music,downtempo,hindustani vocal,#FF227A,#FE2460,hindustanivocal
1433,electronic music,downtempo,historic piano performance,#FF227A,#FF2476,historicpianoperformance
1434,electronic music,downtempo,historical keyboard,#FF227A,#FE3E79,historicalkeyboard
1435,electronic music,downtempo,historically informed performance,#FF227A,#FF2472,historicallyinformedperformance
1436,electronic music,downtempo,horo,#FF227A,#FD095E,horo
1437,electronic music,downtempo,hungarian choir,#FF227A,#FF3E9B,hungarianchoir
1438,electronic music,downtempo,huqin,#FF227A,#FE3495,huqin
1439,electronic music,downtempo,hypnosis,#FF227A,#FE2F8D,hypnosis
1440,electronic music,downtempo,icelandic choir,#FF227A,#FF2D7D,icelandicchoir
1441,electronic music,downtempo,icelandic classical,#FF227A,#FF2D7B,icelandicclassical
1442,electronic music,downtempo,icelandic electronic,#FF227A,#FF3175,icelandicelectronic
1443,electronic music,downtempo,icelandic experimental,#FF227A,#FC3F86,icelandicexperimental
1444,electronic music,downtempo,icelandic traditional,#FF227A,#FF1479,icelandictraditional
1445,electronic music,downtempo,impressionism,#FF227A,#FF2D85,impressionism
1446,electronic music,downtempo,indie liguria,#FF227A,#FF1581,indieliguria
1447,electronic music,downtempo,indonesian emo rap,#FF227A,#FF0885,indonesianemorap
1448,electronic music,downtempo,iranian experimental,#FF227A,#FF168C,iranianexperimental
1449,electronic music,downtempo,irish ballad,#FF227A,#FD0975,irishballad
1450,electronic music,downtempo,irish classical,#FF227A,#FF085A,irishclassical
1451,electronic music,downtempo,irish experimental,#FF227A,#FF1E71,irishexperimental
1452,electronic music,downtempo,irish flute,#FF227A,#FF3480,irishflute
1453,electronic music,downtempo,irish gaelic folk,#FF227A,#FF3F8C,irishgaelicfolk
1454,electronic music,downtempo,israeli classical,#FF227A,#FF1563,israeliclassical
1455,electronic music,downtempo,italian baritone,#FF227A,#FE4096,italianbaritone
1456,electronic music,downtempo,italian baroque,#FF227A,#FB177C,italianbaroque
1457,electronic music,downtempo,italian bass,#FF227A,#FC3187,italianbass
1458,electronic music,downtempo,italian choir,#FF227A,#FC3C9B,italianchoir
1459,electronic music,downtempo,italian mezzo-soprano,#FF227A,#FF0984,italianmezzosoprano
1460,electronic music,downtempo,italian opera,#FF227A,#FB387B,italianopera
1461,electronic music,downtempo,italian orchestra,#FF227A,#FE0684,italianorchestra
1462,electronic music,downtempo,italian renaissance,#FF227A,#FF1879,italianrenaissance
1463,electronic music,downtempo,italian romanticism,#FF227A,#FF1E8C,italianromanticism
1464,electronic music,downtempo,italian soprano,#FF227A,#FF085A,italiansoprano
1465,electronic music,downtempo,italian soundtrack,#FF227A,#FF3D77,italiansoundtrack
1466,electronic music,downtempo,italian tenor,#FF227A,#FF3F7E,italiantenor
1467,electronic music,downtempo,italian violin,#FF227A,#FF0683,italianviolin
1468,electronic music,downtempo,j-ambient,#FF227A,#FF0E7E,jambient
1469,electronic music,downtempo,japanese buddhist chant,#FF227A,#FB1B6E,japanesebuddhistchant
1470,electronic music,downtempo,japanese classical,#FF227A,#FC2667,japaneseclassical
1471,electronic music,downtempo,japanese orchestra,#FF227A,#FF0A86,japaneseorchestra
1472,electronic music,downtempo,japanese piano,#FF227A,#FB3C8F,japanesepiano
1473,electronic music,downtempo,japanese soundtrack,#FF227A,#FC4184,japanesesoundtrack
1474,electronic music,downtempo,japanese traditional,#FF227A,#FD2894,japanesetraditional
1475,electronic music,downtempo,japanese viral pop,#FF227A,#FF208B,japaneseviralpop
1476,electronic music,downtempo,javanese gamelan,#FF227A,#FB1F72,javanesegamelan
1477,electronic music,downtempo,jazz orchestra,#FF227A,#FB3C72,jazzorchestra
1478,electronic music,downtempo,jewish cantorial,#FF227A,#FF2A7F,jewishcantorial
1479,electronic music,downtempo,jugendchor,#FF227A,#FF2A68,jugendchor
1480,electronic music,downtempo,kaba gaida,#FF227A,#FF3375,kabagaida
1481,electronic music,downtempo,kantele,#FF227A,#FF128D,kantele
1482,electronic music,downtempo,kapa haka,#FF227A,#FF1C8A,kapahaka
1483,electronic music,downtempo,karntner volksmusik,#FF227A,#FC3495,karntnervolksmusik
1484,electronic music,downtempo,keller synth,#FF227A,#FE3D7A,kellersynth
1485,electronic music,downtempo,kerkkoor,#FF227A,#FF2A81,kerkkoor
1486,electronic music,downtempo,khayal,#FF227A,#FB398E,khayal
1487,electronic music,downtempo,klapa,#FF227A,#FF1D7F,klapa
1488,electronic music,downtempo,koledy,#FF227A,#FF2882,koledy
1489,electronic music,downtempo,korean musicals,#FF227A,#FB3277,koreanmusicals
1490,electronic music,downtempo,korean soundtrack,#FF227A,#FF0654,koreansoundtrack
1491,electronic music,downtempo,kosovan folk,#FF227A,#FF097F,kosovanfolk
1492,electronic music,downtempo,kundalini,#FF227A,#FF2273,kundalini
1493,electronic music,downtempo,kundiman,#FF227A,#FC2A93,kundiman
1494,electronic music,downtempo,laboratorio,#FF227A,#FF2997,laboratorio
1495,electronic music,downtempo,late romantic era,#FF227A,#FF227B,lateromanticera
1496,electronic music,downtempo,latin american baroque,#FF227A,#FD147F,latinamericanbaroque
1497,electronic music,downtempo,latin soundtrack,#FF227A,#FC3570,latinsoundtrack
1498,electronic music,downtempo,latmiya,#FF227A,#FF3387,latmiya
1499,electronic music,downtempo,lds,#FF227A,#FC0B76,lds
1500,electronic music,downtempo,lds instrumental,#FF227A,#FF1F82,ldsinstrumental
1501,electronic music,downtempo,liechtenstein,#FF227A,#FD417E,liechtenstein
1502,electronic music,downtempo,light music,#FF227A,#FF2B6D,lightmusic
1503,electronic music,downtempo,lounge / space age pop,#FF227A,#FF347F,loungespaceagepop
1504,electronic music,downtempo,lowercase,#FF227A,#FB0F85,lowercase
1505,electronic music,downtempo,lullaby,#FF227A,#FD3D8C,lullaby
1506,electronic music,downtempo,madrigal,#FF227A,#FE208F,madrigal
1507,electronic music,downtempo,marcha funebre,#FF227A,#FF2B70,marchafunebre
1508,electronic music,downtempo,marsmuziek,#FF227A,#FF1F8C,marsmuziek
1509,electronic music,downtempo,massage,#FF227A,#FB2288,massage
1510,electronic music,downtempo,medieval,#FF227A,#FC0F80,medieval
1511,electronic music,downtempo,medieval ensemble,#FF227A,#FF045C,medievalensemble
1512,electronic music,downtempo,meditation,#FF227A,#FF207D,meditation
1513,electronic music,downtempo,men's choir,#FF227A,#FF2768,men'schoir
1514,electronic music,downtempo,mevlevi sufi,#FF227A,#FD1E77,mevlevisufi
1515,electronic music,downtempo,mexican classical,#FF227A,#FD2F6B,mexicanclassical
1516,electronic music,downtempo,microtonal,#FF227A,#FF337C,microtonal
1517,electronic music,downtempo,middle earth,#FF227A,#FD3776,middleearth
1518,electronic music,downtempo,military band,#FF227A,#FF0780,militaryband
1519,electronic music,downtempo,mindfulness,#FF227A,#FA1A86,mindfulness
1520,electronic music,downtempo,minimalism,#FF227A,#FB1757,minimalism
1521,electronic music,downtempo,minnesang,#FF227A,#FD226F,minnesang
1522,electronic music,downtempo,modern cello,#FF227A,#FC0C80,moderncello
1523,electronic music,downtempo,modern chamber music,#FF227A,#FF1E5F,modernchambermusic
1524,electronic music,downtempo,modern electroacoustic,#FF227A,#FF1187,modernelectroacoustic
1525,electronic music,downtempo,modern performance,#FF227A,#FC3B74,modernperformance
1526,electronic music,downtempo,modern psychedelic folk,#FF227A,#FF2B6D,modernpsychedelicfolk
1527,electronic music,downtempo,mongolian folk,#FF227A,#FF237F,mongolianfolk
1528,electronic music,downtempo,moravian folk,#FF227A,#FF3283,moravianfolk
1529,electronic music,downtempo,musica antigua,#FF227A,#FF3872,musicaantigua
1530,electronic music,downtempo,musica de fondo,#FF227A,#FE1282,musicadefondo
1531,electronic music,downtempo,musica evangelica instrumental,#FF227A,#FC3FA0,musicaevangelicainstrumental
1532,electronic music,downtempo,musica sinfonica,#FF227A,#FB2E84,musicasinfonica
1533,electronic music,downtempo,musique ancienne,#FF227A,#FC258F,musiqueancienne
1534,electronic music,downtempo,musique concrete,#FF227A,#FF1C62,musiqueconcrete
1535,electronic music,downtempo,musique concrète,#FF227A,#FF3891,musiqueconcrète
1536,electronic music,downtempo,musique militaire,#FF227A,#FE0850,musiquemilitaire
1537,electronic music,downtempo,musique pour enfants,#FF227A,#FB0A76,musiquepourenfants
1538,electronic music,downtempo,muzak / elevator music,#FF227A,#FF1C80,muzakelevatormusic
1539,electronic music,downtempo,muzica bisericeasca,#FF227A,#FE218E,muzicabisericeasca
1540,electronic music,downtempo,native american flute,#FF227A,#FF1E69,nativeamericanflute
1541,electronic music,downtempo,native american traditional,#FF227A,#FF3582,nativeamericantraditional
1542,electronic music,downtempo,naturjodel,#FF227A,#FD0E77,naturjodel
1543,electronic music,downtempo,neo-classical,#FF227A,#FF226A,neoclassical
1544,electronic music,downtempo,neoclassical darkwave,#FF227A,#FC2B85,neoclassicaldarkwave
1545,electronic music,downtempo,neoclassicism,#FF227A,#FC1682,neoclassicism
1546,electronic music,downtempo,neru,#FF227A,#FF2482,neru
1547,electronic music,downtempo,new age,#FF227A,#FF1670,newage
1548,electronic music,downtempo,new england experimental,#FF227A,#FE1C76,newenglandexperimental
1549,electronic music,downtempo,new weird finland,#FF227A,#FF0869,newweirdfinland
1550,electronic music,downtempo,new zealand classical,#FF227A,#FF0D80,newzealandclassical
1551,electronic music,downtempo,ney,#FF227A,#FE348C,ney
1552,electronic music,downtempo,nohay,#FF227A,#FF2B6B,nohay
1553,electronic music,downtempo,nordic folk,#FF227A,#FF0A5D,nordicfolk
1554,electronic music,downtempo,nordic orchestra,#FF227A,#FF167F,nordicorchestra
1555,electronic music,downtempo,nordic soundtrack,#FF227A,#FF3372,nordicsoundtrack
1556,electronic music,downtempo,norwegian choir,#FF227A,#FF2884,norwegianchoir
1557,electronic music,downtempo,norwegian classical,#FF227A,#FE2A79,norwegianclassical
1558,electronic music,downtempo,norwegian folk,#FF227A,#FF337C,norwegianfolk
1559,electronic music,downtempo,nu age,#FF227A,#FF2877,nuage
1560,electronic music,downtempo,nyckelharpa,#FF227A,#FB115C,nyckelharpa
1561,electronic music,downtempo,ocean,#FF227A,#FD0D6F,ocean
1562,electronic music,downtempo,oceania soundtrack,#FF227A,#FF2967,oceaniasoundtrack
1563,electronic music,downtempo,opera,#FF227A,#FF3B8C,opera
1564,electronic music,downtempo,opera chorus,#FF227A,#FB1687,operachorus
1565,electronic music,downtempo,operatic pop,#FF227A,#FF0566,operaticpop
1566,electronic music,downtempo,operetta,#FF227A,#FF176E,operetta
1567,electronic music,downtempo,orchestra,#FF227A,#FB2974,orchestra
1568,electronic music,downtempo,orchestral performance,#FF227A,#FD3585,orchestralperformance
1569,electronic music,downtempo,orchestral soundtrack,#FF227A,#FC3C87,orchestralsoundtrack
1570,electronic music,downtempo,oriental classical,#FF227A,#FE3E73,orientalclassical
1571,electronic music,downtempo,orkiestra symfoniczna,#FF227A,#FD3174,orkiestrasymfoniczna
1572,electronic music,downtempo,orkney and shetland folk,#FF227A,#FE1465,orkneyandshetlandfolk
1573,electronic music,downtempo,orthodox chant,#FF227A,#FB2970,orthodoxchant
1574,electronic music,downtempo,oxford choir,#FF227A,#FF2386,oxfordchoir
1575,electronic music,downtempo,pastoral,#FF227A,#FF208C,pastoral
1576,electronic music,downtempo,persian neo-traditional,#FF227A,#FC0E73,persianneotraditional
1577,electronic music,downtempo,persian traditional,#FF227A,#FF0C79,persiantraditional
1578,electronic music,downtempo,pet calming,#FF227A,#FF389B,petcalming
1579,electronic music,downtempo,pibroch,#FF227A,#FF3E88,pibroch
1580,electronic music,downtempo,pilates,#FF227A,#FC0A6E,pilates
1581,electronic music,downtempo,police band,#FF227A,#FF3676,policeband
1582,electronic music,downtempo,polish choir,#FF227A,#FF1788,polishchoir
1583,electronic music,downtempo,polish classical,#FF227A,#FF0A60,polishclassical
1584,electronic music,downtempo,polish free jazz,#FF227A,#FD0A6E,polishfreejazz
1585,electronic music,downtempo,polyphonies corses,#FF227A,#FF2088,polyphoniescorses
1586,electronic music,downtempo,polyphony,#FF227A,#FF195F,polyphony
1587,electronic music,downtempo,pop violin,#FF227A,#FF1277,popviolin
1588,electronic music,downtempo,pops orchestra,#FF227A,#FD1F66,popsorchestra
1589,electronic music,downtempo,portuguese classical,#FF227A,#FF316C,portugueseclassical
1590,electronic music,downtempo,post-minimalism,#FF227A,#FE238F,postminimalism
1591,electronic music,downtempo,post-romantic era,#FF227A,#FF399D,postromanticera
1592,electronic music,downtempo,proto-hyperpop,#FF227A,#FD0C59,protohyperpop
1593,electronic music,downtempo,psalmen,#FF227A,#FD1687,psalmen
1594,electronic music,downtempo,psalms,#FF227A,#FF087A,psalms
1595,electronic music,downtempo,puirt-a-beul,#FF227A,#FF188B,puirtabeul
1596,electronic music,downtempo,quartetto d'archi,#FF227A,#FF226B,quartettod'archi
1597,electronic music,downtempo,quatuor a cordes,#FF227A,#FF177B,quatuoracordes
1598,electronic music,downtempo,rabindra sangeet,#FF227A,#FB356E,rabindrasangeet
1599,electronic music,downtempo,radio symphony,#FF227A,#FC277B,radiosymphony
1600,electronic music,downtempo,rain,#FF227A,#FC3E73,rain
1601,electronic music,downtempo,rap rock,#FF227A,#FF0870,raprock
1602,electronic music,downtempo,recorder,#FF227A,#FF339C,recorder
1603,electronic music,downtempo,reiki,#FF227A,#FF207E,reiki
1604,electronic music,downtempo,renaissance,#FF227A,#FF2B7E,renaissance
1605,electronic music,downtempo,rosary,#FF227A,#FF096F,rosary
1606,electronic music,downtempo,russian choir,#FF227A,#FB3874,russianchoir
1607,electronic music,downtempo,russian folk,#FF227A,#FF105E,russianfolk
1608,electronic music,downtempo,russian modern classical,#FF227A,#FE3C94,russianmodernclassical
1609,electronic music,downtempo,russian orchestra,#FF227A,#FF095C,russianorchestra
1610,electronic music,downtempo,russian romanticism,#FF227A,#FC0A60,russianromanticism
1611,electronic music,downtempo,ryukoka,#FF227A,#FE0A61,ryukoka
1612,electronic music,downtempo,salon music,#FF227A,#FD1F71,salonmusic
1613,electronic music,downtempo,santur,#FF227A,#FC207B,santur
1614,electronic music,downtempo,sarangi,#FF227A,#FB0F65,sarangi
1615,electronic music,downtempo,school choir,#FF227A,#FF3A98,schoolchoir
1616,electronic music,downtempo,school ensemble,#FF227A,#FF2681,schoolensemble
1617,electronic music,downtempo,scottish fiddle,#FF227A,#FF066D,scottishfiddle
1618,electronic music,downtempo,scottish folk,#FF227A,#FC0A5B,scottishfolk
1619,electronic music,downtempo,scottish smallpipe,#FF227A,#FD3C71,scottishsmallpipe
1620,electronic music,downtempo,scream rap,#FF227A,#FF2B90,screamrap
1621,electronic music,downtempo,sda a cappella,#FF227A,#FE3986,sdaacappella
1622,electronic music,downtempo,serialism,#FF227A,#FC2E74,serialism
1623,electronic music,downtempo,shakuhachi,#FF227A,#FF0754,shakuhachi
1624,electronic music,downtempo,shantykoren,#FF227A,#FF0E77,shantykoren
1625,electronic music,downtempo,shehnai,#FF227A,#FC0D7D,shehnai
1626,electronic music,downtempo,shush,#FF227A,#FF2A76,shush
1627,electronic music,downtempo,singing bowl,#FF227A,#FC0A5A,singingbowl
1628,electronic music,downtempo,ska catala,#FF227A,#FE165C,skacatala
1629,electronic music,downtempo,sleep,#FF227A,#FE3477,sleep
1630,electronic music,downtempo,solfeggio product,#FF227A,#FD2391,solfeggioproduct
1631,electronic music,downtempo,sound,#FF227A,#FF0F76,sound
1632,electronic music,downtempo,sound art,#FF227A,#FE1765,soundart
1633,electronic music,downtempo,sound effects,#FF227A,#FE1482,soundeffects
1634,electronic music,downtempo,soundtrack,#FF227A,#FC399B,soundtrack
1635,electronic music,downtempo,spa,#FF227A,#FF3C8E,spa
1636,electronic music,downtempo,spanish baroque,#FF227A,#FD3195,spanishbaroque
1637,electronic music,downtempo,spanish classical,#FF227A,#FF116B,spanishclassical
1638,electronic music,downtempo,spanish experimental,#FF227A,#FA0E5B,spanishexperimental
1639,electronic music,downtempo,spanish renaissance,#FF227A,#FF3788,spanishrenaissance
1640,electronic music,downtempo,spectra,#FF227A,#FF307C,spectra
1641,electronic music,downtempo,spirituals,#FF227A,#FF1E6A,spirituals
1642,electronic music,downtempo,staff band,#FF227A,#FF3B88,staffband
1643,electronic music,downtempo,starogradska,#FF227A,#FF0B88,starogradska
1644,electronic music,downtempo,streichquartett,#FF227A,#FC1E87,streichquartett
1645,electronic music,downtempo,string duo,#FF227A,#FF0D72,stringduo
1646,electronic music,downtempo,string orchestra,#FF227A,#FC1656,stringorchestra
1647,electronic music,downtempo,string quartet,#FF227A,#FF3F87,stringquartet
1648,electronic music,downtempo,string quintet,#FF227A,#FF2A68,stringquintet
1649,electronic music,downtempo,subliminal product,#FF227A,#FF1E7D,subliminalproduct
1650,electronic music,downtempo,sufi chant,#FF227A,#FB437C,sufichant
1651,electronic music,downtempo,swedish choir,#FF227A,#FD3974,swedishchoir
1652,electronic music,downtempo,swedish classical,#FF227A,#FF1658,swedishclassical
1653,electronic music,downtempo,swedish experimental,#FF227A,#FF2C96,swedishexperimental
1654,electronic music,downtempo,swedish fiddle,#FF227A,#FF1B6A,swedishfiddle
1655,electronic music,downtempo,swiss pop,#FF227A,#FD2291,swisspop
1656,electronic music,downtempo,symfonicky orchestr,#FF227A,#FF2685,symfonickyorchestr
1657,electronic music,downtempo,synth / electronica,#FF227A,#FF278F,synthelectronica
1658,electronic music,downtempo,synthetic classical,#FF227A,#FD3774,syntheticclassical
1659,electronic music,downtempo,synthwave & vaporwave,#FF227A,#FF2076,synthwave&vaporwave
1660,electronic music,downtempo,syro-aramaic chant,#FF227A,#FF306B,syroaramaicchant
1661,electronic music,downtempo,tagalog worship,#FF227A,#FF389E,tagalogworship
1662,electronic music,downtempo,taiwan campus folk,#FF227A,#FC3E7E,taiwancampusfolk
1663,electronic music,downtempo,taiwan instrumental,#FF227A,#FD2080,taiwaninstrumental
1664,electronic music,downtempo,therapy,#FF227A,#FB2E78,therapy
1665,electronic music,downtempo,theremin,#FF227A,#FF096C,theremin
1666,electronic music,downtempo,throat singing,#FF227A,#FD1F6E,throatsinging
1667,electronic music,downtempo,tibetan mantra,#FF227A,#FD3781,tibetanmantra
1668,electronic music,downtempo,tibetan traditional,#FF227A,#FC1685,tibetantraditional
1669,electronic music,downtempo,tone,#FF227A,#FF0E7C,tone
1670,electronic music,downtempo,totalism,#FF227A,#FC2A7C,totalism
1671,electronic music,downtempo,trallalero,#FF227A,#FE1D92,trallalero
1672,electronic music,downtempo,trecento,#FF227A,#FF1265,trecento
1673,electronic music,downtempo,trombone ensemble,#FF227A,#FE2A8A,tromboneensemble
1674,electronic music,downtempo,troubadour,#FF227A,#FF0B86,troubadour
1675,electronic music,downtempo,trouvere,#FF227A,#FE0D69,trouvere
1676,electronic music,downtempo,turk sanat muzigi,#FF227A,#FF148B,turksanatmuzigi
1677,electronic music,downtempo,turkce trap metal,#FF227A,#FF115B,turkcetrapmetal
1678,electronic music,downtempo,turkish classical,#FF227A,#FF366E,turkishclassical
1679,electronic music,downtempo,tuvan folk,#FF227A,#FE2262,tuvanfolk
1680,electronic music,downtempo,tzadik,#FF227A,#FF0553,tzadik
1681,electronic music,downtempo,uilleann pipes,#FF227A,#FC2B7A,uilleannpipes
1682,electronic music,downtempo,ukrainian choir,#FF227A,#FE3791,ukrainianchoir
1683,electronic music,downtempo,ukrainian classical,#FF227A,#FF0672,ukrainianclassical
1684,electronic music,downtempo,university choir,#FF227A,#FC3694,universitychoir
1685,electronic music,downtempo,victorian britain,#FF227A,#FF308A,victorianbritain
1686,electronic music,downtempo,vintage classical singing,#FF227A,#FB316B,vintageclassicalsinging
1687,electronic music,downtempo,vintage taiwan pop,#FF227A,#FF3C9A,vintagetaiwanpop
1688,electronic music,downtempo,viola,#FF227A,#FF298F,viola
1689,electronic music,downtempo,viola da gamba,#FF227A,#FC2B82,violadagamba
1690,electronic music,downtempo,violin,#FF227A,#FD138C,violin
1691,electronic music,downtempo,vocal ensemble,#FF227A,#FD0A73,vocalensemble
1692,electronic music,downtempo,wagnerian singing,#FF227A,#FC2A72,wagneriansinging
1693,electronic music,downtempo,wandelweiser,#FF227A,#FF0A8A,wandelweiser
1694,electronic music,downtempo,warm drone,#FF227A,#FF0E64,warmdrone
1695,electronic music,downtempo,water,#FF227A,#FD1B79,water
1696,electronic music,downtempo,welsh choir,#FF227A,#FD379D,welshchoir
1697,electronic music,downtempo,west end,#FF227A,#FE0950,westend
1698,electronic music,downtempo,whale song,#FF227A,#FC2189,whalesong
1699,electronic music,downtempo,white noise,#FF227A,#FB2679,whitenoise
1700,electronic music,downtempo,wind ensemble,#FF227A,#FF1066,windensemble
1701,electronic music,downtempo,wind quintet,#FF227A,#FE3B8C,windquintet
1702,electronic music,downtempo,wind symphony,#FF227A,#FC1B8F,windsymphony
1703,electronic music,downtempo,women's choir,#FF227A,#FF3F9F,women'schoir
1704,electronic music,downtempo,world devotional,#FF227A,#FF1688,worlddevotional
1705,electronic music,downtempo,world meditation,#FF227A,#FC2F8B,worldmeditation
1706,electronic music,downtempo,xenharmonic,#FF227A,#FF2F70,xenharmonic
1707,electronic music,downtempo,yoga,#FF227A,#FF1275,yoga
1708,electronic music,downtempo,youth orchestra,#FF227A,#FB367B,youthorchestra
1709,electronic music,downtempo,zampogna,#FF227A,#FF2E7F,zampogna
1710,electronic music,downtempo,zarzuela,#FF227A,#FC187A,zarzuela
1711,electronic music,downtempo,zen,#FF227A,#FE2E8E,zen
1712,electronic music,downtempo,zeuhl,#FF227A,#FC3180,zeuhl
1713,electronic music,downtempo,zxc,#FF227A,#FF1167,zxc
1714,electronic music,drum 'n' bass,acid trance,#D52633,#D73A51,acidtrance
1715,electronic music,drum 'n' bass,acidcore,#D52633,#C72334,acidcore
1716,electronic music,drum 'n' bass,australian electropop,#D52633,#CB272E,australianelectropop
1717,electronic music,drum 'n' bass,belgian dance,#D52633,#D93833,belgiandance
1718,electronic music,drum 'n' bass,bossbeat,#D52633,#BF2027,bossbeat
1719,electronic music,drum 'n' bass,bouncy house,#D52633,#D32335,bouncyhouse
1720,electronic music,drum 'n' bass,breakcore,#D52633,#BE2739,breakcore
1721,electronic music,drum 'n' bass,bubblegum dance,#D52633,#D92724,bubblegumdance
1722,electronic music,drum 'n' bass,canadian electropop,#D52633,#D02633,canadianelectropop
1723,electronic music,drum 'n' bass,cantaditas,#D52633,#C6252B,cantaditas
1724,electronic music,drum 'n' bass,chilean techno,#D52633,#DD232A,chileantechno
1725,electronic music,drum 'n' bass,chillsynth,#D52633,#DC2B4D,chillsynth
1726,electronic music,drum 'n' bass,classic disco polo,#D52633,#D9302C,classicdiscopolo
1727,electronic music,drum 'n' bass,classic progressive house,#D52633,#D84046,classicprogressivehouse
1728,electronic music,drum 'n' bass,c-pop girl group,#D52633,#DB223B,cpopgirlgroup
1729,electronic music,drum 'n' bass,danish electronic,#D52633,#BF2035,danishelectronic
1730,electronic music,drum 'n' bass,dariacore,#D52633,#BB253D,dariacore
1731,electronic music,drum 'n' bass,dark psytrance,#D52633,#D9353D,darkpsytrance
1732,electronic music,drum 'n' bass,darkcore & darkstep,#D52633,#CF1F2A,darkcore&darkstep
1733,electronic music,drum 'n' bass,deep breakcore,#D52633,#DC2624,deepbreakcore
1734,electronic music,drum 'n' bass,deep dance pop,#D52633,#DC2C49,deepdancepop
1735,electronic music,drum 'n' bass,deep darkpsy,#D52633,#DB2C2D,deepdarkpsy
1736,electronic music,drum 'n' bass,deep hardcore,#D52633,#D7413C,deephardcore
1737,electronic music,drum 'n' bass,deep liquid,#D52633,#DB2B25,deepliquid
1738,electronic music,drum 'n' bass,deep progressive trance,#D52633,#D62044,deepprogressivetrance
1739,electronic music,drum 'n' bass,deep vocal house,#D52633,#DC274A,deepvocalhouse
1740,electronic music,drum 'n' bass,demoscene,#D52633,#D92942,demoscene
1741,electronic music,drum 'n' bass,dream trance,#D52633,#CA283D,dreamtrance
1742,electronic music,drum 'n' bass,drum and bass,#D52633,#C4222E,drumandbass
1743,electronic music,drum 'n' bass,dubstep,#D52633,#CC2726,dubstep
1744,electronic music,drum 'n' bass,dungeon rap,#D52633,#D7353A,dungeonrap
1745,electronic music,drum 'n' bass,electro trash,#D52633,#BE262F,electrotrash
1746,electronic music,drum 'n' bass,euro hi-nrg,#D52633,#D42A46,eurohinrg
1747,electronic music,drum 'n' bass,eurodance,#D52633,#DB3750,eurodance
1748,electronic music,drum 'n' bass,finnish edm,#D52633,#C42A25,finnishedm
1749,electronic music,drum 'n' bass,forest psy,#D52633,#C4232B,forestpsy
1750,electronic music,drum 'n' bass,full on,#D52633,#D73B3B,fullon
1751,electronic music,drum 'n' bass,future bass & future garage,#D52633,#C12832,futurebass&futuregarage
1752,electronic music,drum 'n' bass,gamecore,#D52633,#D3233F,gamecore
1753,electronic music,drum 'n' bass,gaming dubstep,#D52633,#C21F25,gamingdubstep
1754,electronic music,drum 'n' bass,german techno,#D52633,#D73A53,germantechno
1755,electronic music,drum 'n' bass,german trance,#D52633,#C52028,germantrance
1756,electronic music,drum 'n' bass,glitter trance,#D52633,#C6253B,glittertrance
1757,electronic music,drum 'n' bass,goa psytrance,#D52633,#CD2326,goapsytrance
1758,electronic music,drum 'n' bass,goa trance,#D52633,#DB2C43,goatrance
1759,electronic music,drum 'n' bass,hands up,#D52633,#D83E48,handsup
1760,electronic music,drum 'n' bass,hard house,#D52633,#D0212E,hardhouse
1761,electronic music,drum 'n' bass,hard trance,#D52633,#D92A34,hardtrance
1762,electronic music,drum 'n' bass,hardstep & techstep,#D52633,#DF3353,hardstep&techstep
1763,electronic music,drum 'n' bass,hip house,#D52633,#D62836,hiphouse
1764,electronic music,drum 'n' bass,indonesian hyperpop,#D52633,#D84046,indonesianhyperpop
1765,electronic music,drum 'n' bass,industrial techno,#D52633,#D8282A,industrialtechno
1766,electronic music,drum 'n' bass,intelligent & jazzstep,#D52633,#C91E3D,intelligent&jazzstep
1767,electronic music,drum 'n' bass,italian trance,#D52633,#BD262C,italiantrance
1768,electronic music,drum 'n' bass,italo dance,#D52633,#DB3C5A,italodance
1769,electronic music,drum 'n' bass,japanese progressive house,#D52633,#D6312B,japaneseprogressivehouse
1770,electronic music,drum 'n' bass,jump up,#D52633,#C12827,jumpup
1771,electronic music,drum 'n' bass,jumpstyle,#D52633,#D63A36,jumpstyle
1772,electronic music,drum 'n' bass,jungle,#D52633,#DB3434,jungle
1773,electronic music,drum 'n' bass,k-pop boy group,#D52633,#D73948,kpopboygroup
1774,electronic music,drum 'n' bass,lagu madura,#D52633,#CC2629,lagumadura
1775,electronic music,drum 'n' bass,lezginka,#D52633,#C62736,lezginka
1776,electronic music,drum 'n' bass,liquid funk,#D52633,#CE2A2C,liquidfunk
1777,electronic music,drum 'n' bass,makina,#D52633,#CE2241,makina
1778,electronic music,drum 'n' bass,melbourne bounce,#D52633,#D72B2A,melbournebounce
1779,electronic music,drum 'n' bass,minimal synth,#D52633,#C41F37,minimalsynth
1780,electronic music,drum 'n' bass,moldovan pop,#D52633,#CB1F28,moldovanpop
1781,electronic music,drum 'n' bass,neue neue deutsche welle,#D52633,#DD364E,neueneuedeutschewelle
1782,electronic music,drum 'n' bass,neurofunk,#D52633,#DD2423,neurofunk
1783,electronic music,drum 'n' bass,new italo disco,#D52633,#C4242F,newitalodisco
1784,electronic music,drum 'n' bass,new romantic,#D52633,#DD3749,newromantic
1785,electronic music,drum 'n' bass,nitzhonot,#D52633,#BE273E,nitzhonot
1786,electronic music,drum 'n' bass,oktoberfest,#D52633,#C3222B,oktoberfest
1787,electronic music,drum 'n' bass,old school ebm,#D52633,#C82545,oldschoolebm
1788,electronic music,drum 'n' bass,old skool jungle & drum ‘n’ bass,#D52633,#D0262A,oldskooljungle&drum‘n’bass
1789,electronic music,drum 'n' bass,polish electronica,#D52633,#DB2242,polishelectronica
1790,electronic music,drum 'n' bass,pop house,#D52633,#C5211E,pophouse
1791,electronic music,drum 'n' bass,post- dubstep,#D52633,#DD3754,postdubstep
1792,electronic music,drum 'n' bass,post-teen pop,#D52633,#C02425,postteenpop
1793,electronic music,drum 'n' bass,progressive breaks,#D52633,#D72B48,progressivebreaks
1794,electronic music,drum 'n' bass,progressive trance house,#D52633,#CF2C27,progressivetrancehouse
1795,electronic music,drum 'n' bass,raggatek,#D52633,#D73B4A,raggatek
1796,electronic music,drum 'n' bass,rave,#D52633,#DA2634,rave
1797,electronic music,drum 'n' bass,reggae uruguayo,#D52633,#DC3F37,reggaeuruguayo
1798,electronic music,drum 'n' bass,russian dnb,#D52633,#D52446,russiandnb
1799,electronic music,drum 'n' bass,russian edm,#D52633,#D7283C,russianedm
1800,electronic music,drum 'n' bass,schranz,#D52633,#C7233E,schranz
1801,electronic music,drum 'n' bass,spanish electropop,#D52633,#D9284B,spanishelectropop
1802,electronic music,drum 'n' bass,stateside dnb,#D52633,#C31E3E,statesidednb
1803,electronic music,drum 'n' bass,taiwan electronic,#D52633,#DA3532,taiwanelectronic
1804,electronic music,drum 'n' bass,terrorcore,#D52633,#C11E38,terrorcore
1805,electronic music,drum 'n' bass,traprun,#D52633,#CF2822,traprun
1806,electronic music,drum 'n' bass,vgm remix,#D52633,#C32122,vgmremix
1807,rhythm music,dub,dub poetry,#66CC99,#6CCEA7,dubpoetry
1808,rhythm music,dub,dub product,#66CC99,#54C98A,dubproduct
1809,electronic music,early music,american early music,#FF227A,#FE2D8C,americanearlymusic
1810,electronic music,early music,early music choir,#FF227A,#F20093,earlymusicchoir
1811,electronic music,early music,early music ensemble,#FF227A,#FF0EA6,earlymusicensemble
1812,electronic music,early music,polish early music,#FF227A,#F2008A,polishearlymusic
1813,electronic music,early music,portuguese early music,#FF227A,#FF2D96,portugueseearlymusic
1814,rap / hip hop,east coast hip hop,deep east coast hip hop,#843D79,#85458D,deepeastcoasthiphop
1815,electronic music,electro house,progressive electro house,#D52633,#CB243A,progressiveelectrohouse
1816,electronic music,electronic music,breakbeat,#D52633,#D52633,breakbeat
1817,electronic music,electronic music,club,#D52633,#DD3340,club
1818,electronic music,electronic music,downtempo,#FF227A,#FF227A,downtempo
1819,electronic music,electronic music,drum 'n' bass,#D52633,#D52633,drum'n'bass
1820,electronic music,electronic music,electronic music,#D52633,#D52633,electronicmusic
1821,electronic music,electronic music,hardcore techno,#D52633,#D52633,hardcoretechno
1822,electronic music,electronic music,house,#D52633,#D52633,house
1823,electronic music,electronic music,techno,#D52633,#D52633,techno
1824,electronic music,electronic music,trance,#D52633,#D52633,trance
1825,heavy / experimental,experimental rock,experimental indie rock,#D84A27,#E0604A,experimentalindierock
1826,heavy / experimental,experimental rock,french experimental rock,#D84A27,#E46742,frenchexperimentalrock
1827,rock,finnish jazz,finnish modern jazz,#DCB250,#D7A044,finnishmodernjazz
1828,heavy / experimental,finnish metal,finnish heavy metal,#D0802F,#DC7A47,finnishheavymetal
1829,rock,finnish pop,finnish idol pop,#DCB250,#E4C95F,finnishidolpop
1830,heavy / experimental,folk metal,balkan folk metal,#D0802F,#D49F3C,balkanfolkmetal
1831,heavy / experimental,folk metal,deep folk metal,#D0802F,#D5A654,deepfolkmetal
1832,heavy / experimental,folk metal,folk metal latinoamericano,#D0802F,#D99349,folkmetallatinoamericano
1833,heavy / experimental,folk metal,italian folk metal,#D0802F,#D29846,italianfolkmetal
1834,heavy / experimental,folk metal,nordic folk metal,#D0802F,#C97F32,nordicfolkmetal
1835,heavy / experimental,folk metal,polish folk metal,#D0802F,#D99E4E,polishfolkmetal
1836,heavy / experimental,folk metal,russian folk metal,#D0802F,#DAAB4D,russianfolkmetal
1837,heavy / experimental,folk metal,slavic folk metal,#D0802F,#D4A555,slavicfolkmetal
1838,heavy / experimental,folk metal,spanish folk metal,#D0802F,#D2984B,spanishfolkmetal
1839,rock,folk rock,folk rock italiano,#DCB250,#DED44D,folkrockitaliano
1840,rock,folk rock,norwegian folk rock,#DCB250,#E4CA49,norwegianfolkrock
1841,rock,folk rock,psychedelic folk rock,#DCB250,#E2C64E,psychedelicfolkrock
1842,country / folk,folklore argentino,folklore nuevo argentino,#BDCC66,#A4CE5D,folklorenuevoargentino
1843,rhythm music,free jazz,deep free jazz,#4364B3,#4756AA,deepfreejazz
1844,rhythm music,free jazz,modern free jazz,#4364B3,#424CA0,modernfreejazz
1845,electronic music,full on,deep full on,#D52633,#CC2E35,deepfullon
1846,electronic music,full on,full on groove,#D52633,#CC2B2E,fullongroove
1847,rhythm music,funk,latin funk,#66CC99,#81CEAA,latinfunk
1848,rhythm music,funk,modern funk,#66CC99,#87D6AE,modernfunk
1849,rhythm music,funk,p funk,#66CC99,#73D08E,pfunk
1850,rhythm music,funk,traditional funk,#66CC99,#74CA9B,traditionalfunk
1851,rhythm music,funk ostentacao,deep funk ostentacao,#66CC99,#56C984,deepfunkostentacao
1852,pop,future bass,kawaii future bass,#FFEB91,#FCE773,kawaiifuturebass
1853,heavy / experimental,garage punk,australian garage punk,#D0802F,#D59D39,australiangaragepunk
1854,rock,garage rock,indie garage rock,#DCB250,#DD8E3B,indiegaragerock
1855,heavy / experimental,german metal,german heavy metal,#D0802F,#C76A35,germanheavymetal
1856,heavy / experimental,german metal,german pagan metal,#D0802F,#BB662A,germanpaganmetal
1857,electronic music,girl group,j-pop girl group,#D52633,#D73F6B,jpopgirlgroup
1858,rock,golden age rock,(mersey)beat / british invasion,#DCB250,#E1B355,merseybeatbritishinvasion
1859,rock,golden age rock,a cappella,#DCB250,#D9AF56,acappella
1860,rock,golden age rock,accordion band,#DCB250,#DDBC3E,accordionband
1861,rock,golden age rock,acoustic opm,#DCB250,#DBB653,acousticopm
1862,rock,golden age rock,acoustic pop,#DCB250,#DCAE4F,acousticpop
1863,rock,golden age rock,acoustic rock,#DCB250,#E1B85E,acousticrock
1864,rock,golden age rock,adoracao,#DCB250,#D6AD4B,adoracao
1865,rock,golden age rock,african experimental,#DCB250,#DDB354,africanexperimental
1866,rock,golden age rock,afrikaans gospel,#DCB250,#E0BC66,afrikaansgospel
1867,rock,golden age rock,ai,#DCB250,#D9993C,ai
1868,rock,golden age rock,alaska indie,#DCB250,#DAB439,alaskaindie
1869,rock,golden age rock,alternative americana,#DCB250,#E0BC4D,alternativeamericana
1870,rock,golden age rock,alternative country,#DCB250,#D99F49,alternativecountry
1871,rock,golden age rock,alternative pop,#DCB250,#DABA4D,alternativepop
1872,rock,golden age rock,ambient pop,#DCB250,#E2B363,ambientpop
1873,rock,golden age rock,anadolu rock,#DCB250,#DABA43,anadolurock
1874,rock,golden age rock,arabesk,#DCB250,#DAB454,arabesk
1875,rock,golden age rock,argentine hardcore,#DCB250,#DCBA57,argentinehardcore
1876,rock,golden age rock,arkansas indie,#DCB250,#DEBE4A,arkansasindie
1877,rock,golden age rock,armenian indie,#DCB250,#E1C468,armenianindie
1878,rock,golden age rock,austin americana,#DCB250,#D9A140,austinamericana
1879,rock,golden age rock,austin singer-songwriter,#DCB250,#D6A044,austinsingersongwriter
1880,rock,golden age rock,australian americana,#DCB250,#DFBC5B,australianamericana
1881,rock,golden age rock,australian experimental,#DCB250,#E0C252,australianexperimental
1882,rock,golden age rock,australian post-punk,#DCB250,#D5983C,australianpostpunk
1883,rock,golden age rock,azeri traditional,#DCB250,#D9BA47,azeritraditional
1884,rock,golden age rock,background jazz product,#DCB250,#DB9A3B,backgroundjazzproduct
1885,rock,golden age rock,baroque pop,#DCB250,#DBB756,baroquepop
1886,rock,golden age rock,bath indie,#DCB250,#D8B54D,bathindie
1887,rock,golden age rock,bay area indie,#DCB250,#DAA63E,bayareaindie
1888,rock,golden age rock,beatdown,#DCB250,#DFB857,beatdown
1889,rock,golden age rock,berlin school,#DCB250,#DDBF3C,berlinschool
1890,rock,golden age rock,bisaya worship,#DCB250,#DBBB5C,bisayaworship
1891,rock,golden age rock,bluegrass fiddle,#DCB250,#DBAD53,bluegrassfiddle
1892,rock,golden age rock,blues mexicano,#DCB250,#E2AF5B,bluesmexicano
1893,rock,golden age rock,bosstown sound,#DCB250,#DA9D45,bosstownsound
1894,rock,golden age rock,boston folk,#DCB250,#DFB748,bostonfolk
1895,rock,golden age rock,boston rock,#DCB250,#DBA543,bostonrock
1896,rock,golden age rock,brazilian post-rock,#DCB250,#D8A94F,brazilianpostrock
1897,rock,golden age rock,brazilian punk,#DCB250,#D7BC3E,brazilianpunk
1898,rock,golden age rock,bristol indie,#DCB250,#DCC55C,bristolindie
1899,rock,golden age rock,british blues,#DCB250,#DDAE6B,britishblues
1900,rock,golden age rock,british invasion,#DCB250,#DBA959,britishinvasion
1901,rock,golden age rock,british singer-songwriter,#DCB250,#DEC24C,britishsingersongwriter
1902,rock,golden age rock,brno indie,#DCB250,#D59C44,brnoindie
1903,rock,golden age rock,bubblegum pop,#DCB250,#DCB35D,bubblegumpop
1904,rock,golden age rock,buffalo ny indie,#DCB250,#D5963D,buffalonyindie
1905,rock,golden age rock,bulgarian experimental,#DCB250,#E0C967,bulgarianexperimental
1906,rock,golden age rock,canadian americana,#DCB250,#D9A34D,canadianamericana
1907,rock,golden age rock,canadian folk,#DCB250,#E2C062,canadianfolk
1908,rock,golden age rock,canadian garage rock,#DCB250,#DCB558,canadiangaragerock
1909,rock,golden age rock,canadian post-rock,#DCB250,#DBB460,canadianpostrock
1910,rock,golden age rock,canadian psychedelic,#DCB250,#E2C068,canadianpsychedelic
1911,rock,golden age rock,canadian rockabilly,#DCB250,#DEBB48,canadianrockabilly
1912,rock,golden age rock,canadian singer-songwriter,#DCB250,#D6B54B,canadiansingersongwriter
1913,rock,golden age rock,cancion melodica,#DCB250,#DFBF60,cancionmelodica
1914,rock,golden age rock,cantautor catala,#DCB250,#DAAA50,cantautorcatala
1915,rock,golden age rock,canterbury scene,#DCB250,#D9AE39,canterburyscene
1916,rock,golden age rock,canzone d'autore,#DCB250,#DABD4E,canzoned'autore
1917,rock,golden age rock,canzone genovese,#DCB250,#DCC462,canzonegenovese
1918,rock,golden age rock,chabad niggunim,#DCB250,#DA9E40,chabadniggunim
1919,rock,golden age rock,chanson quebecois,#DCB250,#E3C45B,chansonquebecois
1920,rock,golden age rock,chapman stick,#DCB250,#DCB565,chapmanstick
1921,rock,golden age rock,charlottesville indie,#DCB250,#D6BB4A,charlottesvilleindie
1922,rock,golden age rock,chicano punk,#DCB250,#E0BB54,chicanopunk
1923,rock,golden age rock,chinese minyao,#DCB250,#D7BC4E,chineseminyao
1924,rock,golden age rock,chinese post-rock,#DCB250,#DEB369,chinesepostrock
1925,rock,golden age rock,chinese worship,#DCB250,#DAA24C,chineseworship
1926,rock,golden age rock,christian uplift,#DCB250,#DABB3A,christianuplift
1927,rock,golden age rock,christmas product,#DCB250,#DEC354,christmasproduct
1928,rock,golden age rock,circus,#DCB250,#D5A044,circus
1929,rock,golden age rock,classic arab pop,#DCB250,#E1BE65,classicarabpop
1930,rock,golden age rock,classic czech pop,#DCB250,#DBA75F,classicczechpop
1931,rock,golden age rock,classic finnish pop,#DCB250,#D5B141,classicfinnishpop
1932,rock,golden age rock,classic girl group,#DCB250,#DDBB49,classicgirlgroup
1933,rock,golden age rock,classic iskelma,#DCB250,#DEC769,classiciskelma
1934,rock,golden age rock,classic israeli pop,#DCB250,#DDBE57,classicisraelipop
1935,rock,golden age rock,classic italian pop,#DCB250,#E2B059,classicitalianpop
1936,rock,golden age rock,classic luk thung,#DCB250,#DDB15F,classiclukthung
1937,rock,golden age rock,classic norwegian pop,#DCB250,#DBAF4C,classicnorwegianpop
1938,rock,golden age rock,classic opm,#DCB250,#DBBF44,classicopm
1939,rock,golden age rock,classic persian pop,#DCB250,#DBAC44,classicpersianpop
1940,rock,golden age rock,classic rock,#DCB250,#DABF59,classicrock
1941,rock,golden age rock,cleveland indie,#DCB250,#DEC15D,clevelandindie
1942,rock,golden age rock,cocuk sarkilari,#DCB250,#D9AF50,cocuksarkilari
1943,rock,golden age rock,comfy synth,#DCB250,#DBA243,comfysynth
1944,rock,golden age rock,coral gospel,#DCB250,#D5973D,coralgospel
1945,rock,golden age rock,cosmic american,#DCB250,#E1BD5B,cosmicamerican
1946,rock,golden age rock,country rock,#DCB250,#DBB55B,countryrock
1947,rock,golden age rock,c-pop,#DCB250,#E1C056,cpop
1948,rock,golden age rock,cymraeg,#DCB250,#DCAF5F,cymraeg
1949,rock,golden age rock,czech experimental,#DCB250,#DDAE68,czechexperimental
1950,rock,golden age rock,czech folk,#DCB250,#DFC143,czechfolk
1951,rock,golden age rock,danish experimental,#DCB250,#DC9F41,danishexperimental
1952,rock,golden age rock,danish indie pop,#DCB250,#D9B357,danishindiepop
1953,rock,golden age rock,danish singer-songwriter,#DCB250,#DDA23D,danishsingersongwriter
1954,rock,golden age rock,dark cabaret,#DCB250,#DBC254,darkcabaret
1955,rock,golden age rock,dark jazz,#DCB250,#DEBF42,darkjazz
1956,rock,golden age rock,dayton indie,#DCB250,#DCB035,daytonindie
1957,rock,golden age rock,deathgrass,#DCB250,#DBAA3D,deathgrass
1958,rock,golden age rock,deep hardcore punk,#DCB250,#DCB356,deephardcorepunk
1959,rock,golden age rock,deep punk rock,#DCB250,#DFAA4D,deeppunkrock
1960,rock,golden age rock,denton tx indie,#DCB250,#D8A148,dentontxindie
1961,rock,golden age rock,detroit rock,#DCB250,#D7AA3A,detroitrock
1962,rock,golden age rock,draaiorgel,#DCB250,#E1B65B,draaiorgel
1963,rock,golden age rock,dream pop,#DCB250,#D7A24A,dreampop
1964,rock,golden age rock,dundee indie,#DCB250,#DCB954,dundeeindie
1965,rock,golden age rock,dunedin sound,#DCB250,#DEBC61,dunedinsound
1966,rock,golden age rock,dutch americana,#DCB250,#D4AE44,dutchamericana
1967,rock,golden age rock,dutch blues,#DCB250,#E4BC65,dutchblues
1968,rock,golden age rock,dutch prog,#DCB250,#E2B059,dutchprog
1969,rock,golden age rock,dutch singer-songwriter,#DCB250,#DFB354,dutchsingersongwriter
1970,rock,golden age rock,early us punk,#DCB250,#DDC450,earlyuspunk
1971,rock,golden age rock,eastern bloc groove,#DCB250,#DCB534,easternblocgroove
1972,rock,golden age rock,ectofolk,#DCB250,#DBA134,ectofolk
1973,rock,golden age rock,emocore,#DCB250,#DFA74D,emocore
1974,rock,golden age rock,entehno,#DCB250,#E3BE65,entehno
1975,rock,golden age rock,epic collage,#DCB250,#DFBD67,epiccollage
1976,rock,golden age rock,estonian folk,#DCB250,#DEB454,estonianfolk
1977,rock,golden age rock,eugene indie,#DCB250,#DDB944,eugeneindie
1978,rock,golden age rock,euskal musica,#DCB250,#DCAB4D,euskalmusica
1979,rock,golden age rock,experimental jazz,#DCB250,#D3B63F,experimentaljazz
1980,rock,golden age rock,experimental synth,#DCB250,#DAAB5A,experimentalsynth
1981,rock,golden age rock,faroese folk,#DCB250,#E0C369,faroesefolk
1982,rock,golden age rock,faroese pop,#DCB250,#DBB945,faroesepop
1983,rock,golden age rock,finnish jazz,#DCB250,#DEB252,finnishjazz
1984,rock,golden age rock,finnish punk,#DCB250,#D7A851,finnishpunk
1985,rock,golden age rock,flute rock,#DCB250,#D49B43,fluterock
1986,rock,golden age rock,folk cantabria,#DCB250,#DA9B39,folkcantabria
1987,rock,golden age rock,folk punk,#DCB250,#D59A47,folkpunk
1988,rock,golden age rock,folk rock,#DCB250,#E4CB62,folkrock
1989,rock,golden age rock,football,#DCB250,#DB9F3D,football
1990,rock,golden age rock,freakbeat,#DCB250,#DCB04A,freakbeat
1991,rock,golden age rock,french rock-and-roll,#DCB250,#DEA74E,frenchrockandroll
1992,rock,golden age rock,garage punk blues,#DCB250,#D5AF46,garagepunkblues
1993,rock,golden age rock,gbvfi,#DCB250,#D7A842,gbvfi
1994,rock,golden age rock,german prog,#DCB250,#DDA93F,germanprog
1995,rock,golden age rock,glam / glitter / shock rock,#DCB250,#DBA042,glamglittershockrock
1996,rock,golden age rock,gospel antigas,#DCB250,#D7A244,gospelantigas
1997,rock,golden age rock,gospel italiano,#DCB250,#D6B93E,gospelitaliano
1998,rock,golden age rock,gospel soul,#DCB250,#DDA847,gospelsoul
1999,rock,golden age rock,greek guitar,#DCB250,#DFBE52,greekguitar
2000,rock,golden age rock,guggenmusik,#DCB250,#DEBE43,guggenmusik
2001,rock,golden age rock,halloween,#DCB250,#DBC15F,halloween
2002,rock,golden age rock,hard rock,#DCB250,#DEA958,hardrock
2003,rock,golden age rock,hare krishna,#DCB250,#DAAC51,harekrishna
2004,rock,golden age rock,hauntology,#DCB250,#DAB95B,hauntology
2005,rock,golden age rock,hawaiian punk,#DCB250,#E2BC65,hawaiianpunk
2006,rock,golden age rock,heartland rock,#DCB250,#D6A541,heartlandrock
2007,rock,golden age rock,heartland rock & a.o.r.,#DCB250,#D9C15A,heartlandrock&a.o.r.
2008,rock,golden age rock,hollywood,#DCB250,#E1C467,hollywood
2009,rock,golden age rock,hurdy-gurdy,#DCB250,#DBA550,hurdygurdy
2010,rock,golden age rock,icelandic folk,#DCB250,#DCBC62,icelandicfolk
2011,rock,golden age rock,icelandic indie,#DCB250,#E3CA62,icelandicindie
2012,rock,golden age rock,icelandic singer-songwriter,#DCB250,#E3C45E,icelandicsingersongwriter
2013,rock,golden age rock,idaho indie,#DCB250,#DFAB60,idahoindie
2014,rock,golden age rock,ilahiler,#DCB250,#D9AC46,ilahiler
2015,rock,golden age rock,indian ambient,#DCB250,#DCA842,indianambient
2016,rock,golden age rock,indie asturiana,#DCB250,#D89B38,indieasturiana
2017,rock,golden age rock,indie emo rock,#DCB250,#DEB35A,indieemorock
2018,rock,golden age rock,indie folk,#DCB250,#D6A53B,indiefolk
2019,rock,golden age rock,indie game soundtrack,#DCB250,#D69B3A,indiegamesoundtrack
2020,rock,golden age rock,indie singer-songwriter,#DCB250,#DEAB52,indiesingersongwriter
2021,rock,golden age rock,indiecoustica,#DCB250,#DBBB3B,indiecoustica
2022,rock,golden age rock,indonesian experimental,#DCB250,#DFB464,indonesianexperimental
2023,rock,golden age rock,indonesian folk,#DCB250,#E0BA5A,indonesianfolk
2024,rock,golden age rock,indonesian lo-fi pop,#DCB250,#DAAE5C,indonesianlofipop
2025,rock,golden age rock,indonesian singer-songwriter,#DCB250,#DAB445,indonesiansingersongwriter
2026,rock,golden age rock,instrumental rock,#DCB250,#E1B268,instrumentalrock
2027,rock,golden age rock,irish indie,#DCB250,#DCB937,irishindie
2028,rock,golden age rock,israeli rock,#DCB250,#D7AB38,israelirock
2029,rock,golden age rock,israeli singer-songwriter,#DCB250,#D9B74F,israelisingersongwriter
2030,rock,golden age rock,italian adult pop,#DCB250,#DBAE5D,italianadultpop
2031,rock,golden age rock,italian experimental,#DCB250,#DCA94F,italianexperimental
2032,rock,golden age rock,j-acoustic,#DCB250,#D6B846,jacoustic
2033,rock,golden age rock,jam band,#DCB250,#D8A653,jamband
2034,rock,golden age rock,japanese post-rock,#DCB250,#DFBA60,japanesepostrock
2035,rock,golden age rock,japanese prog,#DCB250,#D6B64C,japaneseprog
2036,rock,golden age rock,japanese psychedelic,#DCB250,#D59B3B,japanesepsychedelic
2037,rock,golden age rock,japanese vgm,#DCB250,#D8BE52,japanesevgm
2038,rock,golden age rock,jesus movement,#DCB250,#DCB950,jesusmovement
2039,rock,golden age rock,jovem guarda,#DCB250,#DDA450,jovemguarda
2040,rock,golden age rock,karelian folk,#DCB250,#DBAD60,karelianfolk
2041,rock,golden age rock,kashmiri pop,#DCB250,#D9A14A,kashmiripop
2042,rock,golden age rock,kayokyoku,#DCB250,#DEBE4D,kayokyoku
2043,rock,golden age rock,kentucky indie,#DCB250,#DAAB4F,kentuckyindie
2044,rock,golden age rock,kentucky roots,#DCB250,#D8A94C,kentuckyroots
2045,rock,golden age rock,kermis,#DCB250,#DCBC36,kermis
2046,rock,golden age rock,khmer,#DCB250,#DCB253,khmer
2047,rock,golden age rock,korean pop,#DCB250,#DEB665,koreanpop
2048,rock,golden age rock,korean singer-songwriter,#DCB250,#DEBB5B,koreansingersongwriter
2049,rock,golden age rock,korean superband,#DCB250,#D9A341,koreansuperband
2050,rock,golden age rock,k-pop ballad,#DCB250,#DEAE4C,kpopballad
2051,rock,golden age rock,laulaja-lauluntekija,#DCB250,#DBA34E,laulajalauluntekija
2052,rock,golden age rock,lds youth,#DCB250,#DEC051,ldsyouth
2053,rock,golden age rock,library music,#DCB250,#E4BD65,librarymusic
2054,rock,golden age rock,lilith,#DCB250,#D5A23E,lilith
2055,rock,golden age rock,lldm,#DCB250,#D9A650,lldm
2056,rock,golden age rock,lo-fi cover,#DCB250,#DDC55A,loficover
2057,rock,golden age rock,lo-fi emo,#DCB250,#DCAE51,lofiemo
2058,rock,golden age rock,louvor icm,#DCB250,#D69D3C,louvoricm
2059,rock,golden age rock,lund indie,#DCB250,#D3B83F,lundindie
2060,rock,golden age rock,maghreb,#DCB250,#E1AA53,maghreb
2061,rock,golden age rock,maine indie,#DCB250,#E0AD56,maineindie
2062,rock,golden age rock,mandible,#DCB250,#D7973B,mandible
2063,rock,golden age rock,manila sound,#DCB250,#E1C354,manilasound
2064,rock,golden age rock,math rock latinoamericano,#DCB250,#DFB368,mathrocklatinoamericano
2065,rock,golden age rock,medieval folk,#DCB250,#E1AE62,medievalfolk
2066,rock,golden age rock,mellow gold,#DCB250,#DBB359,mellowgold
2067,rock,golden age rock,memphis indie,#DCB250,#DEBA48,memphisindie
2068,rock,golden age rock,merseybeat,#DCB250,#E4BE62,merseybeat
2069,rock,golden age rock,messianic praise,#DCB250,#D7B13C,messianicpraise
2070,rock,golden age rock,metal salvadoreno,#DCB250,#DFAB5B,metalsalvadoreno
2071,rock,golden age rock,mexican experimental,#DCB250,#D9A558,mexicanexperimental
2072,rock,golden age rock,michigan folk,#DCB250,#DBAA44,michiganfolk
2073,rock,golden age rock,michigan indie,#DCB250,#DBAC57,michiganindie
2074,rock,golden age rock,midwest americana,#DCB250,#D5AA49,midwestamericana
2075,rock,golden age rock,midwest emo,#DCB250,#DCC159,midwestemo
2076,rock,golden age rock,missouri indie,#DCB250,#DBC35F,missouriindie
2077,rock,golden age rock,mizo gospel,#DCB250,#DCBC4E,mizogospel
2078,rock,golden age rock,modern blues rock,#DCB250,#DDB65B,modernbluesrock
2079,rock,golden age rock,modern enka,#DCB250,#DCB64C,modernenka
2080,rock,golden age rock,montana roots,#DCB250,#DFB168,montanaroots
2081,rock,golden age rock,mpb gospel,#DCB250,#DEB45E,mpbgospel
2082,rock,golden age rock,musica etnica,#DCB250,#E2BA5E,musicaetnica
2083,rock,golden age rock,musica folk asturiana,#DCB250,#D89F3D,musicafolkasturiana
2084,rock,golden age rock,musica mato-grossense,#DCB250,#DCB34B,musicamatogrossense
2085,rock,golden age rock,musica para ninos,#DCB250,#DAA541,musicaparaninos
2086,rock,golden age rock,musica pitiusa,#DCB250,#DDA842,musicapitiusa
2087,rock,golden age rock,musica portuguesa contemporanea,#DCB250,#E0BA5F,musicaportuguesacontemporanea
2088,rock,golden age rock,musica sarda,#DCB250,#DEC149,musicasarda
2089,rock,golden age rock,muzica usoara,#DCB250,#D8B039,muzicausoara
2090,rock,golden age rock,naija worship,#DCB250,#E2B85B,naijaworship
2091,rock,golden age rock,nashville americana,#DCB250,#E0B35E,nashvilleamericana
2092,rock,golden age rock,nasyid,#DCB250,#D4A43F,nasyid
2093,rock,golden age rock,nederpop,#DCB250,#DBAE5B,nederpop
2094,rock,golden age rock,neo kyma,#DCB250,#DDB05A,neokyma
2095,rock,golden age rock,neo-psychedelic,#DCB250,#D6A649,neopsychedelic
2096,rock,golden age rock,neo-singer-songwriter,#DCB250,#D6B03B,neosingersongwriter
2097,rock,golden age rock,neo-traditional bluegrass,#DCB250,#DBAE45,neotraditionalbluegrass
2098,rock,golden age rock,new americana,#DCB250,#DEA44C,newamericana
2099,rock,golden age rock,new jersey indie,#DCB250,#DAC35B,newjerseyindie
2100,rock,golden age rock,newcastle indie,#DCB250,#E2C15D,newcastleindie
2101,rock,golden age rock,newfoundland indie,#DCB250,#D9B137,newfoundlandindie
2102,rock,golden age rock,nisiotika,#DCB250,#DFA854,nisiotika
2103,rock,golden age rock,nordnorsk musikk,#DCB250,#DCB33C,nordnorskmusikk
2104,rock,golden age rock,normal indie,#DCB250,#DCA351,normalindie
2105,rock,golden age rock,norwegian contemporary jazz,#DCB250,#DFAF62,norwegiancontemporaryjazz
2106,rock,golden age rock,norwegian experimental,#DCB250,#D89C4A,norwegianexperimental
2107,rock,golden age rock,norwegian gospel,#DCB250,#DFBE4C,norwegiangospel
2108,rock,golden age rock,norwegian punk,#DCB250,#DEB66B,norwegianpunk
2109,rock,golden age rock,norwegian rock,#DCB250,#DAB046,norwegianrock
2110,rock,golden age rock,nueva ola chilena,#DCB250,#DCA455,nuevaolachilena
2111,rock,golden age rock,nueva ola peruana,#DCB250,#DFC25E,nuevaolaperuana
2112,rock,golden age rock,nz folk,#DCB250,#DCBA4A,nzfolk
2113,rock,golden age rock,nz singer-songwriter,#DCB250,#DCB864,nzsingersongwriter
2114,rock,golden age rock,ohio indie,#DCB250,#E0C167,ohioindie
2115,rock,golden age rock,ok indie,#DCB250,#E0C663,okindie
2116,rock,golden age rock,olympia wa indie,#DCB250,#DDAE61,olympiawaindie
2117,rock,golden age rock,opm,#DCB250,#DAB15B,opm
2118,rock,golden age rock,ostschlager,#DCB250,#DEC25D,ostschlager
2119,rock,golden age rock,paisley underground,#DCB250,#D7BA41,paisleyunderground
2120,rock,golden age rock,panpipe,#DCB250,#DEA351,panpipe
2121,rock,golden age rock,paracana,#DCB250,#DDBB46,paracana
2122,rock,golden age rock,pei indie,#DCB250,#DDB26A,peiindie
2123,rock,golden age rock,persian alternative,#DCB250,#E1B067,persianalternative
2124,rock,golden age rock,peruvian experimental,#DCB250,#D99F39,peruvianexperimental
2125,rock,golden age rock,philly indie,#DCB250,#DBAC3E,phillyindie
2126,rock,golden age rock,piano rock,#DCB250,#E0C34F,pianorock
2127,rock,golden age rock,pinoy singer-songwriter,#DCB250,#D6BB4B,pinoysingersongwriter
2128,rock,golden age rock,polish ambient,#DCB250,#D5A13D,polishambient
2129,rock,golden age rock,polish experimental,#DCB250,#DEB854,polishexperimental
2130,rock,golden age rock,polish folk,#DCB250,#DCBB44,polishfolk
2131,rock,golden age rock,polish modern jazz,#DCB250,#DFAF49,polishmodernjazz
2132,rock,golden age rock,polish prog,#DCB250,#DBB647,polishprog
2133,rock,golden age rock,polish psychedelia,#DCB250,#D6A84A,polishpsychedelia
2134,rock,golden age rock,pontian folk,#DCB250,#DAA356,pontianfolk
2135,rock,golden age rock,pop nacional antigas,#DCB250,#DFC86B,popnacionalantigas
2136,rock,golden age rock,pop romantico,#DCB250,#D8BB49,popromantico
2137,rock,golden age rock,pop worship,#DCB250,#DDB73B,popworship
2138,rock,golden age rock,praise,#DCB250,#E1B661,praise
2139,rock,golden age rock,progressive jazz fusion,#DCB250,#D8AA47,progressivejazzfusion
2140,rock,golden age rock,progressive rock,#DCB250,#DEC344,progressiverock
2141,rock,golden age rock,"progressive, art- & symphonic rock",#DCB250,#E0B667,"progressive,art&symphonicrock"
2142,rock,golden age rock,proto-metal,#DCB250,#DBB24B,protometal
2143,rock,golden age rock,psy / acid rock & psychedelia,#DCB250,#DEB266,psyacidrock&psychedelia
2144,rock,golden age rock,psychedelic folk,#DCB250,#D6A03F,psychedelicfolk
2145,rock,golden age rock,psychedelic jazz fusion,#DCB250,#DBBE48,psychedelicjazzfusion
2146,rock,golden age rock,psychedelic rock,#DCB250,#DCBD47,psychedelicrock
2147,rock,golden age rock,queer country,#DCB250,#DAB43E,queercountry
2148,rock,golden age rock,raga rock,#DCB250,#E0B850,ragarock
2149,rock,golden age rock,rhythm rock,#DCB250,#DAB153,rhythmrock
2150,rock,golden age rock,rock keyboard,#DCB250,#D7A541,rockkeyboard
2151,rock,golden age rock,rock of gibraltar,#DCB250,#E0BF55,rockofgibraltar
2152,rock,golden age rock,roots rock,#DCB250,#DCC05E,rootsrock
2153,rock,golden age rock,roots worship,#DCB250,#D4A741,rootsworship
2154,rock,golden age rock,rumeli turkuleri,#DCB250,#DFAD55,rumeliturkuleri
2155,rock,golden age rock,rusyn folk,#DCB250,#D69F4A,rusynfolk
2156,rock,golden age rock,rwandan gospel,#DCB250,#DCB25F,rwandangospel
2157,rock,golden age rock,sacred steel,#DCB250,#DCA239,sacredsteel
2158,rock,golden age rock,sami,#DCB250,#DBB25B,sami
2159,rock,golden age rock,santa fe indie,#DCB250,#DFBA4D,santafeindie
2160,rock,golden age rock,saskatchewan indie,#DCB250,#DAA436,saskatchewanindie
2161,rock,golden age rock,saxophone trio,#DCB250,#DBC560,saxophonetrio
2162,rock,golden age rock,scorecore,#DCB250,#D9B73D,scorecore
2163,rock,golden age rock,scottish americana,#DCB250,#D9B43E,scottishamericana
2164,rock,golden age rock,scottish singer-songwriter,#DCB250,#DCB060,scottishsingersongwriter
2165,rock,golden age rock,shamanic,#DCB250,#DEC65C,shamanic
2166,rock,golden age rock,sheffield indie,#DCB250,#D9BA39,sheffieldindie
2167,rock,golden age rock,show tunes,#DCB250,#E1AF63,showtunes
2168,rock,golden age rock,singaporean indie,#DCB250,#D5AE3C,singaporeanindie
2169,rock,golden age rock,singaporean mandopop,#DCB250,#DEC263,singaporeanmandopop
2170,rock,golden age rock,singaporean singer-songwriter,#DCB250,#D4AA3C,singaporeansingersongwriter
2171,rock,golden age rock,sitar,#DCB250,#E1C551,sitar
2172,rock,golden age rock,slovak folk,#DCB250,#D3AE40,slovakfolk
2173,rock,golden age rock,slovenske chvaly,#DCB250,#D9A858,slovenskechvaly
2174,rock,golden age rock,slushwave,#DCB250,#DDB65B,slushwave
2175,rock,golden age rock,soda pop,#DCB250,#E1B25A,sodapop
2176,rock,golden age rock,souldies,#DCB250,#E0B250,souldies
2177,rock,golden age rock,sound collage,#DCB250,#D9BA49,soundcollage
2178,rock,golden age rock,south african gospel,#DCB250,#E0B54A,southafricangospel
2179,rock,golden age rock,southampton indie,#DCB250,#DEBA65,southamptonindie
2180,rock,golden age rock,southern americana,#DCB250,#DBBD38,southernamericana
2181,rock,golden age rock,southern rock,#DCB250,#D8BA53,southernrock
2182,rock,golden age rock,spanish folk,#DCB250,#D5B23D,spanishfolk
2183,rock,golden age rock,spanish invasion,#DCB250,#DDB968,spanishinvasion
2184,rock,golden age rock,springfield mo indie,#DCB250,#E1AE5B,springfieldmoindie
2185,rock,golden age rock,streektaal,#DCB250,#D9AF3B,streektaal
2186,rock,golden age rock,sunshine pop,#DCB250,#DCAC56,sunshinepop
2187,rock,golden age rock,supergroup,#DCB250,#D9A950,supergroup
2188,rock,golden age rock,svensk progg,#DCB250,#D8B244,svenskprogg
2189,rock,golden age rock,swedish folk pop,#DCB250,#E4B664,swedishfolkpop
2190,rock,golden age rock,symphonic rock,#DCB250,#D9A641,symphonicrock
2191,rock,golden age rock,synth prog,#DCB250,#DDC05D,synthprog
2192,rock,golden age rock,synthesizer,#DCB250,#DDA939,synthesizer
2193,rock,golden age rock,syrian pop,#DCB250,#DDAB49,syrianpop
2194,rock,golden age rock,taarab,#DCB250,#E2C25A,taarab
2195,rock,golden age rock,taiwan experimental,#DCB250,#D9AD4D,taiwanexperimental
2196,rock,golden age rock,taiwan post-rock,#DCB250,#DAA655,taiwanpostrock
2197,rock,golden age rock,taiwan singer-songwriter,#DCB250,#DAAF57,taiwansingersongwriter
2198,rock,golden age rock,taiwanese indigenous music,#DCB250,#D9B837,taiwaneseindigenousmusic
2199,rock,golden age rock,taraneem,#DCB250,#D5A246,taraneem
2200,rock,golden age rock,tassie indie,#DCB250,#DEBC50,tassieindie
2201,rock,golden age rock,tavern,#DCB250,#D9A647,tavern
2202,rock,golden age rock,tennessee experimental,#DCB250,#DFA553,tennesseeexperimental
2203,rock,golden age rock,texas punk,#DCB250,#DAAA4D,texaspunk
2204,rock,golden age rock,thai folk,#DCB250,#D7A848,thaifolk
2205,rock,golden age rock,theme,#DCB250,#D4B53F,theme
2206,rock,golden age rock,trash rock,#DCB250,#DEB452,trashrock
2207,rock,golden age rock,trekkspill,#DCB250,#D7B148,trekkspill
2208,rock,golden age rock,tulum,#DCB250,#DCAE64,tulum
2209,rock,golden age rock,tuna universitaria,#DCB250,#DCA74C,tunauniversitaria
2210,rock,golden age rock,turkish experimental,#DCB250,#DBBE42,turkishexperimental
2211,rock,golden age rock,turkish folk,#DCB250,#DFB060,turkishfolk
2212,rock,golden age rock,turkish jazz,#DCB250,#D8A53E,turkishjazz
2213,rock,golden age rock,turkish psych,#DCB250,#DFB266,turkishpsych
2214,rock,golden age rock,turkish soundtrack,#DCB250,#DCB759,turkishsoundtrack
2215,rock,golden age rock,uk worship,#DCB250,#DAA33F,ukworship
2216,rock,golden age rock,uyghur pop,#DCB250,#DAB64A,uyghurpop
2217,rock,golden age rock,vermont indie,#DCB250,#DEB943,vermontindie
2218,rock,golden age rock,via,#DCB250,#D9B75A,via
2219,rock,golden age rock,viet instrumental,#DCB250,#DBBB34,vietinstrumental
2220,rock,golden age rock,vietnamese bolero,#DCB250,#D8A147,vietnamesebolero
2221,rock,golden age rock,vietnamese singer-songwriter,#DCB250,#DFB564,vietnamesesingersongwriter
2222,rock,golden age rock,viking folk,#DCB250,#E4B465,vikingfolk
2223,rock,golden age rock,villancicos,#DCB250,#DDBD47,villancicos
2224,rock,golden age rock,vintage cantonese pop,#DCB250,#E0B050,vintagecantonesepop
2225,rock,golden age rock,vintage dutch pop,#DCB250,#DBBB54,vintagedutchpop
2226,rock,golden age rock,vintage french electronic,#DCB250,#D6983B,vintagefrenchelectronic
2227,rock,golden age rock,washington indie,#DCB250,#DBAF62,washingtonindie
2228,rock,golden age rock,west bengali pop,#DCB250,#DBB047,westbengalipop
2229,rock,golden age rock,west virginia indie,#DCB250,#E1CA60,westvirginiaindie
2230,rock,golden age rock,west yorkshire indie,#DCB250,#E3B365,westyorkshireindie
2231,rock,golden age rock,western americana,#DCB250,#DDBE5F,westernamericana
2232,rhythm music,gospel,(negro) spirituals & worksongs,#4364B3,#4465AE,negrospirituals&worksongs
2233,rhythm music,gospel,alphorn,#4364B3,#3E6AB2,alphorn
2234,rhythm music,gospel,appenzeller folk,#4364B3,#4771BF,appenzellerfolk
2235,rhythm music,gospel,arab experimental,#4364B3,#4E79BD,arabexperimental
2236,rhythm music,gospel,arabic instrumental,#4364B3,#3E55A7,arabicinstrumental
2237,rhythm music,gospel,armenian folk,#4364B3,#4065A3,armenianfolk
2238,rhythm music,gospel,australian singer-songwriter,#4364B3,#4059A4,australiansingersongwriter
2239,rhythm music,gospel,balfolk,#4364B3,#4066AE,balfolk
2240,rhythm music,gospel,band organ,#4364B3,#5179BF,bandorgan
2241,rhythm music,gospel,breton folk,#4364B3,#5078B9,bretonfolk
2242,rhythm music,gospel,brill building pop,#4364B3,#5076BB,brillbuildingpop
2243,rhythm music,gospel,cambodian rock,#4364B3,#4A6FC1,cambodianrock
2244,rhythm music,gospel,canadian celtic,#4364B3,#537EBD,canadianceltic
2245,rhythm music,gospel,canadian indie folk,#4364B3,#516AB9,canadianindiefolk
2246,rhythm music,gospel,cantonese opera,#4364B3,#3E58AC,cantoneseopera
2247,rhythm music,gospel,cantonese worship,#4364B3,#3F66A4,cantoneseworship
2248,rhythm music,gospel,chant basque,#4364B3,#41659D,chantbasque
2249,rhythm music,gospel,children's choir,#4364B3,#4B62C1,children'schoir
2250,rhythm music,gospel,chinese audiophile,#4364B3,#405CB4,chineseaudiophile
2251,rhythm music,gospel,classic azeri pop,#4364B3,#416FAF,classicazeripop
2252,rhythm music,gospel,classic tunisian pop,#4364B3,#4457AB,classictunisianpop
2253,rhythm music,gospel,classic turkish pop,#4364B3,#425FAB,classicturkishpop
2254,rhythm music,gospel,classic ukrainian pop,#4364B3,#3E59A1,classicukrainianpop
2255,rhythm music,gospel,college a cappella,#4364B3,#546BBE,collegeacappella
2256,rhythm music,gospel,croatian folk,#4364B3,#506ABD,croatianfolk
2257,rhythm music,gospel,danish folk,#4364B3,#4261B2,danishfolk
2258,rhythm music,gospel,drone folk,#4364B3,#3B4FAE,dronefolk
2259,rhythm music,gospel,drone psych,#4364B3,#446BB8,dronepsych
2260,rhythm music,gospel,duluth indie,#4364B3,#3952A5,duluthindie
2261,rhythm music,gospel,dutch musical,#4364B3,#3D5BA3,dutchmusical
2262,rhythm music,gospel,experimental,#4364B3,#3E649F,experimental
2263,rhythm music,gospel,experimental big band,#4364B3,#3A60A1,experimentalbigband
2264,rhythm music,gospel,experimental percussion,#4364B3,#4561B7,experimentalpercussion
2265,rhythm music,gospel,experimental vocal,#4364B3,#476EB8,experimentalvocal
2266,rhythm music,gospel,family gospel,#4364B3,#3C5FA0,familygospel
2267,rhythm music,gospel,finnish folk,#4364B3,#3E55A9,finnishfolk
2268,rhythm music,gospel,finnish tango,#4364B3,#4769AE,finnishtango
2269,rhythm music,gospel,folkmusik,#4364B3,#425FB8,folkmusik
2270,rhythm music,gospel,freak folk,#4364B3,#4873BA,freakfolk
2271,rhythm music,gospel,german show tunes,#4364B3,#4965B9,germanshowtunes
2272,rhythm music,gospel,gotlandsk musik,#4364B3,#415AAD,gotlandskmusik
2273,rhythm music,gospel,hawaiian,#4364B3,#405DBA,hawaiian
2274,rhythm music,gospel,himalayan folk,#4364B3,#4967B5,himalayanfolk
2275,rhythm music,gospel,hinos ccb,#4364B3,#4B70BC,hinosccb
2276,rhythm music,gospel,indie anthem-folk,#4364B3,#455DBE,indieanthemfolk
2277,rhythm music,gospel,irish country,#4364B3,#4573B8,irishcountry
2278,rhythm music,gospel,irish neo-traditional,#4364B3,#4F64B9,irishneotraditional
2279,rhythm music,gospel,irish rebel song,#4364B3,#4467B1,irishrebelsong
2280,rhythm music,gospel,irish singer-songwriter,#4364B3,#3B5BA7,irishsingersongwriter
2281,rhythm music,gospel,isle of man indie,#4364B3,#5070BB,isleofmanindie
2282,rhythm music,gospel,israeli folk,#4364B3,#3858A3,israelifolk
2283,rhythm music,gospel,italian mandolin,#4364B3,#3A56A4,italianmandolin
2284,rhythm music,gospel,japanese folk,#4364B3,#3750A1,japanesefolk
2285,rhythm music,gospel,jazz rock,#4364B3,#405FA7,jazzrock
2286,rhythm music,gospel,jewish a capella,#4364B3,#3D4F9C,jewishacapella
2287,rhythm music,gospel,joseon pop,#4364B3,#4053A1,joseonpop
2288,rhythm music,gospel,kirtan,#4364B3,#465DAE,kirtan
2289,rhythm music,gospel,korean ost,#4364B3,#436CBA,koreanost
2290,rhythm music,gospel,korean worship,#4364B3,#4557AF,koreanworship
2291,rhythm music,gospel,latvian folk,#4364B3,#3F60A9,latvianfolk
2292,rhythm music,gospel,lo-fi indie,#4364B3,#4867B4,lofiindie
2293,rhythm music,gospel,louvor,#4364B3,#416EBB,louvor
2294,rhythm music,gospel,marci brijuzi,#4364B3,#3F64A1,marcibrijuzi
2295,rhythm music,gospel,modern gospel,#4364B3,#3E5AA0,moderngospel
2296,rhythm music,gospel,modern indie folk,#4364B3,#4E70B8,modernindiefolk
2297,rhythm music,gospel,moog,#4364B3,#384FA6,moog
2298,rhythm music,gospel,musica bautista,#4364B3,#436FB8,musicabautista
2299,rhythm music,gospel,musica popular mineira,#4364B3,#3C51A9,musicapopularmineira
2300,rhythm music,gospel,musiqi-ye zanan,#4364B3,#435CA6,musiqiyezanan
2301,rhythm music,gospel,muzica ardeleneasca,#4364B3,#3C5EAA,muzicaardeleneasca
2302,rhythm music,gospel,nashville singer-songwriter,#4364B3,#436BB4,nashvillesingersongwriter
2303,rhythm music,gospel,neo-pagan,#4364B3,#4E6EB7,neopagan
2304,rhythm music,gospel,new weird america,#4364B3,#476CAE,newweirdamerica
2305,rhythm music,gospel,noel quebecois,#4364B3,#3C53A3,noelquebecois
2306,rhythm music,gospel,north dakota indie,#4364B3,#3F69A4,northdakotaindie
2307,rhythm music,gospel,norwegian jazz,#4364B3,#3B55A8,norwegianjazz
2308,rhythm music,gospel,norwegian singer-songwriter,#4364B3,#3C63AC,norwegiansingersongwriter
2309,rhythm music,gospel,outsider,#4364B3,#445BBF,outsider
2310,rhythm music,gospel,pop folk,#4364B3,#486FBF,popfolk
2311,rhythm music,gospel,portuguese experimental,#4364B3,#3E5DAE,portugueseexperimental
2312,rhythm music,gospel,portuguese folk,#4364B3,#3E6DB2,portuguesefolk
2313,rhythm music,gospel,prog quebec,#4364B3,#425FB1,progquebec
2314,rhythm music,gospel,quarteto gospel,#4364B3,#4860B3,quartetogospel
2315,rhythm music,gospel,ragtime & stride,#4364B3,#416CB8,ragtime&stride
2316,rhythm music,gospel,relipop & -rock / ccm,#4364B3,#496DB3,relipop&rockccm
2317,rhythm music,gospel,rock in opposition,#4364B3,#567ABC,rockinopposition
2318,rhythm music,gospel,rock progressif francais,#4364B3,#4262A4,rockprogressiffrancais
2319,rhythm music,gospel,russian modern jazz,#4364B3,#3E5AA6,russianmodernjazz
2320,rhythm music,gospel,scottish gaelic folk,#4364B3,#4266A2,scottishgaelicfolk
2321,rhythm music,gospel,sefardi,#4364B3,#586CBB,sefardi
2322,rhythm music,gospel,serbian folk,#4364B3,#466FB0,serbianfolk
2323,rhythm music,gospel,slowcore,#4364B3,#3F67AB,slowcore
2324,rhythm music,gospel,small room,#4364B3,#406DB4,smallroom
2325,rhythm music,gospel,southern gospel,#4364B3,#4A66C1,southerngospel
2326,rhythm music,gospel,stomp and flutter,#4364B3,#556BBE,stompandflutter
2327,rhythm music,gospel,swedish americana,#4364B3,#4764C0,swedishamericana
2328,rhythm music,gospel,swedish indie folk,#4364B3,#5677B9,swedishindiefolk
2329,rhythm music,gospel,swedish prog,#4364B3,#3C569E,swedishprog
2330,rhythm music,gospel,swedish singer-songwriter,#4364B3,#536BBC,swedishsingersongwriter
2331,rhythm music,gospel,tamburica,#4364B3,#3B67A3,tamburica
2332,rhythm music,gospel,tatar folk,#4364B3,#4068B5,tatarfolk
2333,rhythm music,gospel,traditional gospel,#4364B3,#4866B2,traditionalgospel
2334,rhythm music,gospel,traditional scottish folk,#4364B3,#4E62BD,traditionalscottishfolk
2335,rhythm music,gospel,tuna,#4364B3,#3B54A2,tuna
2336,rhythm music,gospel,turkish instrumental,#4364B3,#516DB8,turkishinstrumental
2337,rhythm music,gospel,uk americana,#4364B3,#4772C0,ukamericana
2338,rhythm music,gospel,uwielbienie,#4364B3,#4F6CC3,uwielbienie
2339,rhythm music,gospel,vietnamese pop,#4364B3,#3C56A7,vietnamesepop
2340,rhythm music,gospel,vintage chinese pop,#4364B3,#5379BE,vintagechinesepop
2341,rhythm music,gospel,vintage french psychedelic,#4364B3,#4C6DBE,vintagefrenchpsychedelic
2342,rhythm music,gospel,vintage swoon,#4364B3,#3E6EB2,vintageswoon
2343,rhythm music,gospel,yoik,#4364B3,#4260B3,yoik
2344,rhythm music,gospel,yu-mex,#4364B3,#455DB1,yumex
2345,rhythm music,gospel,zcc,#4364B3,#4663B2,zcc
2346,heavy / experimental,gothic metal,italian gothic metal,#D0802F,#BE6A2D,italiangothicmetal
2347,rock,gothic post-punk,deep gothic post-punk,#DCB250,#D27D30,deepgothicpostpunk
2348,pop,gothic rock,heavy gothic rock,#FFEB91,#FFE26D,heavygothicrock
2349,pop,greek rock,classic greek rock,#FFEB91,#FBFD87,classicgreekrock
2350,heavy / experimental,groove metal,melodic groove metal,#D0802F,#B4652F,melodicgroovemetal
2351,heavy / experimental,groove metal,progressive groove metal,#D0802F,#D28E33,progressivegroovemetal
2352,heavy / experimental,groove metal,technical groove metal,#D0802F,#B16929,technicalgroovemetal
2353,electronic music,happy hardcore,deep happy hardcore,#D52633,#D22C3D,deephappyhardcore
2354,rock,hardcore punk,ambient black metal,#DCB250,#DBB75B,ambientblackmetal
2355,rock,hardcore punk,american grindcore,#DCB250,#D5A03C,americangrindcore
2356,rock,hardcore punk,appalachian black metal,#DCB250,#E0BD4D,appalachianblackmetal
2357,rock,hardcore punk,atmospheric post-rock,#DCB250,#DBAE45,atmosphericpostrock
2358,rock,hardcore punk,belgian hardcore,#DCB250,#DEBC49,belgianhardcore
2359,rock,hardcore punk,black death,#DCB250,#DB993D,blackdeath
2360,rock,hardcore punk,black noise,#DCB250,#D7B13F,blacknoise
2361,rock,hardcore punk,blackened crust,#DCB250,#D3B63F,blackenedcrust
2362,rock,hardcore punk,boston hardcore,#DCB250,#E0C259,bostonhardcore
2363,rock,hardcore punk,brazilian doom metal,#DCB250,#DF9F45,braziliandoommetal
2364,rock,hardcore punk,brazilian lo-fi rock,#DCB250,#DAAC47,brazilianlofirock
2365,rock,hardcore punk,british grindcore,#DCB250,#E0B15C,britishgrindcore
2366,rock,hardcore punk,buffalo ny metal,#DCB250,#DFAD56,buffalonymetal
2367,rock,hardcore punk,cascadian black metal,#DCB250,#DCBA3A,cascadianblackmetal
2368,rock,hardcore punk,cavernous death metal,#DCB250,#D6B746,cavernousdeathmetal
2369,rock,hardcore punk,chaotic black metal,#DCB250,#DDBB57,chaoticblackmetal
2370,rock,hardcore punk,chilean black metal,#DCB250,#DEC763,chileanblackmetal
2371,rock,hardcore punk,christian doom metal,#DCB250,#E0C651,christiandoommetal
2372,rock,hardcore punk,colombian black metal,#DCB250,#DEAA59,colombianblackmetal
2373,rock,hardcore punk,cosmic post-rock,#DCB250,#E0B769,cosmicpostrock
2374,rock,hardcore punk,crossover thrash,#DCB250,#DDAC57,crossoverthrash
2375,rock,hardcore punk,death industrial,#DCB250,#DEB160,deathindustrial
2376,rock,hardcore punk,depressive black metal,#DCB250,#DB9B43,depressiveblackmetal
2377,rock,hardcore punk,dissonant death metal,#DCB250,#DDBB5C,dissonantdeathmetal
2378,rock,hardcore punk,drone metal,#DCB250,#D9AC5A,dronemetal
2379,rock,hardcore punk,drone rock,#DCB250,#E1CA69,dronerock
2380,rock,hardcore punk,emoviolence,#DCB250,#DFC25C,emoviolence
2381,rock,hardcore punk,experimental black metal,#DCB250,#DCC056,experimentalblackmetal
2382,rock,hardcore punk,finnish hardcore,#DCB250,#DAB33E,finnishhardcore
2383,rock,hardcore punk,forest black metal,#DCB250,#E2BA5E,forestblackmetal
2384,rock,hardcore punk,funeral doom,#DCB250,#D69C3B,funeraldoom
2385,rock,hardcore punk,garage pop,#DCB250,#D6B347,garagepop
2386,rock,hardcore punk,grim death metal,#DCB250,#DBBD59,grimdeathmetal
2387,rock,hardcore punk,grindcore,#DCB250,#DAB84B,grindcore
2388,rock,hardcore punk,instrumental post-rock,#DCB250,#DBB94C,instrumentalpostrock
2389,rock,hardcore punk,italian hardcore,#DCB250,#E0B762,italianhardcore
2390,rock,hardcore punk,italian metal,#DCB250,#DFC760,italianmetal
2391,rock,hardcore punk,italian screamo,#DCB250,#E2CA5D,italianscreamo
2392,rock,hardcore punk,math rock & mathcore,#DCB250,#E2BE5E,mathrock&mathcore
2393,rock,hardcore punk,mathgrind,#DCB250,#D8A13E,mathgrind
2394,rock,hardcore punk,metal mineiro,#DCB250,#DBAE3E,metalmineiro
2395,rock,hardcore punk,metalcore / nwoahm,#DCB250,#DCAB47,metalcorenwoahm
2396,rock,hardcore punk,mexican black metal,#DCB250,#DFBB5F,mexicanblackmetal
2397,rock,hardcore punk,mexican thrash metal,#DCB250,#DAB850,mexicanthrashmetal
2398,rock,hardcore punk,mincecore,#DCB250,#DDAA5F,mincecore
2399,rock,hardcore punk,neo-trad doom metal,#DCB250,#DBA533,neotraddoommetal
2400,rock,hardcore punk,new england hardcore,#DCB250,#DEB760,newenglandhardcore
2401,rock,hardcore punk,new wave of osdm,#DCB250,#DBAC40,newwaveofosdm
2402,rock,hardcore punk,new york death metal,#DCB250,#E0B359,newyorkdeathmetal
2403,rock,hardcore punk,original hardcore (punk),#DCB250,#D6A838,originalhardcorepunk
2404,rock,hardcore punk,pennsylvania hardcore,#DCB250,#DA9737,pennsylvaniahardcore
2405,rock,hardcore punk,post-doom metal,#DCB250,#E0CB68,postdoommetal
2406,rock,hardcore punk,"post-hardcore, emo & screamo",#DCB250,#D79A39,"posthardcore,emo&screamo"
2407,rock,hardcore punk,post-rock latinoamericano,#DCB250,#D7B44E,postrocklatinoamericano
2408,rock,hardcore punk,power electronics,#DCB250,#E0C361,powerelectronics
2409,rock,hardcore punk,psychedelic doom,#DCB250,#D6AE3D,psychedelicdoom
2410,rock,hardcore punk,psychedelic space rock,#DCB250,#DEBA6A,psychedelicspacerock
2411,rock,hardcore punk,retro metal,#DCB250,#E1C758,retrometal
2412,rock,hardcore punk,stoner metal,#DCB250,#DCB058,stonermetal
2413,rock,hardcore punk,stoner rock,#DCB250,#DDAF56,stonerrock
2414,rock,hardcore punk,synthcore & crunkcore,#DCB250,#DFB25F,synthcore&crunkcore
2415,rock,hardcore punk,technical black metal,#DCB250,#DCAE52,technicalblackmetal
2416,rock,hardcore punk,technical grindcore,#DCB250,#DCA74D,technicalgrindcore
2417,rock,hardcore punk,thrash core,#DCB250,#DBAF4F,thrashcore
2418,rock,hardcore punk,uk82,#DCB250,#DCB151,uk82
2419,rock,hardcore punk,usbm,#DCB250,#E0AF54,usbm
2420,rock,hardcore punk,virginia punk,#DCB250,#D9B654,virginiapunk
2421,rock,hardcore punk,voidgrind,#DCB250,#DCAF33,voidgrind
2422,rock,hardcore punk,war metal,#DCB250,#E0B54D,warmetal
2423,electronic music,hardcore techno,48g,#D52633,#D72925,48g
2424,electronic music,hardcore techno,8-bit,#D52633,#D32027,8bit
2425,electronic music,hardcore techno,aggressive phonk,#D52633,#C01F2C,aggressivephonk
2426,electronic music,hardcore techno,alt-idol,#D52633,#D72D25,altidol
2427,electronic music,hardcore techno,anime rock,#D52633,#BD222F,animerock
2428,electronic music,hardcore techno,bitpop,#D52633,#C42429,bitpop
2429,electronic music,hardcore techno,breakbeat hardcore,#D52633,#D32334,breakbeathardcore
2430,electronic music,hardcore techno,chill-out trance,#D52633,#E03555,chillouttrance
2431,electronic music,hardcore techno,cyberpunk,#D52633,#C01D20,cyberpunk
2432,electronic music,hardcore techno,dance-punk,#D52633,#DC2B42,dancepunk
2433,electronic music,hardcore techno,dark electro,#D52633,#C62A23,darkelectro
2434,electronic music,hardcore techno,dark hardcore,#D52633,#DE3640,darkhardcore
2435,electronic music,hardcore techno,dark post-punk,#D52633,#DE3247,darkpostpunk
2436,electronic music,hardcore techno,darksynth,#D52633,#D52324,darksynth
2437,electronic music,hardcore techno,deep hardtechno,#D52633,#C9223D,deephardtechno
2438,electronic music,hardcore techno,deep neo-synthpop,#D52633,#D52C2B,deepneosynthpop
2439,electronic music,hardcore techno,denpa-kei,#D52633,#BE243D,denpakei
2440,electronic music,hardcore techno,digital hardcore,#D52633,#CC2E2A,digitalhardcore
2441,electronic music,hardcore techno,digital hardcore & breakcore,#D52633,#D62B28,digitalhardcore&breakcore
2442,electronic music,hardcore techno,ebm,#D52633,#D32728,ebm
2443,electronic music,hardcore techno,electrofox,#D52633,#D83A45,electrofox
2444,electronic music,hardcore techno,electronic rock,#D52633,#D3302A,electronicrock
2445,electronic music,hardcore techno,epa dunk,#D52633,#CD253C,epadunk
2446,electronic music,hardcore techno,euphoric hardstyle,#D52633,#C82520,euphorichardstyle
2447,electronic music,hardcore techno,freeform hardcore,#D52633,#C6231E,freeformhardcore
2448,electronic music,hardcore techno,future house,#D52633,#DD294C,futurehouse
2449,electronic music,hardcore techno,future rock,#D52633,#DD2D3C,futurerock
2450,electronic music,hardcore techno,gabber,#D52633,#D42129,gabber
2451,electronic music,hardcore techno,german dance,#D52633,#D83C38,germandance
2452,electronic music,hardcore techno,girl group,#D52633,#D32A46,girlgroup
2453,electronic music,hardcore techno,gym hardstyle,#D52633,#DD2A42,gymhardstyle
2454,electronic music,hardcore techno,happy hardcore & bouncy techno,#D52633,#D92B38,happyhardcore&bouncytechno
2455,electronic music,hardcore techno,hardcore techno / rave,#D52633,#CC2232,hardcoretechnorave
2456,electronic music,hardcore techno,hardstyle,#D52633,#D42545,hardstyle
2457,electronic music,hardcore techno,hi-nrg,#D52633,#DD242B,hinrg
2458,electronic music,hardcore techno,hi-tech,#D52633,#D12033,hitech
2459,electronic music,hardcore techno,idol game,#D52633,#CA2625,idolgame
2460,electronic music,hardcore techno,idol rock,#D52633,#CE302A,idolrock
2461,electronic music,hardcore techno,indie rockism,#D52633,#D92538,indierockism
2462,electronic music,hardcore techno,industrial metal,#D52633,#D72B3E,industrialmetal
2463,electronic music,hardcore techno,industrial rock,#D52633,#C0202F,industrialrock
2464,electronic music,hardcore techno,italian pop punk,#D52633,#C02534,italianpoppunk
2465,electronic music,hardcore techno,japanese edm,#D52633,#C5273C,japaneseedm
2466,electronic music,hardcore techno,japanese vtuber,#D52633,#D0202F,japanesevtuber
2467,electronic music,hardcore techno,j-core,#D52633,#DF3335,jcore
2468,electronic music,hardcore techno,j-idol,#D52633,#C9242A,jidol
2469,electronic music,hardcore techno,jirai kei,#D52633,#D82328,jiraikei
2470,electronic music,hardcore techno,j-pixie,#D52633,#CA2A31,jpixie
2471,electronic music,hardcore techno,j-pop boy group,#D52633,#DD2C31,jpopboygroup
2472,electronic music,hardcore techno,kawaii edm,#D52633,#D72733,kawaiiedm
2473,electronic music,hardcore techno,korean electronic,#D52633,#DD2737,koreanelectronic
2474,electronic music,hardcore techno,magyar mulatos,#D52633,#DA252A,magyarmulatos
2475,electronic music,hardcore techno,mashcore,#D52633,#CD2A3C,mashcore
2476,electronic music,hardcore techno,men chika,#D52633,#CC1F2E,menchika
2477,electronic music,hardcore techno,metal cover,#D52633,#D8384C,metalcover
2478,electronic music,hardcore techno,modern darkwave,#D52633,#BE273F,moderndarkwave
2479,electronic music,hardcore techno,modern goth,#D52633,#D73751,moderngoth
2480,electronic music,hardcore techno,nederlandse hardstyle,#D52633,#DA2228,nederlandsehardstyle
2481,electronic music,hardcore techno,neo-industrial rock,#D52633,#DD3A38,neoindustrialrock
2482,electronic music,hardcore techno,neue deutsche harte,#D52633,#C41F2F,neuedeutscheharte
2483,electronic music,hardcore techno,neurostep,#D52633,#D92938,neurostep
2484,electronic music,hardcore techno,new beat,#D52633,#DF3958,newbeat
2485,electronic music,hardcore techno,nightrun,#D52633,#D1252E,nightrun
2486,electronic music,hardcore techno,nu style / mainstream,#D52633,#DE2932,nustylemainstream
2487,electronic music,hardcore techno,nz dnb,#D52633,#C51E3B,nzdnb
2488,electronic music,hardcore techno,old school hard trance,#D52633,#C8233F,oldschoolhardtrance
2489,electronic music,hardcore techno,pixie,#D52633,#CE2C27,pixie
2490,electronic music,hardcore techno,pop emo,#D52633,#C01E26,popemo
2491,electronic music,hardcore techno,post-punk colombiano,#D52633,#DC2B47,postpunkcolombiano
2492,electronic music,hardcore techno,post-punk mexicano,#D52633,#DA273F,postpunkmexicano
2493,electronic music,hardcore techno,power noise,#D52633,#DA3339,powernoise
2494,electronic music,hardcore techno,progressive uplifting trance,#D52633,#C92620,progressiveupliftingtrance
2495,electronic music,hardcore techno,punk cover,#D52633,#BF213E,punkcover
2496,electronic music,hardcore techno,rawstyle,#D52633,#CA2734,rawstyle
2497,electronic music,hardcore techno,russian pop punk,#D52633,#DE3250,russianpoppunk
2498,electronic music,hardcore techno,russian rave,#D52633,#C72323,russianrave
2499,electronic music,hardcore techno,russian witch house,#D52633,#D82C24,russianwitchhouse
2500,electronic music,hardcore techno,seiyu,#D52633,#D52344,seiyu
2501,electronic music,hardcore techno,sinhala edm,#D52633,#CA2231,sinhalaedm
2502,electronic music,hardcore techno,south african dnb,#D52633,#C3283D,southafricandnb
2503,electronic music,hardcore techno,spacewave,#D52633,#DC2D26,spacewave
2504,electronic music,hardcore techno,speed- & terrorcore,#D52633,#C92424,speed&terrorcore
2505,electronic music,hardcore techno,speed house,#D52633,#D9243B,speedhouse
2506,electronic music,hardcore techno,speedcore,#D52633,#DC2323,speedcore
2507,electronic music,hardcore techno,swedish eurodance,#D52633,#D0212D,swedisheurodance
2508,electronic music,hardcore techno,synthwave brasileiro,#D52633,#BE2535,synthwavebrasileiro
2509,electronic music,hardcore techno,tekk,#D52633,#DF2D3B,tekk
2510,electronic music,hardcore techno,touhou,#D52633,#D02744,touhou
2511,electronic music,hardcore techno,trancecore & acidcore,#D52633,#D5213B,trancecore&acidcore
2512,electronic music,hardcore techno,vocaloid,#D52633,#D62639,vocaloid
2513,electronic music,hardcore techno,vocaloid metal,#D52633,#DD423C,vocaloidmetal
2514,electronic music,hardcore techno,xtra raw,#D52633,#C72942,xtraraw
2515,heavy / experimental,heavy / experimental,heavy / experimental,#C66A2C,#C66A2C,heavyexperimental
2516,heavy / experimental,heavy / experimental,industrial,#D84A27,#D84A27,industrial
2517,heavy / experimental,heavy / experimental,metal,#D0802F,#D0802F,metal
2518,rock,heavy psych,latin american heavy psych,#DCB250,#DDA053,latinamericanheavypsych
2519,rap / hip hop,hip hop,afrikaans hip hop,#843D79,#87437C,afrikaanshiphop
2520,rap / hip hop,hip hop,albanian hip hop,#843D79,#753F72,albanianhiphop
2521,rap / hip hop,hip hop,alberta hip hop,#843D79,#7D4474,albertahiphop
2522,rap / hip hop,hip hop,argentine hip hop,#843D79,#8E4682,argentinehiphop
2523,rap / hip hop,hip hop,arkansas hip hop,#843D79,#823C77,arkansashiphop
2524,rap / hip hop,hip hop,asian american hip hop,#843D79,#7A3B72,asianamericanhiphop
2525,rap / hip hop,hip hop,atl hip hop,#843D79,#8F4891,atlhiphop
2526,rap / hip hop,hip hop,australian hip hop,#843D79,#814676,australianhiphop
2527,rap / hip hop,hip hop,baltimore hip hop,#843D79,#904788,baltimorehiphop
2528,rap / hip hop,hip hop,bay area hip hop,#843D79,#8D498E,bayareahiphop
2529,rap / hip hop,hip hop,bronx hip hop,#843D79,#763A79,bronxhiphop
2530,rap / hip hop,hip hop,bulgarian hip hop,#843D79,#904A8F,bulgarianhiphop
2531,rap / hip hop,hip hop,canadian indigenous hip hop,#843D79,#924486,canadianindigenoushiphop
2532,rap / hip hop,hip hop,central asian hip hop,#843D79,#90438A,centralasianhiphop
2533,rap / hip hop,hip hop,colombian hip hop,#843D79,#7F3C7B,colombianhiphop
2534,rap / hip hop,hip hop,czech hip hop,#843D79,#7A3F7A,czechhiphop
2535,rap / hip hop,hip hop,danish hip hop,#843D79,#954896,danishhiphop
2536,rap / hip hop,hip hop,deep underground hip hop,#843D79,#7C3F70,deepundergroundhiphop
2537,rap / hip hop,hip hop,desi hip hop,#843D79,#83417C,desihiphop
2538,rap / hip hop,hip hop,dutch hip hop,#843D79,#81457A,dutchhiphop
2539,rap / hip hop,hip hop,east coast hip hop,#843D79,#964B96,eastcoasthiphop
2540,rap / hip hop,hip hop,finnish hip hop,#843D79,#944A92,finnishhiphop
2541,rap / hip hop,hip hop,flint hip hop,#843D79,#85497D,flinthiphop
2542,rap / hip hop,hip hop,greek hip hop,#843D79,#844280,greekhiphop
2543,rap / hip hop,hip hop,hindi hip hop,#843D79,#8E468D,hindihiphop
2544,rap / hip hop,hip hop,hip hop timur,#843D79,#984A90,hiphoptimur
2545,rap / hip hop,hip hop,icelandic hip hop,#843D79,#804075,icelandichiphop
2546,rap / hip hop,hip hop,indonesian hip hop,#843D79,#8E468C,indonesianhiphop
2547,rap / hip hop,hip hop,indonesian underground hip hop,#843D79,#753B76,indonesianundergroundhiphop
2548,rap / hip hop,hip hop,japanese old school hip hop,#843D79,#934791,japaneseoldschoolhiphop
2549,rap / hip hop,hip hop,jewish hip hop,#843D79,#85427A,jewishhiphop
2550,rap / hip hop,hip hop,kazakh hip hop,#843D79,#773F6F,kazakhhiphop
2551,rap / hip hop,hip hop,kentucky hip hop,#843D79,#8C4A90,kentuckyhiphop
2552,rap / hip hop,hip hop,kenyan hip hop,#843D79,#793E7C,kenyanhiphop
2553,rap / hip hop,hip hop,khmer hip hop,#843D79,#944F8E,khmerhiphop
2554,rap / hip hop,hip hop,kids hip hop,#843D79,#934A94,kidshiphop
2555,rap / hip hop,hip hop,korean old school hip hop,#843D79,#8D4D82,koreanoldschoolhiphop
2556,rap / hip hop,hip hop,kyrgyz hip hop,#843D79,#833F7A,kyrgyzhiphop
2557,rap / hip hop,hip hop,lgbtq+ hip hop,#843D79,#8C4D8B,lgbtq+hiphop
2558,rap / hip hop,hip hop,lithuanian hip hop,#843D79,#944A8E,lithuanianhiphop
2559,rap / hip hop,hip hop,luxembourgian hip hop,#843D79,#804280,luxembourgianhiphop
2560,rap / hip hop,hip hop,malayalam hip hop,#843D79,#96508F,malayalamhiphop
2561,rap / hip hop,hip hop,mexican hip hop,#843D79,#904481,mexicanhiphop
2562,rap / hip hop,hip hop,miami hip hop,#843D79,#884A84,miamihiphop
2563,rap / hip hop,hip hop,minnesota hip hop,#843D79,#85427B,minnesotahiphop
2564,rap / hip hop,hip hop,mississippi hip hop,#843D79,#8D4580,mississippihiphop
2565,rap / hip hop,hip hop,mongolian hip hop,#843D79,#85447D,mongolianhiphop
2566,rap / hip hop,hip hop,myanmar hip hop,#843D79,#7F4582,myanmarhiphop
2567,rap / hip hop,hip hop,nashville hip hop,#843D79,#823D85,nashvillehiphop
2568,rap / hip hop,hip hop,nz hip hop,#843D79,#80437C,nzhiphop
2569,rap / hip hop,hip hop,oakland hip hop,#843D79,#754177,oaklandhiphop
2570,rap / hip hop,hip hop,old school atlanta hip hop,#843D79,#79386E,oldschoolatlantahiphop
2571,rap / hip hop,hip hop,pakistani hip hop,#843D79,#86447E,pakistanihiphop
2572,rap / hip hop,hip hop,pinoy hip hop,#843D79,#7B4071,pinoyhiphop
2573,rap / hip hop,hip hop,polish old school hip hop,#843D79,#92468E,polisholdschoolhiphop
2574,rap / hip hop,hip hop,punjabi hip hop,#843D79,#87417E,punjabihiphop
2575,rap / hip hop,hip hop,serbian hip hop,#843D79,#884180,serbianhiphop
2576,rap / hip hop,hip hop,sichuanese hip hop,#843D79,#723E71,sichuanesehiphop
2577,rap / hip hop,hip hop,south carolina hip hop,#843D79,#7C3C7E,southcarolinahiphop
2578,rap / hip hop,hip hop,southern hip hop,#843D79,#8F4488,southernhiphop
2579,rap / hip hop,hip hop,taiwan hip hop,#843D79,#7B3A71,taiwanhiphop
2580,rap / hip hop,hip hop,telugu hip hop,#843D79,#7E3B77,teluguhiphop
2581,rap / hip hop,hip hop,tennessee hip hop,#843D79,#814180,tennesseehiphop
2582,rap / hip hop,hip hop,thai hip hop,#843D79,#8A4284,thaihiphop
2583,rap / hip hop,hip hop,turkish hip hop,#843D79,#834581,turkishhiphop
2584,rap / hip hop,hip hop,turkmen hip hop,#843D79,#773C78,turkmenhiphop
2585,rap / hip hop,hip hop,urdu hip hop,#843D79,#7A3D6F,urduhiphop
2586,rap / hip hop,hip hop,uzbek hip hop,#843D79,#864587,uzbekhiphop
2587,rhythm music,honky tonk,neo honky tonk,#66CC99,#6ACFA2,neohonkytonk
2588,electronic music,house,acid house,#D52633,#CD282E,acidhouse
2589,electronic music,house,acid techno,#D52633,#CB2120,acidtechno
2590,electronic music,house,afrikaans gqom,#D52633,#D93440,afrikaansgqom
2591,electronic music,house,austrian techno,#D52633,#C22429,austriantechno
2592,electronic music,house,balearic,#D52633,#D12842,balearic
2593,electronic music,house,barbadian pop,#D52633,#DB2E30,barbadianpop
2594,electronic music,house,belarusian electronic,#D52633,#DD2F29,belarusianelectronic
2595,electronic music,house,belgian electronic,#D52633,#CC2025,belgianelectronic
2596,electronic music,house,belgian techno,#D52633,#CF3028,belgiantechno
2597,electronic music,house,big room,#D52633,#DD2D4B,bigroom
2598,electronic music,house,braindance,#D52633,#DC2733,braindance
2599,electronic music,house,brazilian dnb,#D52633,#C8272E,braziliandnb
2600,electronic music,house,brazilian edm,#D52633,#DE2F32,brazilianedm
2601,electronic music,house,bristol electronic,#D52633,#C2273C,bristolelectronic
2602,electronic music,house,canadian electronic,#D52633,#C02635,canadianelectronic
2603,electronic music,house,chicago house & garage house,#D52633,#C7202A,chicagohouse&garagehouse
2604,electronic music,house,christian dance,#D52633,#C12336,christiandance
2605,electronic music,house,classic dubstep,#D52633,#C9232B,classicdubstep
2606,electronic music,house,classic house,#D52633,#D9222A,classichouse
2607,electronic music,house,colombian electronic,#D52633,#D9443C,colombianelectronic
2608,electronic music,house,czech electronic,#D52633,#D73D3C,czechelectronic
2609,electronic music,house,dakke dak,#D52633,#CD272D,dakkedak
2610,electronic music,house,dangdut remix,#D52633,#D32938,dangdutremix
2611,electronic music,house,danish electro,#D52633,#C62D26,danishelectro
2612,electronic music,house,dark clubbing,#D52633,#DF3244,darkclubbing
2613,electronic music,house,dark techno,#D52633,#DB3635,darktechno
2614,electronic music,house,deep dnb,#D52633,#C22039,deepdnb
2615,electronic music,house,deep filthstep,#D52633,#CA213B,deepfilthstep
2616,electronic music,house,deep freestyle,#D52633,#C51F3A,deepfreestyle
2617,electronic music,house,deep house,#D52633,#DB2130,deephouse
2618,electronic music,house,deep liquid bass,#D52633,#D32839,deepliquidbass
2619,electronic music,house,deep psytrance,#D52633,#D02344,deeppsytrance
2620,electronic music,house,deep r&b,#D52633,#D02726,deepr&b
2621,electronic music,house,deep uplifting trance,#D52633,#C72736,deepupliftingtrance
2622,electronic music,house,disco house,#D52633,#CB2845,discohouse
2623,electronic music,house,disco polo,#D52633,#DD3949,discopolo
2624,electronic music,house,diva house,#D52633,#D22C28,divahouse
2625,electronic music,house,draga,#D52633,#CC2A3D,draga
2626,electronic music,house,drikkelek,#D52633,#B9242C,drikkelek
2627,electronic music,house,dub techno,#D52633,#C42229,dubtechno
2628,electronic music,house,dutch trance,#D52633,#C72533,dutchtrance
2629,electronic music,house,electro dub,#D52633,#D83047,electrodub
2630,electronic music,house,electro house & dutch house,#D52633,#DE2D28,electrohouse&dutchhouse
2631,electronic music,house,electro latino,#D52633,#D3253D,electrolatino
2632,electronic music,house,experimental dubstep,#D52633,#DC2B2D,experimentaldubstep
2633,electronic music,house,experimental techno,#D52633,#CD2735,experimentaltechno
2634,electronic music,house,fidget house & complextro,#D52633,#CA2740,fidgethouse&complextro
2635,electronic music,house,finnish electronic,#D52633,#CF2D25,finnishelectronic
2636,electronic music,house,frankfurt electronic,#D52633,#DC3038,frankfurtelectronic
2637,electronic music,house,freestyle,#D52633,#D72C4D,freestyle
2638,electronic music,house,french & funky house,#D52633,#C81F2D,french&funkyhouse
2639,electronic music,house,french dub,#D52633,#DA3440,frenchdub
2640,electronic music,house,funktronica,#D52633,#DB2E28,funktronica
2641,electronic music,house,future ambient,#D52633,#D52E47,futureambient
2642,electronic music,house,future garage,#D52633,#BE2743,futuregarage
2643,electronic music,house,garage house,#D52633,#D53341,garagehouse
2644,electronic music,house,german house,#D52633,#DD3C39,germanhouse
2645,electronic music,house,"ghetto house, ghettotech & juke",#D52633,#DF2E36,"ghettohouse,ghettotech&juke"
2646,electronic music,house,gqom,#D52633,#D8405C,gqom
2647,electronic music,house,happy hardcore,#D52633,#D1283E,happyhardcore
2648,electronic music,house,hard bass,#D52633,#DC4139,hardbass
2649,electronic music,house,hard techno,#D52633,#D82C33,hardtechno
2650,electronic music,house,hardtekk,#D52633,#C22726,hardtekk
2651,electronic music,house,hip house & eurodance,#D52633,#DD383E,hiphouse&eurodance
2652,electronic music,house,hypnotic techno,#D52633,#C52922,hypnotictechno
2653,electronic music,house,indonesian electronic,#D52633,#D93942,indonesianelectronic
2654,electronic music,house,jazzy dnb,#D52633,#BC2538,jazzydnb
2655,electronic music,house,kizomba,#D52633,#C52723,kizomba
2656,electronic music,house,kizomba antigas,#D52633,#DD3454,kizombaantigas
2657,electronic music,house,kizomba cabo-verdiana,#D52633,#C71E27,kizombacaboverdiana
2658,electronic music,house,kompa gouyad,#D52633,#D92924,kompagouyad
2659,electronic music,house,macedonian electronic,#D52633,#D93A40,macedonianelectronic
2660,electronic music,house,maskandi,#D52633,#D5202C,maskandi
2661,electronic music,house,medimeisterschaften,#D52633,#D92430,medimeisterschaften
2662,electronic music,house,melbourne bounce international,#D52633,#C22533,melbournebounceinternational
2663,electronic music,house,memphis phonk,#D52633,#CE2B2A,memphisphonk
2664,electronic music,house,mexican electronic,#D52633,#E03448,mexicanelectronic
2665,electronic music,house,miami bass,#D52633,#DB3443,miamibass
2666,electronic music,house,microhouse / minimal house,#D52633,#D4292F,microhouseminimalhouse
2667,electronic music,house,minimal dnb,#D52633,#C0272C,minimaldnb
2668,electronic music,house,minimal dub,#D52633,#DB2424,minimaldub
2669,electronic music,house,minimal melodic techno,#D52633,#BD2125,minimalmelodictechno
2670,electronic music,house,minneapolis sound,#D52633,#D7243B,minneapolissound
2671,electronic music,house,modern jungle,#D52633,#D63434,modernjungle
2672,electronic music,house,modular techno,#D52633,#CD2745,modulartechno
2673,electronic music,house,moombahton,#D52633,#DA3755,moombahton
2674,electronic music,house,new french touch,#D52633,#DD2E46,newfrenchtouch
2675,electronic music,house,"nrg, hard nrg & (uk) hard house",#D52633,#C5273F,"nrg,hardnrg&ukhardhouse"
2676,electronic music,house,nu disco,#D52633,#D9322C,nudisco
2677,electronic music,house,nu electro,#D52633,#C72431,nuelectro
2678,electronic music,house,nz electronic,#D52633,#D42543,nzelectronic
2679,electronic music,house,organic electronic,#D52633,#D1222A,organicelectronic
2680,electronic music,house,pakistani electronic,#D52633,#D83940,pakistanielectronic
2681,electronic music,house,polish techno,#D52633,#D63744,polishtechno
2682,electronic music,house,portuguese techno,#D52633,#D32647,portuguesetechno
2683,electronic music,house,progressive house,#D52633,#D62141,progressivehouse
2684,electronic music,house,psybass,#D52633,#D83340,psybass
2685,electronic music,house,psybreaks,#D52633,#CF292C,psybreaks
2686,electronic music,house,psychedelic trance,#D52633,#DE2932,psychedelictrance
2687,electronic music,house,raw techno,#D52633,#DA3F3C,rawtechno
2688,electronic music,house,remix product,#D52633,#D82D3C,remixproduct
2689,electronic music,house,romanian house,#D52633,#CB2334,romanianhouse
2690,electronic music,house,romanian pop,#D52633,#C9202A,romanianpop
2691,electronic music,house,sky room,#D52633,#C52020,skyroom
2692,electronic music,house,solomon islands pop,#D52633,#D3223C,solomonislandspop
2693,electronic music,house,south african house,#D52633,#DA233A,southafricanhouse
2694,electronic music,house,south african pop dance,#D52633,#DD252F,southafricanpopdance
2695,electronic music,house,strut,#D52633,#C42826,strut
2696,electronic music,house,swedish house,#D52633,#D83E59,swedishhouse
2697,electronic music,house,swedish synth,#D52633,#D4284A,swedishsynth
2698,electronic music,house,swedish techno,#D52633,#DA3028,swedishtechno
2699,electronic music,house,talentkonkurrence,#D52633,#DE2E4B,talentkonkurrence
2700,electronic music,house,techno argentina,#D52633,#D22234,technoargentina
2701,electronic music,house,tijuana electronic,#D52633,#DE2E34,tijuanaelectronic
2702,electronic music,house,turkish edm,#D52633,#D3292F,turkishedm
2703,electronic music,house,ukg revival,#D52633,#D93C4D,ukgrevival
2704,electronic music,house,ukrainian edm,#D52633,#C82124,ukrainianedm
2705,electronic music,house,ukrainian electronic,#D52633,#C22038,ukrainianelectronic
2706,electronic music,house,vapor house,#D52633,#C62324,vaporhouse
2707,electronic music,house,vocal house,#D52633,#D83752,vocalhouse
2708,electronic music,house,workout product,#D52633,#C3282C,workoutproduct
2709,electronic music,house,zouk,#D52633,#E1383D,zouk
2710,rock,hungarian rock,classic hungarian rock,#DCB250,#E0AF67,classichungarianrock
2711,pop,indian indie,northeast indian indie,#FFEB91,#FEE879,northeastindianindie
2712,rock,indie folk,australian indie folk,#DCB250,#DCB94C,australianindiefolk
2713,rock,indie folk,japanese indie folk,#DCB250,#D49D2E,japaneseindiefolk
2714,rock,indie folk,spanish indie folk,#DCB250,#D39938,spanishindiefolk
2715,rock,indie folk,swiss indie folk,#DCB250,#D99937,swissindiefolk
2716,pop,indie pop,french indie pop,#FFEB91,#FFE98E,frenchindiepop
2717,pop,indie pop,german indie pop,#FFEB91,#FFF689,germanindiepop
2718,pop,indie pop,japanese indie pop,#FFEB91,#FBEC74,japaneseindiepop
2719,pop,indie pop,spanish indie pop,#FFEB91,#FFF3A2,spanishindiepop
2720,rock,indie rock,brazilian indie rock,#DCB250,#D9AB49,brazilianindierock
2721,rock,indie rock,indie psychedelic rock,#DCB250,#DC9956,indiepsychedelicrock
2722,rock,indie singer-songwriter,deep indie singer-songwriter,#DCB250,#DB9855,deepindiesingersongwriter
2723,rock,indonesian folk,indonesian folk pop,#DCB250,#E3AC54,indonesianfolkpop
2724,pop,indonesian rock,indonesian indie rock,#FFEB91,#FDFCA0,indonesianindierock
2725,heavy / experimental,industrial,(avant-garde) industrial,#D84A27,#DA3123,avantgardeindustrial
2726,heavy / experimental,industrial,aarhus indie,#D84A27,#C04522,aarhusindie
2727,heavy / experimental,industrial,acid rock,#D84A27,#DE4C37,acidrock
2728,heavy / experimental,industrial,adventista,#D84A27,#D53C27,adventista
2729,heavy / experimental,industrial,aggrotech,#D84A27,#D14428,aggrotech
2730,heavy / experimental,industrial,alabama indie,#D84A27,#D15320,alabamaindie
2731,heavy / experimental,industrial,alandsk musik,#D84A27,#DC3F2B,alandskmusik
2732,heavy / experimental,industrial,alternative ccm,#D84A27,#DD5123,alternativeccm
2733,heavy / experimental,industrial,alternative roots rock,#D84A27,#CD4A20,alternativerootsrock
2734,heavy / experimental,industrial,argentine alternative rock,#D84A27,#C55928,argentinealternativerock
2735,heavy / experimental,industrial,art rock,#D84A27,#DA4A3D,artrock
2736,heavy / experimental,industrial,avant-rock,#D84A27,#DC6236,avantrock
2737,heavy / experimental,industrial,beat italiano,#D84A27,#C95222,beatitaliano
2738,heavy / experimental,industrial,brazilian ccm,#D84A27,#DF6132,brazilianccm
2739,heavy / experimental,industrial,british experimental,#D84A27,#D7573F,britishexperimental
2740,heavy / experimental,industrial,broken transmission,#D84A27,#CD4224,brokentransmission
2741,heavy / experimental,industrial,calgary indie,#D84A27,#DA472E,calgaryindie
2742,heavy / experimental,industrial,cambridgeshire indie,#D84A27,#CF382A,cambridgeshireindie
2743,heavy / experimental,industrial,canadian contemporary country,#D84A27,#D75B2A,canadiancontemporarycountry
2744,heavy / experimental,industrial,cascadia psych,#D84A27,#CB3D28,cascadiapsych
2745,heavy / experimental,industrial,chamber pop,#D84A27,#DD4F40,chamberpop
2746,heavy / experimental,industrial,chillstep,#D84A27,#DB3F28,chillstep
2747,heavy / experimental,industrial,chinese folk,#D84A27,#D6432E,chinesefolk
2748,heavy / experimental,industrial,christian indie,#D84A27,#D5462B,christianindie
2749,heavy / experimental,industrial,classic korean pop,#D84A27,#C14D27,classickoreanpop
2750,heavy / experimental,industrial,classic mandopop,#D84A27,#CA402A,classicmandopop
2751,heavy / experimental,industrial,classic praise,#D84A27,#DB612F,classicpraise
2752,heavy / experimental,industrial,classic psychedelic rock,#D84A27,#D65236,classicpsychedelicrock
2753,heavy / experimental,industrial,commons,#D84A27,#D05522,commons
2754,heavy / experimental,industrial,connecticut indie,#D84A27,#D04C22,connecticutindie
2755,heavy / experimental,industrial,cork indie,#D84A27,#DA683E,corkindie
2756,heavy / experimental,industrial,cornwall indie,#D84A27,#BD3A26,cornwallindie
2757,heavy / experimental,industrial,country pop,#D84A27,#D24328,countrypop
2758,heavy / experimental,industrial,countrygaze,#D84A27,#CB5A27,countrygaze
2759,heavy / experimental,industrial,dark ambient / dark industrial,#D84A27,#DD5D2F,darkambientdarkindustrial
2760,heavy / experimental,industrial,darkwave & coldwave,#D84A27,#D64E22,darkwave&coldwave
2761,heavy / experimental,industrial,deep indie pop,#D84A27,#C24E27,deepindiepop
2762,heavy / experimental,industrial,deep neofolk,#D84A27,#DC4C3F,deepneofolk
2763,heavy / experimental,industrial,deep surf music,#D84A27,#DB573F,deepsurfmusic
2764,heavy / experimental,industrial,derry indie,#D84A27,#DB4F2D,derryindie
2765,heavy / experimental,industrial,duhovne pjesme,#D84A27,#D53D21,duhovnepjesme
2766,heavy / experimental,industrial,dunedin indie,#D84A27,#DE4935,dunedinindie
2767,heavy / experimental,industrial,eau claire indie,#D84A27,#C13823,eauclaireindie
2768,heavy / experimental,industrial,electro-industrial,#D84A27,#DE472F,electroindustrial
2769,heavy / experimental,industrial,electro-industrial / aggreppo,#D84A27,#D64131,electroindustrialaggreppo
2770,heavy / experimental,industrial,electronic body music (ebm),#D84A27,#C43122,electronicbodymusicebm
2771,heavy / experimental,industrial,elephant 6,#D84A27,#CB4E2A,elephant6
2772,heavy / experimental,industrial,estonian rock,#D84A27,#D14523,estonianrock
2773,heavy / experimental,industrial,euskal indie,#D84A27,#C04E23,euskalindie
2774,heavy / experimental,industrial,experimental rock,#D84A27,#DD4931,experimentalrock
2775,heavy / experimental,industrial,faroese indie,#D84A27,#C83D25,faroeseindie
2776,heavy / experimental,industrial,french worship,#D84A27,#DC622E,frenchworship
2777,heavy / experimental,industrial,futurepop,#D84A27,#BF3C28,futurepop
2778,heavy / experimental,industrial,galician folk,#D84A27,#D86A3A,galicianfolk
2779,heavy / experimental,industrial,galician rock,#D84A27,#DA683B,galicianrock
2780,heavy / experimental,industrial,galway indie,#D84A27,#DB492C,galwayindie
2781,heavy / experimental,industrial,german indie rock,#D84A27,#DF5A3B,germanindierock
2782,heavy / experimental,industrial,gothic americana,#D84A27,#D84C36,gothicamericana
2783,heavy / experimental,industrial,gothic rock & deathrock,#D84A27,#CB4926,gothicrock&deathrock
2784,heavy / experimental,industrial,gregorian dance,#D84A27,#D24722,gregoriandance
2785,heavy / experimental,industrial,icelandic post-punk,#D84A27,#D63D2C,icelandicpostpunk
2786,heavy / experimental,industrial,indie extremena,#D84A27,#C75627,indieextremena
2787,heavy / experimental,industrial,indie valenciana,#D84A27,#C83D28,indievalenciana
2788,heavy / experimental,industrial,indie veneto,#D84A27,#CB5027,indieveneto
2789,heavy / experimental,industrial,indonesian worship,#D84A27,#C74924,indonesianworship
2790,heavy / experimental,industrial,industrial rock / metal,#D84A27,#D95035,industrialrockmetal
2791,heavy / experimental,industrial,indy indie,#D84A27,#DA523E,indyindie
2792,heavy / experimental,industrial,instrumental surf,#D84A27,#D75236,instrumentalsurf
2793,heavy / experimental,industrial,iowa indie,#D84A27,#D84E3A,iowaindie
2794,heavy / experimental,industrial,jacksonville indie,#D84A27,#DD583E,jacksonvilleindie
2795,heavy / experimental,industrial,japanese ska,#D84A27,#C04D24,japaneseska
2796,heavy / experimental,industrial,japanese worship,#D84A27,#D76033,japaneseworship
2797,heavy / experimental,industrial,jazzcore,#D84A27,#C35228,jazzcore
2798,heavy / experimental,industrial,kansai indie,#D84A27,#C44824,kansaiindie
2799,heavy / experimental,industrial,korean experimental,#D84A27,#DA623D,koreanexperimental
2800,heavy / experimental,industrial,korean indie rock,#D84A27,#DD693B,koreanindierock
2801,heavy / experimental,industrial,korean talent show,#D84A27,#D7612E,koreantalentshow
2802,heavy / experimental,industrial,krautrock,#D84A27,#DE533E,krautrock
2803,heavy / experimental,industrial,lagu melayu,#D84A27,#DA4F2E,lagumelayu
2804,heavy / experimental,industrial,lancaster pa indie,#D84A27,#D95035,lancasterpaindie
2805,heavy / experimental,industrial,latvian rock,#D84A27,#D45429,latvianrock
2806,heavy / experimental,industrial,lawrence ks indie,#D84A27,#DC422C,lawrenceksindie
2807,heavy / experimental,industrial,lithuanian rock,#D84A27,#D85D27,lithuanianrock
2808,heavy / experimental,industrial,lo-fi,#D84A27,#DE563D,lofi
2809,heavy / experimental,industrial,louisville underground,#D84A27,#C13727,louisvilleunderground
2810,heavy / experimental,industrial,macedonian folk,#D84A27,#DC5726,macedonianfolk
2811,heavy / experimental,industrial,math rock,#D84A27,#DD5335,mathrock
2812,heavy / experimental,industrial,medway sound,#D84A27,#C35320,medwaysound
2813,heavy / experimental,industrial,melancholia,#D84A27,#D66C3B,melancholia
2814,heavy / experimental,industrial,melbourne indie,#D84A27,#CC4D23,melbourneindie
2815,heavy / experimental,industrial,metropopolis,#D84A27,#C24726,metropopolis
2816,heavy / experimental,industrial,minimal wave / synth & industrial (revival),#D84A27,#D64C32,minimalwavesynth&industrialrevival
2817,heavy / experimental,industrial,minneapolis indie,#D84A27,#C45625,minneapolisindie
2818,heavy / experimental,industrial,modern country rock,#D84A27,#C44F26,moderncountryrock
2819,heavy / experimental,industrial,modern folk rock,#D84A27,#DB6B3D,modernfolkrock
2820,heavy / experimental,industrial,modular synth,#D84A27,#DA5629,modularsynth
2821,heavy / experimental,industrial,morelos indie,#D84A27,#D83D26,morelosindie
2822,heavy / experimental,industrial,musica crista reformada,#D84A27,#CF5925,musicacristareformada
2823,heavy / experimental,industrial,musica maringaense,#D84A27,#DB653D,musicamaringaense
2824,heavy / experimental,industrial,muzica crestina,#D84A27,#D63E2A,muzicacrestina
2825,heavy / experimental,industrial,myanmar gospel,#D84A27,#DB6E3F,myanmargospel
2826,heavy / experimental,industrial,neo-psicodelia brasileira,#D84A27,#C64121,neopsicodeliabrasileira
2827,heavy / experimental,industrial,new orleans indie,#D84A27,#D95D2D,neworleansindie
2828,heavy / experimental,industrial,noise music,#D84A27,#C95829,noisemusic
2829,heavy / experimental,industrial,norman ok indie,#D84A27,#D75232,normanokindie
2830,heavy / experimental,industrial,norrbotten indie,#D84A27,#BE4426,norrbottenindie
2831,heavy / experimental,industrial,north carolina indie,#D84A27,#CD4C26,northcarolinaindie
2832,heavy / experimental,industrial,norwegian americana,#D84A27,#DC532E,norwegianamericana
2833,heavy / experimental,industrial,nz christian,#D84A27,#DD3B2C,nzchristian
2834,heavy / experimental,industrial,panamanian rock,#D84A27,#D8422A,panamanianrock
2835,heavy / experimental,industrial,papuri,#D84A27,#DE6C3A,papuri
2836,heavy / experimental,industrial,pinoy praise,#D84A27,#CF4724,pinoypraise
2837,heavy / experimental,industrial,polish alternative rock,#D84A27,#D95144,polishalternativerock
2838,heavy / experimental,industrial,pop minang,#D84A27,#D33E28,popminang
2839,heavy / experimental,industrial,pop rock,#D84A27,#C35029,poprock
2840,heavy / experimental,industrial,portland indie,#D84A27,#DB5B24,portlandindie
2841,heavy / experimental,industrial,protopunk,#D84A27,#CB4827,protopunk
2842,heavy / experimental,industrial,psychedelic blues-rock,#D84A27,#DA552C,psychedelicbluesrock
2843,heavy / experimental,industrial,punk blues,#D84A27,#DB3626,punkblues
2844,heavy / experimental,industrial,rap metal espanol,#D84A27,#E05237,rapmetalespanol
2845,heavy / experimental,industrial,rap metalcore,#D84A27,#D65C34,rapmetalcore
2846,heavy / experimental,industrial,rock cristiano,#D84A27,#D64E26,rockcristiano
2847,heavy / experimental,industrial,rock mineiro,#D84A27,#D97043,rockmineiro
2848,heavy / experimental,industrial,rock progresivo mexicano,#D84A27,#D84B39,rockprogresivomexicano
2849,heavy / experimental,industrial,rock tico,#D84A27,#C94422,rocktico
2850,heavy / experimental,industrial,rogaland indie,#D84A27,#D9622F,rogalandindie
2851,heavy / experimental,industrial,romanian indie,#D84A27,#C83624,romanianindie
2852,heavy / experimental,industrial,romanian punk,#D84A27,#DB4838,romanianpunk
2853,heavy / experimental,industrial,rosario indie,#D84A27,#D77042,rosarioindie
2854,heavy / experimental,industrial,russian indie rock,#D84A27,#CD4228,russianindierock
2855,heavy / experimental,industrial,russian punk rock,#D84A27,#DC4737,russianpunkrock
2856,heavy / experimental,industrial,semarang indie,#D84A27,#C83E29,semarangindie
2857,heavy / experimental,industrial,sevdah,#D84A27,#D23B25,sevdah
2858,heavy / experimental,industrial,shanghai indie,#D84A27,#C13822,shanghaiindie
2859,heavy / experimental,industrial,shimmer psych,#D84A27,#D8612A,shimmerpsych
2860,heavy / experimental,industrial,spanish prog,#D84A27,#BC4A25,spanishprog
2861,heavy / experimental,industrial,stomp and holler,#D84A27,#BF3525,stompandholler
2862,heavy / experimental,industrial,svensk lovsang,#D84A27,#D84935,svensklovsang
2863,heavy / experimental,industrial,swiss alternative rock,#D84A27,#DE572C,swissalternativerock
2864,heavy / experimental,industrial,taiwan graduation song,#D84A27,#C23620,taiwangraduationsong
2865,heavy / experimental,industrial,tibetan folk pop,#D84A27,#DE5C3E,tibetanfolkpop
2866,heavy / experimental,industrial,tontipop,#D84A27,#CD4F2A,tontipop
2867,heavy / experimental,industrial,trio batak,#D84A27,#DC4D29,triobatak
2868,heavy / experimental,industrial,tucson indie,#D84A27,#C65628,tucsonindie
2869,heavy / experimental,industrial,western mass indie,#D84A27,#D73525,westernmassindie
2870,heavy / experimental,industrial,wisconsin indie,#D84A27,#D43C2C,wisconsinindie
2871,heavy / experimental,industrial,xinyao,#D84A27,#D94D3D,xinyao
2872,heavy / experimental,industrial,zohioliin duu,#D84A27,#D53A2A,zohioliinduu
2873,electronic music,industrial techno,hard industrial techno,#D52633,#DE3A48,hardindustrialtechno
2874,rhythm music,italian jazz,italian contemporary jazz,#4364B3,#3F6094,italiancontemporaryjazz
2875,pop,italian pop,italian indie pop,#FFEB91,#F8EF82,italianindiepop
2876,electronic music,italian soundtrack,vintage italian soundtrack,#FF227A,#FC506B,vintageitaliansoundtrack
2877,country / folk,folk / traditional,acoustic guitar cover,#BDCC66,#CDD172,acousticguitarcover
2878,rap / hip hop,drill,afro drill,#843D79,#81397B,afrodrill
2879,rhythm music,afrobeat,afrobeat,#66CC99,#54CC81,afrobeat
2880,rhythm music,afrobeats,afrobeats,#66CC99,#64CBA2,afrobeats
2881,country / folk,traditional,afro-cuban traditional,#BDCC66,#BFCA50,afrocubantraditional
2882,rhythm music,funk,afro-funk,#66CC99,#5DC48E,afrofunk
2883,rap / hip hop,hip hop,afroswing,#843D79,#87417F,afroswing
2884,rhythm music,rhythm music,aghani lil-atfal,#66CC99,#73D5A9,aghanililatfal
2885,rhythm music,rhythm music,agronejo,#66CC99,#67C99A,agronejo
2886,country / folk,folk / traditional,alpine yodeling,#BDCC66,#B9CF6B,alpineyodeling
2887,rhythm music,rhythm music,alt z,#66CC99,#59C895,altz
2888,country / folk,folk,antilliaanse folklore,#BDCC66,#C7CD5E,antilliaansefolklore
2889,pop,pop,arab pop,#FFEB91,#FAE79E,arabpop
2890,rap / hip hop,hip hop,arabic hip hop,#843D79,#7B3A76,arabichiphop
2891,rap / hip hop,hip hop,armenian hip hop,#843D79,#953F7D,armenianhiphop
2892,pop,pop,armenian pop,#FFEB91,#F9E585,armenianpop
2893,rhythm music,rhythm music,arrochadeira,#66CC99,#64D09A,arrochadeira
2894,rap / hip hop,hip hop,asakaa,#843D79,#7C3A6B,asakaa
2895,pop,pop,assyrian pop,#FFEB91,#F9E086,assyrianpop
2896,rap / hip hop,hip hop,atlantic canada hip hop,#843D79,#7F3678,atlanticcanadahiphop
2897,rap / hip hop,drill,aussie drill,#843D79,#903D7B,aussiedrill
2898,rap / hip hop,hip hop,australian underground hip hop,#843D79,#89437B,australianundergroundhiphop
2899,rock,indie rock,austrian indie,#DCB250,#E0B463,austrianindie
2900,pop,pop,azeri pop,#FFEB91,#F9ED94,azeripop
2901,rap / hip hop,rap,azeri rap,#843D79,#73356D,azerirap
2902,rhythm music,bachata,bachata,#66CC99,#79D19F,bachata
2903,rhythm music,bachata,bachata dominicana,#66CC99,#59C798,bachatadominicana
2904,rap / hip hop,hip hop,bachchon ke geet,#843D79,#70386B,bachchonkegeet
2905,rhythm music,rhythm music,baithak gana,#66CC99,#5FC78B,baithakgana
2906,rhythm music,rhythm music,balafon,#66CC99,#73D1A2,balafon
2907,rap / hip hop,hip hop,balkan hip hop,#843D79,#923E85,balkanhiphop
2908,country / folk,folk / traditional,bal-musette,#BDCC66,#B3C75B,balmusette
2909,country / folk,banda,banda de viento,#BDCC66,#C4CA54,bandadeviento
2910,country / folk,banda,banda jalisciense,#BDCC66,#C6C95B,bandajalisciense
2911,country / folk,folk / traditional,barnalog,#BDCC66,#B7C863,barnalog
2912,rhythm music,rhythm music,barnasogur,#66CC99,#60CD96,barnasogur
2913,country / folk,folk / traditional,barnmusik,#BDCC66,#CBD073,barnmusik
2914,rhythm music,rhythm music,barnsagor,#66CC99,#60CC92,barnsagor
2915,rap / hip hop,hip hop,bases de freestyle,#843D79,#7A3768,basesdefreestyle
2916,rap / hip hop,hip hop,batidao romantico,#843D79,#994283,batidaoromantico
2917,rap / hip hop,rap,bayerischer rap,#843D79,#77346B,bayerischerrap
2918,rhythm music,r&b,bedroom r&b,#66CC99,#63CC94,bedroomr&b
2919,rap / hip hop,hip hop,belgian hip hop,#843D79,#843D76,belgianhiphop
2920,rhythm music,rhythm music,benga,#66CC99,#74CCAA,benga
2921,rock,indie rock,bern indie,#DCB250,#DBB240,bernindie
2922,pop,pop,bhojpuri pop,#FFEB91,#FAEF9B,bhojpuripop
2923,rhythm music,rhythm music,bible,#66CC99,#5EC78A,bible
2924,rap / hip hop,grime,birmingham grime,#843D79,#703865,birminghamgrime
2925,rap / hip hop,hip hop,birmingham hip hop,#843D79,#7E3E7C,birminghamhiphop
2926,rap / hip hop,rap,bisaya rap,#843D79,#913F8B,bisayarap
2927,pop,pop,bodo pop,#FFEB91,#F9E98F,bodopop
2928,country / folk,folk / traditional,bomba y plena,#BDCC66,#CACD75,bombayplena
2929,rhythm music,rhythm music,bongo flava,#66CC99,#5DC58E,bongoflava
2930,rhythm music,rhythm music,boogaloo,#66CC99,#79CE9C,boogaloo
2931,rap / hip hop,boom bap,boom bap brasileiro,#843D79,#914484,boombapbrasileiro
2932,rap / hip hop,hip hop,bornesange,#843D79,#884276,bornesange
2933,rock,indie rock,bosnian indie,#DCB250,#DFBA43,bosnianindie
2934,rhythm music,bossa nova,bossa nova cover,#66CC99,#66C991,bossanovacover
2935,rap / hip hop,hip hop,botswana hip hop,#843D79,#964086,botswanahiphop
2936,pop,pop,boy pop,#FFEB91,#F9EA89,boypop
2937,rap / hip hop,hip hop,brazilian hip hop,#843D79,#853E71,brazilianhiphop
2938,rhythm music,rhythm music,brazilian percussion,#66CC99,#5FC79D,brazilianpercussion
2939,rhythm music,rhythm music,brega,#66CC99,#7AD1AC,brega
2940,rhythm music,funk,brega funk,#66CC99,#6FCDA0,bregafunk
2941,rhythm music,rhythm music,brega saudade,#66CC99,#70D3A2,bregasaudade
2942,rap / hip hop,hip hop,brockton hip hop,#843D79,#72366F,brocktonhiphop
2943,rap / hip hop,drill,bronx drill,#843D79,#793B6D,bronxdrill
2944,rap / hip hop,drill,brooklyn drill,#843D79,#743B67,brooklyndrill
2945,pop,pop,bruneian pop,#FFEB91,#FAEC9C,bruneianpop
2946,pop,pop,burkinabe pop,#FFEB91,#FAE29B,burkinabepop
2947,country / folk,traditional,burkinabe traditional,#BDCC66,#BCCF67,burkinabetraditional
2948,pop,pop,burmese pop,#FFEB91,#FAE8A8,burmesepop
2949,country / folk,traditional,burundian traditional,#BDCC66,#BAC85C,burundiantraditional
2950,pop,pop,cambodian pop,#FFEB91,#F9F392,cambodianpop
2951,rap / hip hop,hip hop,cameroonian hip hop,#843D79,#7E3C70,cameroonianhiphop
2952,rhythm music,r&b,canadian contemporary r&b,#66CC99,#67D08E,canadiancontemporaryr&b
2953,rap / hip hop,hip hop,canadian old school hip hop,#843D79,#91428B,canadianoldschoolhiphop
2954,rock,indie rock,canberra indie,#DCB250,#DDA847,canberraindie
2955,country / folk,folk / traditional,cancion infantil latinoamericana,#BDCC66,#B9D073,cancioninfantillatinoamericana
2956,rhythm music,rhythm music,cancoes infantis,#66CC99,#67D09E,cancoesinfantis
2957,rhythm music,rhythm music,cantautora mexicana,#66CC99,#63CA90,cantautoramexicana
2958,country / folk,folk / traditional,capoeira,#BDCC66,#C7D476,capoeira
2959,rhythm music,rhythm music,carimbo,#66CC99,#5DC79F,carimbo
2960,rhythm music,rhythm music,carnaval limburg,#66CC99,#5BC389,carnavallimburg
2961,pop,pop,cartoon,#FFEB91,#F9EE85,cartoon
2962,rock,indie rock,cdo indie,#DCB250,#E2AD62,cdoindie
2963,pop,pop,chakma pop,#FFEB91,#FAE8A8,chakmapop
2964,country / folk,folk / traditional,chamame,#BDCC66,#BCD378,chamame
2965,country / folk,folk / traditional,chanson paillarde,#BDCC66,#BFC559,chansonpaillarde
2966,country / folk,folk / traditional,charanga,#BDCC66,#C8CB59,charanga
2967,country / folk,folk,children's folk,#BDCC66,#C3C950,children'sfolk
2968,pop,children's music,children's music,#FFEB91,#FAECA4,children'smusic
2969,rock,rock,chilean rock,#DCB250,#DEC967,chileanrock
2970,rhythm music,rhythm music,chilena,#66CC99,#6FD3A5,chilena
2971,rap / hip hop,drill,chill drill,#843D79,#80387C,chilldrill
2972,rhythm music,rhythm music,chillhop,#66CC99,#64C8A3,chillhop
2973,rhythm music,rhythm music,chinderlieder,#66CC99,#62C687,chinderlieder
2974,rhythm music,r&b,chinese r&b,#66CC99,#69CC96,chineser&b
2975,pop,pop,chinese talent show,#FFEB91,#FAF3A4,chinesetalentshow
2976,rap / hip hop,rap,christlicher rap,#843D79,#7F3B71,christlicherrap
2977,pop,pop,classic belgian pop,#FFEB91,#FAF29F,classicbelgianpop
2978,pop,city pop,classic city pop,#FFEB91,#F9DF85,classiccitypop
2979,pop,pop,classic colombian pop,#FFEB91,#F9DE96,classiccolombianpop
2980,pop,pop,classic dutch pop,#FFEB91,#FAF3A8,classicdutchpop
2981,pop,pop,classic hungarian pop,#FFEB91,#F9DD90,classichungarianpop
2982,pop,pop,classic peruvian pop,#FFEB91,#F9DD8D,classicperuvianpop
2983,pop,pop,classic russian pop,#FFEB91,#FAE09F,classicrussianpop
2984,country / folk,folk / traditional,classic sierreno,#BDCC66,#C4D476,classicsierreno
2985,rhythm music,rhythm music,coco,#66CC99,#7AD09A,coco
2986,rap / hip hop,hip hop,cologne hip hop,#843D79,#77386D,colognehiphop
2987,rock,indie rock,colombian indie,#DCB250,#E1B354,colombianindie
2988,rhythm music,rhythm music,combos nacionales,#66CC99,#77D2AA,combosnacionales
2989,rock,rock,comedy rock,#DCB250,#DDB13D,comedyrock
2990,rhythm music,rhythm music,comptine africaine,#66CC99,#65D0A1,comptineafricaine
2991,rap / hip hop,hip hop,conscious hip hop,#843D79,#7B356D,conscioushiphop
2992,country / folk,corrido,corrido,#BDCC66,#C8D378,corrido
2993,country / folk,corrido,corridos alternativos,#BDCC66,#B7C762,corridosalternativos
2994,country / folk,corrido,corridos clasicos,#BDCC66,#C3D36E,corridosclasicos
2995,country / folk,corrido,corridos tumbados,#BDCC66,#BCCD68,corridostumbados
2996,rap / hip hop,hip hop,cruise,#843D79,#824174,cruise
2997,country / folk,folk / traditional,cuatro venezolano,#BDCC66,#B1C866,cuatrovenezolano
2998,rhythm music,funk,cuban funk,#66CC99,#70CEA3,cubanfunk
2999,rhythm music,rhythm music,cuento infantile,#66CC99,#6BCF93,cuentoinfantile
3000,rhythm music,cumbia,cumbia,#66CC99,#56CC89,cumbia
3001,rhythm music,cumbia,cumbia 420,#66CC99,#69CFA0,cumbia420
3002,rhythm music,cumbia,cumbia colombiana regia,#66CC99,#65C898,cumbiacolombianaregia
3003,rhythm music,cumbia,cumbia ecuatoriana,#66CC99,#7BD0AD,cumbiaecuatoriana
3004,rhythm music,funk,cumbia funk,#66CC99,#6DCB91,cumbiafunk
3005,rhythm music,cumbia,cumbia lagunera,#66CC99,#57C596,cumbialagunera
3006,rhythm music,cumbia,cumbia salvadorena,#66CC99,#5DC88C,cumbiasalvadorena
3007,rhythm music,cumbia,cumbia sonorense,#66CC99,#68CF9B,cumbiasonorense
3008,rhythm music,cumbia,cumbia surena,#66CC99,#58CA8D,cumbiasurena
3009,country / folk,folk / traditional,dambora,#BDCC66,#C6D371,dambora
3010,rhythm music,jamaican,dancehall,#6E48AF,#8356B4,dancehall
3011,pop,pop,danish pop rock,#FFEB91,#FAF09D,danishpoprock
3012,rhythm music,rhythm music,dansk comedy,#66CC99,#74D4A6,danskcomedy
3013,rock,punk,danspunk,#DCB250,#DD993D,danspunk
3014,rhythm music,r&b,dark r&b,#66CC99,#62CD93,darkr&b
3015,rhythm music,rhythm music,deboxe,#66CC99,#6BD19F,deboxe
3016,rhythm music,rhythm music,decije pesme,#66CC99,#68C891,decijepesme
3017,pop,pop,deep latin alternative,#FFEB91,#F9F18D,deeplatinalternative
3018,rhythm music,jamaican,deep ragga,#6E48AF,#63469E,deepragga
3019,rap / hip hop,hip hop,dembow,#843D79,#823874,dembow
3020,rap / hip hop,hip hop,dembow dominicano,#843D79,#873C81,dembowdominicano
3021,rap / hip hop,rap,desi emo rap,#843D79,#7C366D,desiemorap
3022,pop,pop,desi pop,#FFEB91,#FAE798,desipop
3023,rap / hip hop,hip hop,detroit hip hop,#843D79,#8A3F7D,detroithiphop
3024,rhythm music,rhythm music,detske pesnicky,#66CC99,#5FC585,detskepesnicky
3025,rhythm music,rhythm music,detskie pesni,#66CC99,#67CFA2,detskiepesni
3026,rhythm music,jazz,dinner jazz,#66CC99,#62CC89,dinnerjazz
3027,rhythm music,rhythm music,djecje pjesme,#66CC99,#5CC796,djecjepjesme
3028,rhythm music,rhythm music,djembe,#66CC99,#78D09E,djembe
3029,pop,pop,dogri pop,#FFEB91,#F9DB89,dogripop
3030,rhythm music,rhythm music,dong-yo,#66CC99,#56C989,dongyo
3031,classical,classical,drama,#666666,#8B4B4D,drama
3032,rhythm music,rhythm music,dream plugg,#66CC99,#77D4A6,dreamplugg
3033,rap / hip hop,drill,drill brasileiro,#843D79,#8C3C7C,drillbrasileiro
3034,rap / hip hop,drill,drill dominicano,#843D79,#77356B,drilldominicano
3035,rap / hip hop,drill,drill espanol,#843D79,#76346A,drillespanol
3036,rap / hip hop,drill,drill tuga,#843D79,#8E3F8A,drilltuga
3037,rhythm music,jamaican,dub,#6E48AF,#6548B6,dub
3038,rap / hip hop,drill,dutch drill,#843D79,#7D3C73,dutchdrill
3039,pop,pop,dutch idol pop,#FFEB91,#FAEDA1,dutchidolpop
3040,rock,indie rock,ecuadorian indie,#DCB250,#DFAD60,ecuadorianindie
3041,rhythm music,rhythm music,edo old school,#66CC99,#6ACA96,edooldschool
3042,pop,pop,egyptian pop,#FFEB91,#FAEEA2,egyptianpop
3043,rap / hip hop,rap,emo rap italiano,#843D79,#893C81,emorapitaliano
3044,rap / hip hop,trap,emo trap italiana,#843D79,#8F427C,emotrapitaliana
3045,classical,classical,erotik,#666666,#8B4D4B,erotik
3046,rap / hip hop,hip hop,ethiopian hip hop,#843D79,#8D457F,ethiopianhiphop
3047,rhythm music,rhythm music,eventyr,#66CC99,#61C793,eventyr
3048,electronic music,electro,experimental electronic,#D52633,#DE2B2A,experimentalelectronic
3049,country / folk,folk / traditional,fife and drum,#BDCC66,#B4CC54,fifeanddrum
3050,country / folk,folk / traditional,fluxwork,#BDCC66,#B3CC58,fluxwork
3051,country / folk,folk / traditional,focus beats,#BDCC66,#BBCE68,focusbeats
3052,rhythm music,rhythm music,folclor afrocolombiano,#66CC99,#5CC59D,folclorafrocolombiano
3053,rhythm music,rhythm music,folclor colombiano,#66CC99,#67CB8C,folclorcolombiano
3054,country / folk,folk,folklore ecuatoriano,#BDCC66,#BFCD61,folkloreecuatoriano
3055,country / folk,folk,folklore quebecois,#BDCC66,#AAC951,folklorequebecois
3056,rhythm music,rhythm music,forro manauara,#66CC99,#79CF9B,forromanauara
3057,rhythm music,rhythm music,fotbollslatar,#66CC99,#65C98D,fotbollslatar
3058,rap / hip hop,hip hop,frafra,#843D79,#753A70,frafra
3059,rap / hip hop,hip hop,french hip hop,#843D79,#854379,frenchhiphop
3060,rock,post-punk,french post-punk,#DCB250,#E1AD62,frenchpostpunk
3061,rhythm music,rhythm music,fuji,#66CC99,#7ACEA0,fuji
3062,rhythm music,funk,funk 150 bpm,#66CC99,#6CD3A5,funk150bpm
3063,rhythm music,funk,funk bh,#66CC99,#6DD192,funkbh
3064,rhythm music,funk,funk capixaba,#66CC99,#57CA89,funkcapixaba
3065,rhythm music,funk,funk carioca,#66CC99,#5CCA91,funkcarioca
3066,rhythm music,funk,funk consciente,#66CC99,#6ED1A0,funkconsciente
3067,rhythm music,funk,funk mandelao,#66CC99,#54C683,funkmandelao
3068,rhythm music,funk,funk mtg,#66CC99,#54C981,funkmtg
3069,rhythm music,funk,funk ostentacao,#66CC99,#68D08F,funkostentacao
3070,rhythm music,funk,funk paulista,#66CC99,#55C69C,funkpaulista
3071,rhythm music,funk,funk rj,#66CC99,#62D09F,funkrj
3072,rock,rock,funk rock,#DCB250,#E1BB57,funkrock
3073,rhythm music,funk,funk viral,#66CC99,#58C69D,funkviral
3074,rhythm music,funk,g funk,#66CC99,#74CCA1,gfunk
3075,rhythm music,rhythm music,gaita zuliana,#66CC99,#70CD9F,gaitazuliana
3076,rap / hip hop,hip hop,gambian hip hop,#843D79,#803E7A,gambianhiphop
3077,pop,pop,gambian pop,#FFEB91,#F9D993,gambianpop
3078,pop,pop,garo pop,#FFEB91,#F9EA91,garopop
3079,rock,rock,geek rock,#DCB250,#D7BE4D,geekrock
3080,pop,pop,georgian alternative,#FFEB91,#FAF497,georgianalternative
3081,rap / hip hop,rap,german alternative rap,#843D79,#853F73,germanalternativerap
3082,rap / hip hop,boom bap,german boom bap,#843D79,#763262,germanboombap
3083,country / folk,country,german country,#BDCC66,#C4CF76,germancountry
3084,rap / hip hop,hip hop,german hip hop,#843D79,#90487C,germanhiphop
3085,rock,indie rock,german indie,#DCB250,#DBB65E,germanindie
3086,rap / hip hop,rap,german jazz rap,#843D79,#7C3568,germanjazzrap
3087,classical,classical,german literature,#666666,#8F504D,germanliterature
3088,rap / hip hop,rap,german underground rap,#843D79,#743567,germanundergroundrap
3089,rap / hip hop,rap,german viral rap,#843D79,#93448F,germanviralrap
3090,rhythm music,rhythm music,ghanaian alternative,#66CC99,#50C98A,ghanaianalternative
3091,rap / hip hop,hip hop,ghanaian hip hop,#843D79,#884278,ghanaianhiphop
3092,pop,pop,ghanaian pop,#FFEB91,#FAF6A8,ghanaianpop
3093,country / folk,traditional,ghanaian traditional,#BDCC66,#B9C863,ghanaiantraditional
3094,electronic music,electronic music,glitch pop,#D52633,#C62933,glitchpop
3095,rap / hip hop,drill,gospel drill,#843D79,#944586,gospeldrill
3096,rhythm music,jamaican,gospel papiamento,#6E48AF,#6D55B2,gospelpapiamento
3097,rap / hip hop,hip hop,gothenburg hip hop,#843D79,#853A71,gothenburghiphop
3098,rap / hip hop,rap,greek fem rap,#843D79,#7F367C,greekfemrap
3099,pop,pop,greek pop,#FFEB91,#F9E287,greekpop
3100,rap / hip hop,grime,grime brasileiro,#843D79,#913F7E,grimebrasileiro
3101,classical,classical,guidance,#666666,#794146,guidance
3102,rhythm music,rhythm music,guitarra mexicana,#66CC99,#6BD19A,guitarramexicana
3103,country / folk,folk / traditional,gwoka,#BDCC66,#BEC860,gwoka
3104,rock,punk,gypsy punk,#DCB250,#DBA156,gypsypunk
3105,rap / hip hop,hip hop,hamburg hip hop,#843D79,#90457F,hamburghiphop
3106,rhythm music,rhythm music,hangoskonyvek,#66CC99,#75D1A0,hangoskonyvek
3107,country / folk,folk / traditional,hard motivation,#BDCC66,#B4C65A,hardmotivation
3108,rap / hip hop,hip hop,hardcore hip hop,#843D79,#813E7E,hardcorehiphop
3109,rap / hip hop,hip hop,harlem hip hop,#843D79,#904789,harlemhiphop
3110,country / folk,folk / traditional,haur kantak,#BDCC66,#BCD07B,haurkantak
3111,pop,pop,hausa pop,#FFEB91,#FAE2A1,hausapop
3112,rap / hip hop,hip hop,hawaiian hip hop,#843D79,#92488A,hawaiianhiphop
3113,rhythm music,rhythm music,highlife,#66CC99,#69C891,highlife
3114,pop,pop,himachali pop,#FFEB91,#F8E87F,himachalipop
3115,rap / hip hop,hip hop,hip hop boliviano,#843D79,#7B3D73,hiphopboliviano
3116,rap / hip hop,hip hop,hip hop cubano,#843D79,#8B4480,hiphopcubano
3117,rap / hip hop,hip hop,hip hop galsen,#843D79,#873A72,hiphopgalsen
3118,rap / hip hop,hip hop,hip hop mauritanien,#843D79,#8F4582,hiphopmauritanien
3119,rap / hip hop,hip hop,hip hop quebecois,#843D79,#733569,hiphopquebecois
3120,rap / hip hop,hip hop,hip hop reunionnais,#843D79,#844378,hiphopreunionnais
3121,rap / hip hop,hip hop,hip hop tuga,#843D79,#723765,hiphoptuga
3122,rap / hip hop,hip hop,hipco,#843D79,#753463,hipco
3123,rhythm music,rhythm music,histoire pour enfants,#66CC99,#63CF90,histoirepourenfants
3124,classical,classical,hoerspiel,#666666,#7F4644,hoerspiel
3125,rap / hip hop,hip hop,huapango,#843D79,#893D83,huapango
3126,rap / hip hop,hip hop,hungarian hip hop,#843D79,#79396E,hungarianhiphop
3127,rap / hip hop,rap,hungarian underground rap,#843D79,#8D4585,hungarianundergroundrap
3128,rap / hip hop,hip hop,idaho hip hop,#843D79,#92457D,idahohiphop
3129,pop,pop,igbo pop,#FFEB91,#FAE99F,igbopop
3130,rap / hip hop,rap,igbo rap,#843D79,#90437F,igborap
3131,country / folk,traditional,igbo traditional,#BDCC66,#BDCA6C,igbotraditional
3132,rap / hip hop,trap,igbo trap,#843D79,#753572,igbotrap
3133,pop,pop,illbient,#FFEB91,#FAEC9D,illbient
3134,country / folk,folk / traditional,indian percussion,#BDCC66,#BECE78,indianpercussion
3135,rap / hip hop,rap,indian underground rap,#843D79,#80397C,indianundergroundrap
3136,rock,indie rock,indie boliviano,#DCB250,#E1AF61,indieboliviano
3137,rock,indie rock,indie catracho,#DCB250,#D8B74D,indiecatracho
3138,electronic music,electro,indie electropop,#D52633,#D22A21,indieelectropop
3139,rap / hip hop,hip hop,indie hip hop,#843D79,#984288,indiehiphop
3140,rock,indie rock,indie nica,#DCB250,#E3C761,indienica
3141,rock,indie rock,indie paraense,#DCB250,#DFB260,indieparaense
3142,rock,indie rock,indie salvadoreno,#DCB250,#DCA74D,indiesalvadoreno
3143,rock,indie rock,indie sudcaliforniano,#DCB250,#DEC565,indiesudcaliforniano
3144,rhythm music,r&b,indonesian r&b,#66CC99,#6CD1A2,indonesianr&b
3145,rap / hip hop,hip hop,iraqi hip hop,#843D79,#7C3D71,iraqihiphop
3146,rap / hip hop,drill,irish drill,#843D79,#783776,irishdrill
3147,pop,pop,italian pop,#FFEB91,#F9DF96,italianpop
3148,country / folk,folk / traditional,jamaican,#BDCC66,#BBC85E,jamaican
3149,rap / hip hop,hip hop,jamaican hip hop,#843D79,#924686,jamaicanhiphop
3150,electronic music,idm,japanese idm,#D52633,#D02632,japaneseidm
3151,rhythm music,soul,japanese soul,#66CC99,#6ACF9A,japanesesoul
3152,pop,pop,jordanian pop,#FFEB91,#F9E889,jordanianpop
3153,rhythm music,rhythm music,juju,#66CC99,#71D4A2,juju
3154,rhythm music,rhythm music,kabarett,#66CC99,#5DC58A,kabarett
3155,rhythm music,rhythm music,kabyle,#66CC99,#77CE99,kabyle
3156,rhythm music,rhythm music,kadongo kamu,#66CC99,#68CEA8,kadongokamu
3157,pop,pop,kamba pop,#FFEB91,#F9EA85,kambapop
3158,rap / hip hop,hip hop,kansas city hip hop,#843D79,#8C468A,kansascityhiphop
3159,pop,pop,karen pop,#FFEB91,#F9E991,karenpop
3160,pop,pop,karneval,#FFEB91,#FAE89A,karneval
3161,rap / hip hop,hip hop,kashmiri hip hop,#843D79,#89417B,kashmirihiphop
3162,rap / hip hop,drill,kenyan drill,#843D79,#7F3A76,kenyandrill
3163,pop,pop,khasi pop,#FFEB91,#F9E886,khasipop
3164,pop,pop,kikuyu pop,#FFEB91,#FAF1A3,kikuyupop
3165,country / folk,folk / traditional,kindermusik,#BDCC66,#CCCF66,kindermusik
3166,rhythm music,rhythm music,kleine hoerspiel,#66CC99,#60C998,kleinehoerspiel
3167,rhythm music,rhythm music,kodomo no ongaku,#66CC99,#74CCA5,kodomonoongaku
3168,pop,pop,kokborok pop,#FFEB91,#FAE8A1,kokborokpop
3169,rhythm music,rhythm music,kompa chretien,#66CC99,#58C690,kompachretien
3170,pop,city pop,korean city pop,#FFEB91,#F9F084,koreancitypop
3171,rap / hip hop,rap,korean underground rap,#843D79,#913D7D,koreanundergroundrap
3172,rap / hip hop,hip hop,kurdish hip hop,#843D79,#7F3C78,kurdishhiphop
3173,pop,pop,la pop,#FFEB91,#FAEEA8,lapop
3174,rhythm music,rhythm music,lagu aceh,#66CC99,#60C68E,laguaceh
3175,rhythm music,rhythm music,lagu bali,#66CC99,#5ECC9F,lagubali
3176,country / folk,folk / traditional,lagu lampung,#BDCC66,#B6CF73,lagulampung
3177,pop,pop,lagu sasak,#FFEB91,#F9E284,lagusasak
3178,pop,pop,lagu sunda,#FFEB91,#FAE7A8,lagusunda
3179,rap / hip hop,hip hop,lambadao,#843D79,#8D3D81,lambadao
3180,country / folk,folk / traditional,language,#BDCC66,#A9C359,language
3181,rap / hip hop,hip hop,lao hip hop,#843D79,#93447D,laohiphop
3182,rhythm music,rhythm music,lasten satuja,#66CC99,#67CD99,lastensatuja
3183,rhythm music,rhythm music,latin talent show,#66CC99,#5BC69D,latintalentshow
3184,rhythm music,rhythm music,latinx alternative,#66CC99,#69C99A,latinxalternative
3185,pop,pop,latvian pop,#FFEB91,#FADF9F,latvianpop
3186,classical,classical,lesen,#666666,#794148,lesen
3187,rap / hip hop,hip hop,libyan hip hop,#843D79,#763265,libyanhiphop
3188,country / folk,folk / traditional,lo-fi beats,#BDCC66,#AEC959,lofibeats
3189,rhythm music,rhythm music,lo-fi brasileiro,#66CC99,#74CDA9,lofibrasileiro
3190,rhythm music,jazz,lo-fi jazzhop,#66CC99,#73D297,lofijazzhop
3191,rhythm music,rhythm music,lo-fi latino,#66CC99,#72D29F,lofilatino
3192,rhythm music,rhythm music,lo-fi product,#66CC99,#63CB99,lofiproduct
3193,rap / hip hop,rap,london rap,#843D79,#97428C,londonrap
3194,rhythm music,rhythm music,louange,#66CC99,#6FCB92,louange
3195,rhythm music,jamaican,lovers rock,#6E48AF,#6445B3,loversrock
3196,rhythm music,jamaican,lovers rock & uk reggae,#6E48AF,#694EAE,loversrock&ukreggae
3197,pop,pop,luk thung,#FFEB91,#FAE099,lukthung
3198,rhythm music,rhythm music,lustrum,#66CC99,#75D5A1,lustrum
3199,country / folk,folk / traditional,magyar kabare,#BDCC66,#C8D374,magyarkabare
3200,rhythm music,rhythm music,maimouna,#66CC99,#52CA95,maimouna
3201,rhythm music,rhythm music,maithili,#66CC99,#5FC493,maithili
3202,country / folk,folk,malawian folk,#BDCC66,#BCCF70,malawianfolk
3203,rap / hip hop,hip hop,malawian hip hop,#843D79,#8E3F7D,malawianhiphop
3204,pop,pop,malawian pop,#FFEB91,#F9D987,malawianpop
3205,rhythm music,rhythm music,malayalam worship,#66CC99,#5DC898,malayalamworship
3206,pop,pop,maldivian pop,#FFEB91,#F9EE86,maldivianpop
3207,country / folk,traditional,malian traditional,#BDCC66,#AFC85E,maliantraditional
3208,pop,pop,maluku pop,#FFEB91,#F9ED86,malukupop
3209,rap / hip hop,hip hop,manchester hip hop,#843D79,#894582,manchesterhiphop
3210,rhythm music,rhythm music,marimba de guatemala,#66CC99,#56C591,marimbadeguatemala
3211,rap / hip hop,hip hop,marimba mexicana,#843D79,#7B376B,marimbamexicana
3212,rap / hip hop,hip hop,marimba orquesta,#843D79,#743463,marimbaorquesta
3213,rap / hip hop,drill,melodic drill,#843D79,#7D3E6F,melodicdrill
3214,rhythm music,jamaican,mento,#6E48AF,#5F42A1,mento
3215,rhythm music,rhythm music,merengue,#66CC99,#72D1AD,merengue
3216,rhythm music,rhythm music,merengue tipico,#66CC99,#5FC694,merenguetipico
3217,rhythm music,rhythm music,modern bollywood,#66CC99,#5CCC9D,modernbollywood
3218,pop,indie pop,modern indie pop,#FFEB91,#FAE8A8,modernindiepop
3219,pop,pop,moderne ludovky,#FFEB91,#FAE8A2,moderneludovky
3220,pop,pop,moroccan pop,#FFEB91,#F9EA92,moroccanpop
3221,classical,classical,motivation,#666666,#774042,motivation
3222,country / folk,folk / traditional,musica afroperuana,#BDCC66,#A8C852,musicaafroperuana
3223,country / folk,folk / traditional,musica andina colombiana,#BDCC66,#C8CF68,musicaandinacolombiana
3224,country / folk,folk / traditional,musica ayacuchana,#BDCC66,#BDC86A,musicaayacuchana
3225,rhythm music,rhythm music,musica bajacaliforniana,#66CC99,#74D5A9,musicabajacaliforniana
3226,rhythm music,rhythm music,musica capixaba,#66CC99,#7BD0AE,musicacapixaba
3227,rhythm music,rhythm music,musica catalana,#66CC99,#65CAA4,musicacatalana
3228,rap / hip hop,hip hop,musica chiapaneca,#843D79,#8A3C7B,musicachiapaneca
3229,rap / hip hop,hip hop,musica coahuilense,#843D79,#923F8F,musicacoahuilense
3230,country / folk,folk / traditional,musica colimense,#BDCC66,#B3CA63,musicacolimense
3231,rap / hip hop,hip hop,musica costena,#843D79,#7A3973,musicacostena
3232,rhythm music,rhythm music,musica criolla,#66CC99,#62CA95,musicacriolla
3233,rhythm music,rhythm music,musica duranguense,#66CC99,#67D19F,musicaduranguense
3234,country / folk,folk / traditional,musica gaucha tradicionalista,#BDCC66,#CCCE66,musicagauchatradicionalista
3235,rhythm music,rhythm music,musica guerrerense,#66CC99,#70D09C,musicaguerrerense
3236,rhythm music,rhythm music,musica guineense,#66CC99,#71D2A6,musicaguineense
3237,rhythm music,rhythm music,musica hondurena,#66CC99,#63CF94,musicahondurena
3238,country / folk,folk / traditional,musica indigena mexicana,#BDCC66,#B4C95D,musicaindigenamexicana
3239,rhythm music,rhythm music,musica istmena,#66CC99,#5DC898,musicaistmena
3240,country / folk,folk / traditional,musica jibara,#BDCC66,#BDC864,musicajibara
3241,rhythm music,rhythm music,musica mixteca,#66CC99,#7BCEA6,musicamixteca
3242,country / folk,folk / traditional,musica morelense,#BDCC66,#C7CA60,musicamorelense
3243,rhythm music,rhythm music,musica nayarita,#66CC99,#59C785,musicanayarita
3244,rhythm music,rhythm music,musica neoleonesa,#66CC99,#73D4AE,musicaneoleonesa
3245,rhythm music,rhythm music,musica oaxaquena,#66CC99,#68CBA6,musicaoaxaquena
3246,pop,pop,musica otavalena,#FFEB91,#F9D989,musicaotavalena
3247,pop,pop,musica ponta-grossense,#FFEB91,#F9D68A,musicapontagrossense
3248,pop,pop,musica popular colombiana,#FFEB91,#F8DA83,musicapopularcolombiana
3249,rhythm music,rhythm music,musica potosina,#66CC99,#63C79A,musicapotosina
3250,pop,pop,musica roraimense,#FFEB91,#F8D47F,musicaroraimense
3251,country / folk,folk / traditional,musica sinaloense,#BDCC66,#BED176,musicasinaloense
3252,rhythm music,rhythm music,musica sonorense,#66CC99,#5ECEA2,musicasonorense
3253,rap / hip hop,hip hop,musica tabasquena,#843D79,#814170,musicatabasquena
3254,rap / hip hop,hip hop,musica tropical guatemalteca,#843D79,#8C3D83,musicatropicalguatemalteca
3255,rhythm music,rhythm music,musica wixarika,#66CC99,#69CF90,musicawixarika
3256,country / folk,folk / traditional,musique centrafricaine,#BDCC66,#BDD076,musiquecentrafricaine
3257,rhythm music,rhythm music,musique comorienne,#66CC99,#71D19C,musiquecomorienne
3258,rhythm music,rhythm music,musique mahoraise,#66CC99,#5CCE8C,musiquemahoraise
3259,country / folk,folk / traditional,musique mandingue,#BDCC66,#BACE6A,musiquemandingue
3260,country / folk,folk / traditional,musique pour enfant quebecois,#BDCC66,#BFCE79,musiquepourenfantquebecois
3261,rhythm music,rhythm music,musique soninke,#66CC99,#65C88D,musiquesoninke
3262,rhythm music,rhythm music,musique tchadienne,#66CC99,#5ECD8B,musiquetchadienne
3263,rhythm music,rhythm music,musique urbaine brazzaville,#66CC99,#6ACA9A,musiqueurbainebrazzaville
3264,rhythm music,rhythm music,muzica copii,#66CC99,#5CCE8F,muzicacopii
3265,rhythm music,rhythm music,muzica etno,#66CC99,#75D5B1,muzicaetno
3266,rhythm music,rhythm music,muziek voor kinderen,#66CC99,#5EC68F,muziekvoorkinderen
3267,rock,indie rock,nagaland indie,#DCB250,#D9A33C,nagalandindie
3268,rock,indie rock,nantes indie,#DCB250,#D5B243,nantesindie
3269,rap / hip hop,rap,narco rap,#843D79,#823874,narcorap
3270,rap / hip hop,rap,new jersey rap,#843D79,#7B3E79,newjerseyrap
3271,rhythm music,funk,new orleans funk,#66CC99,#72CE95,neworleansfunk
3272,rhythm music,rhythm music,new tejano,#66CC99,#63CCA4,newtejano
3273,rap / hip hop,drill,new york drill,#843D79,#823D7D,newyorkdrill
3274,country / folk,folk / traditional,ngoni,#BDCC66,#D0D472,ngoni
3275,rap / hip hop,hip hop,nigerian hip hop,#843D79,#934084,nigerianhiphop
3276,pop,pop,nigerian pop,#FFEB91,#FADFA2,nigerianpop
3277,electronic music,electronic music,no beat,#D52633,#C92623,nobeat
3278,rhythm music,rhythm music,norteno,#66CC99,#51C99D,norteno
3279,rap / hip hop,hip hop,north carolina hip hop,#843D79,#733768,northcarolinahiphop
3280,rap / hip hop,rap,north moroccan rap,#843D79,#833A81,northmoroccanrap
3281,rap / hip hop,hip hop,nottingham hip hop,#843D79,#914988,nottinghamhiphop
3282,rhythm music,rhythm music,nova musica maranhense,#66CC99,#5ACA8B,novamusicamaranhense
3283,rhythm music,rhythm music,nyahbinghi,#66CC99,#5BC88E,nyahbinghi
3284,pop,pop,nyc pop,#FFEB91,#F9EC90,nycpop
3285,rap / hip hop,rap,nyc rap,#843D79,#823C71,nycrap
3286,pop,pop,nz pop,#FFEB91,#FAE899,nzpop
3287,rhythm music,rhythm music,ohangla,#66CC99,#6DD395,ohangla
3288,rhythm music,rhythm music,old school highlife,#66CC99,#67CBA2,oldschoolhighlife
3289,rhythm music,rhythm music,oldschool deutschrap,#66CC99,#77D3A6,oldschooldeutschrap
3290,rhythm music,rhythm music,organetto,#66CC99,#79D1AE,organetto
3291,rap / hip hop,hip hop,orquesta tropical,#843D79,#823F79,orquestatropical
3292,rap / hip hop,hip hop,outer hip hop,#843D79,#803C76,outerhiphop
3293,rhythm music,gospel,pacific islands gospel,#66CC99,#57C596,pacificislandsgospel
3294,rhythm music,rhythm music,pagode baiano,#66CC99,#60CA98,pagodebaiano
3295,country / folk,folk / traditional,palm wine guitar,#BDCC66,#BCC555,palmwineguitar
3296,pop,pop,panamanian pop,#FFEB91,#F9E591,panamanianpop
3297,rap / hip hop,drill,persian drill,#843D79,#84427C,persiandrill
3298,pop,pop,persian pop,#FFEB91,#F8D982,persianpop
3299,rap / hip hop,hip hop,peruvian hip hop,#843D79,#8C3D79,peruvianhiphop
3300,rock,indie rock,peruvian indie,#DCB250,#D6953D,peruvianindie
3301,rap / hip hop,rap,philly rap,#843D79,#834179,phillyrap
3302,rhythm music,rhythm music,piada,#66CC99,#6BCC94,piada
3303,pop,city pop,pinoy city pop,#FFEB91,#FAE99F,pinoycitypop
3304,rhythm music,rhythm music,piratenmuziek,#66CC99,#72D39A,piratenmuziek
3305,rap / hip hop,hip hop,piseiro,#843D79,#824172,piseiro
3306,rap / hip hop,rap,pittsburgh rap,#843D79,#8E407B,pittsburghrap
3307,rhythm music,rhythm music,pohadky,#66CC99,#77D1AC,pohadky
3308,country / folk,folk / traditional,polka nortena,#BDCC66,#C7D26E,polkanortena
3309,electronic music,ambient,pop ambient,#D52633,#D4362F,popambient
3310,pop,pop,pop chileno,#FFEB91,#FAF6A8,popchileno
3311,pop,pop,pop costarricense,#FFEB91,#F9E296,popcostarricense
3312,pop,pop,pop soul,#FFEB91,#F9F096,popsoul
3313,pop,pop,pop urbaine,#FFEB91,#F8D583,popurbaine
3314,pop,pop,popullore jugu,#FFEB91,#F9D886,popullorejugu
3315,rhythm music,rhythm music,porro,#66CC99,#58C580,porro
3316,rhythm music,rhythm music,proto-rap,#66CC99,#57C28E,protorap
3317,rap / hip hop,hip hop,psychedelic hip hop,#843D79,#8B4283,psychedelichiphop
3318,rock,indie rock,puerto rican indie,#DCB250,#D8AE4D,puertoricanindie
3319,rock,rock,puerto rican rock,#DCB250,#DCB24E,puertoricanrock
3320,pop,pop,punjabi lo-fi,#FFEB91,#F9F493,punjabilofi
3321,rap / hip hop,hip hop,queens hip hop,#843D79,#894579,queenshiphop
3322,rhythm music,r&b,r&b italiano,#66CC99,#56C580,r&bitaliano
3323,rhythm music,jamaican,ragga,#6E48AF,#6049A3,ragga
3324,rhythm music,rhythm music,rai,#66CC99,#70D0A8,rai
3325,rhythm music,rhythm music,rai algerien,#66CC99,#73D3A2,raialgerien
3326,rap / hip hop,rap,rap abc paulista,#843D79,#753567,rapabcpaulista
3327,rap / hip hop,rap,rap algerien,#843D79,#843A72,rapalgerien
3328,rap / hip hop,rap,rap antillais,#843D79,#7D3B77,rapantillais
3329,rap / hip hop,rap,rap baiano,#843D79,#76386F,rapbaiano
3330,rap / hip hop,rap,rap belge,#843D79,#954086,rapbelge
3331,rap / hip hop,rap,rap boricua,#843D79,#884485,rapboricua
3332,rap / hip hop,rap,rap calme,#843D79,#7A3867,rapcalme
3333,rap / hip hop,rap,rap capixaba,#843D79,#873A75,rapcapixaba
3334,rap / hip hop,rap,rap catala,#843D79,#863C79,rapcatala
3335,rap / hip hop,rap,rap catarinense,#843D79,#7E3D6D,rapcatarinense
3336,rap / hip hop,rap,rap cearense,#843D79,#8F3E79,rapcearense
3337,rap / hip hop,rap,rap chileno,#843D79,#8E4787,rapchileno
3338,rap / hip hop,rap,rap conciencia,#843D79,#843F7A,rapconciencia
3339,rap / hip hop,rap,rap congolais,#843D79,#7E3B6D,rapcongolais
3340,rap / hip hop,rap,rap conscient,#843D79,#8B3B84,rapconscient
3341,rap / hip hop,rap,rap criolo,#843D79,#873B72,rapcriolo
3342,rap / hip hop,rap,rap cristao,#843D79,#904581,rapcristao
3343,rap / hip hop,rap,rap dominicano,#843D79,#7C3A75,rapdominicano
3344,rap / hip hop,rap,rap ecuatoguineano,#843D79,#77396B,rapecuatoguineano
3345,rap / hip hop,rap,rap espanol,#843D79,#753568,rapespanol
3346,rap / hip hop,rap,rap euskera,#843D79,#773565,rapeuskera
3347,rap / hip hop,rap,rap feminino nacional,#843D79,#8C3E81,rapfemininonacional
3348,rap / hip hop,rap,rap francais,#843D79,#873E7B,rapfrancais
3349,rap / hip hop,rap,rap gabonais,#843D79,#753565,rapgabonais
3350,rap / hip hop,rap,rap gasy,#843D79,#763664,rapgasy
3351,rap / hip hop,rap,rap gaucho,#843D79,#8D438B,rapgaucho
3352,rap / hip hop,rap,rap geek,#843D79,#76336A,rapgeek
3353,rap / hip hop,rap,rap guineen,#843D79,#933F7E,rapguineen
3354,rap / hip hop,rap,rap inde,#843D79,#823B80,rapinde
3355,rap / hip hop,rap,rap italiano old school,#843D79,#8E4685,rapitalianooldschool
3356,rap / hip hop,rap,rap ivoire,#843D79,#8F467D,rapivoire
3357,rap / hip hop,rap,rap kreyol,#843D79,#7D3975,rapkreyol
3358,rap / hip hop,rap,rap liegeois,#843D79,#743565,rapliegeois
3359,rap / hip hop,rap,rap lyonnais,#843D79,#78336F,raplyonnais
3360,rap / hip hop,rap,rap malien,#843D79,#924386,rapmalien
3361,rap / hip hop,rap,rap maroc,#843D79,#8A4687,rapmaroc
3362,rap / hip hop,rap,rap marseille,#843D79,#783C74,rapmarseille
3363,rap / hip hop,rap,rap mineiro,#843D79,#7A366C,rapmineiro
3364,rap / hip hop,rap,rap mocambicana,#843D79,#914483,rapmocambicana
3365,rap / hip hop,rap,rap montrealais,#843D79,#7D3573,rapmontrealais
3366,rap / hip hop,rap,rap nortista,#843D79,#923F84,rapnortista
3367,rap / hip hop,rap,rap paraense,#843D79,#8F4488,rapparaense
3368,rap / hip hop,rap,rap paranaense,#843D79,#783C6C,rapparanaense
3369,rap / hip hop,rap,rap pernambucano,#843D79,#783966,rappernambucano
3370,rap / hip hop,rap,rap politico,#843D79,#7E3E7B,rappolitico
3371,rap / hip hop,rap,rap potiguar,#843D79,#863B81,rappotiguar
3372,rap / hip hop,rap,rap romantico,#843D79,#7F387B,rapromantico
3373,rap / hip hop,rap,rap tico,#843D79,#94437D,raptico
3374,rap / hip hop,rap,rap tunisien,#843D79,#8F4384,raptunisien
3375,rap / hip hop,rap,rap underground argentino,#843D79,#8F437C,rapundergroundargentino
3376,rap / hip hop,rap,rap underground colombiano,#843D79,#7F3C74,rapundergroundcolombiano
3377,rap / hip hop,hip hop,raspe,#843D79,#8E4784,raspe
3378,rhythm music,funk,rave funk,#66CC99,#6CCDA3,ravefunk
3379,classical,classical,reading,#666666,#85474D,reading
3380,rhythm music,jamaican,reggae,#6E48AF,#59439F,reggae
3381,rhythm music,jamaican,reggae fusion & bhangramuffin,#6E48AF,#764AAC,reggaefusion&bhangramuffin
3382,rhythm music,jamaican,reggaetón & latin rap,#6E48AF,#7046B0,reggaetón&latinrap
3383,rock,indie rock,rennes indie,#DCB250,#DEAD60,rennesindie
3384,rhythm music,soul,retro soul,#66CC99,#5EC694,retrosoul
3385,pop,pop,reunion pop,#FFEB91,#FAE59C,reunionpop
3386,rhythm music,jamaican,riddim,#6E48AF,#804DB8,riddim
3387,rhythm music,rhythm music,ringtone,#66CC99,#61C89B,ringtone
3388,rhythm music,jamaican,rocksteady,#6E48AF,#6F55BA,rocksteady
3389,rap / hip hop,rap,romanian rap,#843D79,#92458B,romanianrap
3390,country / folk,folk / traditional,rozpravky,#BDCC66,#C2CE5A,rozpravky
3391,rap / hip hop,hip hop,russian old school hip hop,#843D79,#763B6B,russianoldschoolhiphop
3392,rap / hip hop,hip hop,rwandan hip hop,#843D79,#8E3F8A,rwandanhiphop
3393,pop,pop,rwandan pop,#FFEB91,#FAEFA1,rwandanpop
3394,rhythm music,jamaican,sacramento hip hop,#6E48AF,#754DBA,sacramentohiphop
3395,country / folk,folk / traditional,sad sierreno,#BDCC66,#C7D169,sadsierreno
3396,rhythm music,salsa,salsa,#66CC99,#64CE8F,salsa
3397,rhythm music,salsa,salsa colombiana,#66CC99,#6AD295,salsacolombiana
3398,rhythm music,salsa,salsa cubana,#66CC99,#6FCEAB,salsacubana
3399,rhythm music,salsa,salsa international,#66CC99,#6DD398,salsainternational
3400,rhythm music,salsa,salsa peruana,#66CC99,#6CD1A8,salsaperuana
3401,rhythm music,salsa,salsa puertorriquena,#66CC99,#5CCE9C,salsapuertorriquena
3402,rhythm music,salsa,salsa venezolana,#66CC99,#70CBA6,salsavenezolana
3403,pop,pop,santali pop,#FFEB91,#FAE6A4,santalipop
3404,rap / hip hop,drill,scottish drill,#843D79,#783570,scottishdrill
3405,rap / hip hop,rap,scouse rap,#843D79,#833979,scouserap
3406,country / folk,traditional,senegalese traditional,#BDCC66,#B8CB53,senegalesetraditional
3407,country / folk,folk / traditional,sertanejo,#BDCC66,#C6C964,sertanejo
3408,rhythm music,gospel,sertanejo gospel,#66CC99,#72D09C,sertanejogospel
3409,pop,pop,sertanejo pop,#FFEB91,#F8EB7F,sertanejopop
3410,country / folk,folk / traditional,sertanejo universitario,#BDCC66,#BDC454,sertanejouniversitario
3411,rhythm music,rhythm music,shaabi,#66CC99,#57C486,shaabi
3412,country / folk,folk / traditional,shamisen,#BDCC66,#B9D179,shamisen
3413,rap / hip hop,hip hop,shatta,#843D79,#8B3B7E,shatta
3414,country / folk,folk / traditional,sierreno,#BDCC66,#BBCC55,sierreno
3415,pop,pop,singer-songwriter pop,#FFEB91,#F9EF84,singersongwriterpop
3416,rap / hip hop,rap,sinhala rap,#843D79,#963F89,sinhalarap
3417,pop,pop,sirmauri pop,#FFEB91,#FAE2A8,sirmauripop
3418,rhythm music,jamaican,ska,#6E48AF,#6949B7,ska
3419,rhythm music,jamaican,ska punk & skacore,#6E48AF,#7C5BB6,skapunk&skacore
3420,rhythm music,jamaican,skansk musik,#6E48AF,#7443B0,skanskmusik
3421,rhythm music,rhythm music,slam poetry,#66CC99,#67CC93,slampoetry
3422,rap / hip hop,hip hop,slovenian hip hop,#843D79,#863A71,slovenianhiphop
3423,country / folk,folk / traditional,son jarocho,#BDCC66,#CAD574,sonjarocho
3424,rhythm music,rhythm music,south african alternative,#66CC99,#6BD3A7,southafricanalternative
3425,rap / hip hop,hip hop,south african hip hop,#843D79,#8F3F8B,southafricanhiphop
3426,rap / hip hop,trap,south african trap,#843D79,#813974,southafricantrap
3427,rap / hip hop,hip hop,spanish hip hop,#843D79,#77346D,spanishhiphop
3428,country / folk,folk / traditional,spoken word,#BDCC66,#B3CC63,spokenword
3429,rap / hip hop,hip hop,study beats,#843D79,#7A336B,studybeats
3430,rap / hip hop,hip hop,sudanese hip hop,#843D79,#7F3777,sudanesehiphop
3431,rap / hip hop,hip hop,surinamese hip hop,#843D79,#88427A,surinamesehiphop
3432,rap / hip hop,hip hop,swazi hip hop,#843D79,#7A3C70,swazihiphop
3433,rap / hip hop,rap,swedish gangsta rap,#843D79,#984382,swedishgangstarap
3434,rap / hip hop,hip hop,swedish hip hop,#843D79,#763468,swedishhiphop
3435,rap / hip hop,trap,swedish trap pop,#843D79,#7F3677,swedishtrappop
3436,rap / hip hop,rap,swedish underground rap,#843D79,#773570,swedishundergroundrap
3437,rock,indie rock,swiss indie,#DCB250,#DAA25A,swissindie
3438,rap / hip hop,hip hop,syrian hip hop,#843D79,#783A72,syrianhiphop
3439,rap / hip hop,rap,tagalog rap,#843D79,#83427C,tagalograp
3440,country / folk,folk / traditional,taiko,#BDCC66,#B0CC55,taiko
3441,pop,pop,tajik pop,#FFEB91,#FAF6A8,tajikpop
3442,pop,pop,talentkonkurranse,#FFEB91,#F8E183,talentkonkurranse
3443,rhythm music,rhythm music,tallava,#66CC99,#5BCA9D,tallava
3444,rap / hip hop,rap,tamaulipas rap,#843D79,#8D3E78,tamaulipasrap
3445,rap / hip hop,hip hop,tanzanian hip hop,#843D79,#844276,tanzanianhiphop
3446,pop,pop,tanzanian pop,#FFEB91,#F9E992,tanzanianpop
3447,electronic music,techno,techno kayo,#D52633,#C12337,technokayo
3448,country / folk,banda,tecnobanda,#BDCC66,#BCCF63,tecnobanda
3449,rhythm music,rhythm music,tex-mex,#66CC99,#55CA8F,texmex
3450,rhythm music,rhythm music,thai bl ost,#66CC99,#59C685,thaiblost
3451,pop,pop,thai pop,#FFEB91,#F9E68F,thaipop
3452,rap / hip hop,hip hop,tibetan hip hop,#843D79,#783969,tibetanhiphop
3453,country / folk,folk / traditional,tierra caliente,#BDCC66,#B0C96C,tierracaliente
3454,rhythm music,rhythm music,timba,#66CC99,#5DCA8E,timba
3455,country / folk,folk / traditional,tololoche,#BDCC66,#B2C95E,tololoche
3456,pop,pop,transpop,#FFEB91,#F9D886,transpop
3457,rap / hip hop,trap,trap angolano,#843D79,#8F488D,trapangolano
3458,rap / hip hop,trap,trap antillais,#843D79,#924789,trapantillais
3459,rap / hip hop,trap,trap baiano,#843D79,#944580,trapbaiano
3460,rap / hip hop,trap,trap brasileiro,#843D79,#843F7A,trapbrasileiro
3461,rap / hip hop,trap,trap catala,#843D79,#97408B,trapcatala
3462,rap / hip hop,trap,trap dominicano,#843D79,#7E386F,trapdominicano
3463,rap / hip hop,trap,trap funk,#843D79,#814072,trapfunk
3464,rap / hip hop,trap,trap metal italiana,#843D79,#8F478C,trapmetalitaliana
3465,rap / hip hop,trap,trap peruano,#843D79,#853B83,trapperuano
3466,rap / hip hop,trap,trap tuga,#843D79,#7E3B6B,traptuga
3467,rap / hip hop,trap,trap venezolano,#843D79,#8B3E75,trapvenezolano
3468,rap / hip hop,trap,traphall,#843D79,#8D408A,traphall
3469,pop,pop,tribute,#FFEB91,#F9EA8C,tribute
3470,rap / hip hop,hip hop,trinibad,#843D79,#90437B,trinibad
3471,rhythm music,rhythm music,tropical,#66CC99,#56C387,tropical
3472,pop,pop,tunisian pop,#FFEB91,#F9F08C,tunisianpop
3473,pop,pop,turkish pop,#FFEB91,#F9E693,turkishpop
3474,pop,pop,turkmen pop,#FFEB91,#FAF39C,turkmenpop
3475,rhythm music,gospel,ugandan gospel,#66CC99,#6BD1A9,ugandangospel
3476,rap / hip hop,hip hop,ugandan hip hop,#843D79,#8C3B7E,ugandanhiphop
3477,rap / hip hop,rap,uk desi rap,#843D79,#95458C,ukdesirap
3478,rap / hip hop,drill,uk drill,#843D79,#783466,ukdrill
3479,rap / hip hop,hip hop,uk hip hop,#843D79,#85407E,ukhiphop
3480,rap / hip hop,rap,uk melodic rap,#843D79,#763775,ukmelodicrap
3481,pop,pop,uk pop,#FFEB91,#FAEEA8,ukpop
3482,country / folk,folk,ukrainian folk,#BDCC66,#A9C94F,ukrainianfolk
3483,rap / hip hop,hip hop,ukrainian hip hop,#843D79,#903F7D,ukrainianhiphop
3484,rock,indie rock,ukrainian indie,#DCB250,#DFC266,ukrainianindie
3485,rhythm music,rhythm music,ukulele,#66CC99,#53C786,ukulele
3486,rhythm music,rhythm music,ukulele cover,#66CC99,#76D29E,ukulelecover
3487,rhythm music,rhythm music,urbano espanol,#66CC99,#61C89C,urbanoespanol
3488,rhythm music,rhythm music,vaikiskos dainos,#66CC99,#62C9A2,vaikiskosdainos
3489,rhythm music,rhythm music,vallenato,#66CC99,#6CCF96,vallenato
3490,rhythm music,rhythm music,vallenato moderno,#66CC99,#53CA92,vallenatomoderno
3491,pop,pop,variete francaise,#FFEB91,#F9E786,varietefrancaise
3492,rap / hip hop,rap,venda rap,#843D79,#7E3F7C,vendarap
3493,rap / hip hop,hip hop,venezuelan hip hop,#843D79,#87447A,venezuelanhiphop
3494,rock,rock,venezuelan rock,#DCB250,#DA9E46,venezuelanrock
3495,rap / hip hop,hip hop,vietnamese hip hop,#843D79,#8B3B75,vietnamesehiphop
3496,electronic music,house,vinahouse,#D52633,#D73A34,vinahouse
3497,classical,classical,vintage radio show,#666666,#844847,vintageradioshow
3498,pop,pop,viral afropop,#FFEB91,#F9DB8E,viralafropop
3499,pop,pop,viral pop brasileiro,#FFEB91,#F8EA82,viralpopbrasileiro
3500,rap / hip hop,hip hop,virginia hip hop,#843D79,#803C76,virginiahiphop
3501,pop,pop,vispop,#FFEB91,#F8EB7E,vispop
3502,rap / hip hop,rap,vlaamse rap,#843D79,#914082,vlaamserap
3503,rap / hip hop,hip hop,west australian hip hop,#843D79,#813B74,westaustralianhiphop
3504,rap / hip hop,hip hop,westcoast flow,#843D79,#91468B,westcoastflow
3505,rap / hip hop,hip hop,west-vlaamse hip hop,#843D79,#80407F,westvlaamsehiphop
3506,pop,pop,wonky,#FFEB91,#F9F296,wonky
3507,classical,classical,writing,#666666,#7B4248,writing
3508,rap / hip hop,hip hop,xhosa hip hop,#843D79,#8B4083,xhosahiphop
3509,pop,pop,yugoslav new wave,#FFEB91,#F9E893,yugoslavnewwave
3510,rhythm music,gospel,zambian gospel,#66CC99,#69D1AB,zambiangospel
3511,rap / hip hop,hip hop,zambian hip hop,#843D79,#753672,zambianhiphop
3512,rhythm music,rhythm music,zespol dzieciecy,#66CC99,#62CF93,zespoldzieciecy
3513,rhythm music,jamaican,zimdancehall,#6E48AF,#6346A8,zimdancehall
3514,rock,japanese jazz,classic japanese jazz,#DCB250,#E3C96F,classicjapanesejazz
3515,rhythm music,jazz,acid jazz / jazzdance,#4364B3,#5166C0,acidjazzjazzdance
3516,rhythm music,jazz,adult standards,#4364B3,#5063BB,adultstandards
3517,rhythm music,jazz,african electronic,#4364B3,#4572BC,africanelectronic
3518,rhythm music,jazz,african-american classical,#4364B3,#527DBD,africanamericanclassical
3519,rhythm music,jazz,afrobeat fusion,#4364B3,#3A65AA,afrobeatfusion
3520,rhythm music,jazz,afropop,#4364B3,#3E60B7,afropop
3521,rhythm music,jazz,alte,#4364B3,#4E62BC,alte
3522,rhythm music,jazz,alternative hip hop,#4364B3,#3F5EA8,alternativehiphop
3523,rhythm music,jazz,alternative r&b,#4364B3,#3F5B9B,alternativer&b
3524,rhythm music,jazz,ambient dub techno,#4364B3,#3C69A8,ambientdubtechno
3525,rhythm music,jazz,american folk revival,#4364B3,#4E64B9,americanfolkrevival
3526,rhythm music,jazz,ancient mediterranean,#4364B3,#3E5B9B,ancientmediterranean
3527,rhythm music,jazz,animal singing,#4364B3,#3D5FA9,animalsinging
3528,rhythm music,jazz,appalachian folk,#4364B3,#3C5AAC,appalachianfolk
3529,rhythm music,jazz,arab folk,#4364B3,#4358B0,arabfolk
3530,rhythm music,jazz,atlanta bass,#4364B3,#4D6ABA,atlantabass
3531,rhythm music,jazz,austin hip hop,#4364B3,#506DBD,austinhiphop
3532,rhythm music,jazz,australian jazz,#4364B3,#3D53A1,australianjazz
3533,rhythm music,jazz,austrian hip hop,#4364B3,#4565BD,austrianhiphop
3534,rhythm music,jazz,avant-garde jazz,#4364B3,#4E70C0,avantgardejazz
3535,rhythm music,jazz,bajan soca,#4364B3,#3B51A9,bajansoca
3536,rhythm music,jazz,balalaika,#4364B3,#4060A8,balalaika
3537,rhythm music,jazz,banda,#4364B3,#4368B9,banda
3538,rhythm music,jazz,bandoneon,#4364B3,#4F72C1,bandoneon
3539,rhythm music,jazz,bangla gojol,#4364B3,#3F56A2,banglagojol
3540,rhythm music,jazz,barrelhouse piano,#4364B3,#3A61A5,barrelhousepiano
3541,rhythm music,jazz,basshall,#4364B3,#4259AB,basshall
3542,rhythm music,jazz,batida,#4364B3,#4C67BF,batida
3543,rhythm music,jazz,batswana traditional,#4364B3,#3B59A0,batswanatraditional
3544,rhythm music,jazz,battle rap,#4364B3,#4265AD,battlerap
3545,rhythm music,jazz,bboy,#4364B3,#456DBE,bboy
3546,rhythm music,jazz,beats,#4364B3,#3F5DA9,beats
3547,rhythm music,jazz,bebop,#4364B3,#4768BC,bebop
3548,rhythm music,jazz,bedroom soul,#4364B3,#4568B4,bedroomsoul
3549,rhythm music,jazz,belgian jazz,#4364B3,#507EC0,belgianjazz
3550,rhythm music,jazz,bengali folk,#4364B3,#3E5DA6,bengalifolk
3551,rhythm music,jazz,beninese pop,#4364B3,#4A68BD,beninesepop
3552,rhythm music,jazz,big band,#4364B3,#436EAC,bigband
3553,rhythm music,jazz,bikutsi,#4364B3,#3A57A6,bikutsi
3554,rhythm music,jazz,blaskapelle,#4364B3,#536CC0,blaskapelle
3555,rhythm music,jazz,blasmusik,#4364B3,#5276C0,blasmusik
3556,rhythm music,jazz,bmore,#4364B3,#4265A3,bmore
3557,rhythm music,jazz,bolero cubano,#4364B3,#4662B6,bolerocubano
3558,rhythm music,jazz,bolero mexicano,#4364B3,#3D6BAD,boleromexicano
3559,rhythm music,jazz,boogie,#4364B3,#4E63C2,boogie
3560,rhythm music,jazz,boom bap espanol,#4364B3,#4359AF,boombapespanol
3561,rhythm music,jazz,boston electronic,#4364B3,#3B53A7,bostonelectronic
3562,rhythm music,jazz,bothy ballad,#4364B3,#395EA1,bothyballad
3563,rhythm music,jazz,botswana pop,#4364B3,#465FAC,botswanapop
3564,rhythm music,jazz,bounce,#4364B3,#405AAE,bounce
3565,rhythm music,jazz,bouyon,#4364B3,#3E52A6,bouyon
3566,rhythm music,jazz,brazilian classical piano,#4364B3,#3E5CA2,brazilianclassicalpiano
3567,rhythm music,jazz,british dance band,#4364B3,#4766B6,britishdanceband
3568,rhythm music,jazz,broken beat,#4364B3,#4E78BD,brokenbeat
3569,rhythm music,jazz,buffalo hip hop,#4364B3,#4E69C2,buffalohiphop
3570,rhythm music,jazz,bulgarian trap,#4364B3,#4259A1,bulgariantrap
3571,rhythm music,jazz,burmese traditional,#4364B3,#5670BA,burmesetraditional
3572,rhythm music,jazz,cabaret,#4364B3,#4466BE,cabaret
3573,rhythm music,jazz,cambodian traditional,#4364B3,#4259B0,cambodiantraditional
3574,rhythm music,jazz,cameroonian pop,#4364B3,#3B63AE,cameroonianpop
3575,rhythm music,jazz,canadian underground hip hop,#4364B3,#4F77BD,canadianundergroundhiphop
3576,rhythm music,jazz,cancion infantil mexicana,#4364B3,#3F509F,cancioninfantilmexicana
3577,rhythm music,jazz,candombe,#4364B3,#3D6AAE,candombe
3578,rhythm music,jazz,cante flamenco,#4364B3,#445FB8,canteflamenco
3579,rhythm music,jazz,carnatic,#4364B3,#3966A7,carnatic
3580,rhythm music,jazz,carnatic instrumental,#4364B3,#3B66AB,carnaticinstrumental
3581,rhythm music,jazz,carnatic vocal,#4364B3,#4664AB,carnaticvocal
3582,rhythm music,jazz,catalan folk,#4364B3,#4A5FB6,catalanfolk
3583,rhythm music,jazz,celtic harp,#4364B3,#4466AA,celticharp
3584,rhythm music,jazz,central asian folk,#4364B3,#4C71C1,centralasianfolk
3585,rhythm music,jazz,chaabi algerien,#4364B3,#4861C0,chaabialgerien
3586,rhythm music,jazz,champeta,#4364B3,#4160AE,champeta
3587,rhythm music,jazz,charva,#4364B3,#3F54A2,charva
3588,rhythm music,jazz,chicago jazz,#4364B3,#5372C0,chicagojazz
3589,rhythm music,jazz,chicha,#4364B3,#4C6CB7,chicha
3590,rhythm music,jazz,children's story,#4364B3,#4C6CB6,children'sstory
3591,rhythm music,jazz,chill baile,#4364B3,#3E57B5,chillbaile
3592,rhythm music,jazz,chill groove,#4364B3,#4E77BF,chillgroove
3593,rhythm music,jazz,choro,#4364B3,#3C60AC,choro
3594,rhythm music,jazz,cimbalom,#4364B3,#4066A6,cimbalom
3595,rhythm music,jazz,city jazz,#4364B3,#4B70BD,cityjazz
3596,rhythm music,jazz,clarinet ensemble,#4364B3,#4975B9,clarinetensemble
3597,rhythm music,jazz,classic female blues,#4364B3,#536BBC,classicfemaleblues
3598,rhythm music,jazz,classical clarinet,#4364B3,#406DBA,classicalclarinet
3599,rhythm music,jazz,classical guitar,#4364B3,#3C53B0,classicalguitar
3600,rhythm music,jazz,classical percussion,#4364B3,#405CAD,classicalpercussion
3601,rhythm music,jazz,classical piano duo,#4364B3,#4070B4,classicalpianoduo
3602,rhythm music,jazz,classify,#4364B3,#3C61AC,classify
3603,rhythm music,jazz,cologne electronic,#4364B3,#5272BA,cologneelectronic
3604,rhythm music,jazz,comedy,#4364B3,#3D66B0,comedy
3605,rhythm music,jazz,contemporary post-bop,#4364B3,#4A6BBF,contemporarypostbop
3606,rhythm music,jazz,cool & west coast jazz,#4364B3,#4062B5,cool&westcoastjazz
3607,rhythm music,jazz,cool jazz,#4364B3,#4F64C1,cooljazz
3608,rhythm music,jazz,copla,#4364B3,#3E58AC,copla
3609,rhythm music,jazz,corridos cristianos,#4364B3,#4C77BE,corridoscristianos
3610,rhythm music,jazz,country blues,#4364B3,#3E659F,countryblues
3611,rhythm music,jazz,crunk,#4364B3,#4164A1,crunk
3612,rhythm music,jazz,cuban alternative,#4364B3,#4D61B9,cubanalternative
3613,rhythm music,jazz,cumbia amazonica,#4364B3,#405FAC,cumbiaamazonica
3614,rhythm music,jazz,cumbia andina mexicana,#4364B3,#455BBE,cumbiaandinamexicana
3615,rhythm music,jazz,cumbia cristiana,#4364B3,#3A5AA3,cumbiacristiana
3616,rhythm music,jazz,cumbia editada,#4364B3,#4A68B6,cumbiaeditada
3617,rhythm music,jazz,cumbia uruguaya,#4364B3,#567EBD,cumbiauruguaya
3618,rhythm music,jazz,cumbia villera,#4364B3,#3F62A9,cumbiavillera
3619,rhythm music,jazz,cypriot hip hop,#4364B3,#4270BE,cypriothiphop
3620,rhythm music,jazz,czech swing,#4364B3,#3F61A2,czechswing
3621,rhythm music,jazz,dechovka,#4364B3,#4F6DBF,dechovka
3622,rhythm music,jazz,deep delta blues,#4364B3,#435CBD,deepdeltablues
3623,rhythm music,jazz,deep funk,#4364B3,#4F70C3,deepfunk
3624,rhythm music,jazz,deep german hip hop,#4364B3,#3C59A9,deepgermanhiphop
3625,rhythm music,jazz,deep norteno,#4364B3,#3B56AD,deepnorteno
3626,rhythm music,jazz,detski pesnichki,#4364B3,#3B55A1,detskipesnichki
3627,rhythm music,jazz,dixieland,#4364B3,#3A53A2,dixieland
3628,rhythm music,jazz,dominican pop,#4364B3,#4D76B8,dominicanpop
3629,rhythm music,jazz,dub brasileiro,#4364B3,#4458B7,dubbrasileiro
3630,rhythm music,jazz,duranguense,#4364B3,#3F68BA,duranguense
3631,rhythm music,jazz,dusseldorf electronic,#4364B3,#3B52A0,dusseldorfelectronic
3632,rhythm music,jazz,dutch moombahton,#4364B3,#4872BA,dutchmoombahton
3633,rhythm music,jazz,dutch underground hip hop,#4364B3,#436CB2,dutchundergroundhiphop
3634,rhythm music,jazz,early american folk,#4364B3,#455DB2,earlyamericanfolk
3635,rhythm music,jazz,early avant garde,#4364B3,#507ABB,earlyavantgarde
3636,rhythm music,jazz,ecm-style jazz,#4364B3,#3D63A4,ecmstylejazz
3637,rhythm music,jazz,egyptian hip hop,#4364B3,#4161AE,egyptianhiphop
3638,rhythm music,jazz,egyptian trap,#4364B3,#4666BE,egyptiantrap
3639,rhythm music,jazz,electro bailando,#4364B3,#3C55A8,electrobailando
3640,rhythm music,jazz,electro swing,#4364B3,#4362AD,electroswing
3641,rhythm music,jazz,electronica chilena,#4364B3,#4874BF,electronicachilena
3642,rhythm music,jazz,er ge,#4364B3,#4A72C0,erge
3643,rhythm music,jazz,ethiopian traditional,#4364B3,#435FBC,ethiopiantraditional
3644,rhythm music,jazz,ethnomusicology,#4364B3,#4F6CC0,ethnomusicology
3645,rhythm music,jazz,fado antigo,#4364B3,#3F5FA4,fadoantigo
3646,rhythm music,jazz,fado de coimbra,#4364B3,#4369B7,fadodecoimbra
3647,rhythm music,jazz,finnish trap,#4364B3,#495CB5,finnishtrap
3648,rhythm music,jazz,fisarmonica,#4364B3,#476AB9,fisarmonica
3649,rhythm music,jazz,flamenco fusion,#4364B3,#394CA4,flamencofusion
3650,rhythm music,jazz,folclore navarra,#4364B3,#456FAE,folclorenavarra
3651,rhythm music,jazz,folklore surero,#4364B3,#4059B2,folkloresurero
3652,rhythm music,jazz,footwork,#4364B3,#4876B9,footwork
3653,rhythm music,jazz,free jazz,#4364B3,#4257A2,freejazz
3654,rhythm music,jazz,free jazz / avant-garde,#4364B3,#415FB4,freejazzavantgarde
3655,rhythm music,jazz,french folk,#4364B3,#5470B9,frenchfolk
3656,rhythm music,jazz,funana,#4364B3,#4763BA,funana
3657,rhythm music,jazz,funk das antigas,#4364B3,#556FBC,funkdasantigas
3658,rhythm music,jazz,funk melody,#4364B3,#3D69AA,funkmelody
3659,rhythm music,jazz,funk pop,#4364B3,#4863AE,funkpop
3660,rhythm music,jazz,fusion / jazz rock,#4364B3,#3F58B1,fusionjazzrock
3661,rhythm music,jazz,futuristic swag,#4364B3,#4255AA,futuristicswag
3662,rhythm music,jazz,gabonese pop,#4364B3,#4862C1,gabonesepop
3663,rhythm music,jazz,german classical piano,#4364B3,#4164B7,germanclassicalpiano
3664,rhythm music,jazz,golden age hip hop,#4364B3,#4357A4,goldenagehiphop
3665,rhythm music,jazz,gong,#4364B3,#3C60A0,gong
3666,rhythm music,jazz,gospel blues,#4364B3,#3F529C,gospelblues
3667,rhythm music,jazz,grenada soca,#4364B3,#4362AD,grenadasoca
3668,rhythm music,jazz,griot,#4364B3,#446EB4,griot
3669,rhythm music,jazz,gruperas inmortales,#4364B3,#3E63A4,gruperasinmortales
3670,rhythm music,jazz,guinean pop,#4364B3,#4572B0,guineanpop
3671,rhythm music,jazz,guitarra argentina,#4364B3,#4A66BD,guitarraargentina
3672,rhythm music,jazz,guitarra clasica,#4364B3,#3955A0,guitarraclasica
3673,rhythm music,jazz,guitarra portuguesa,#4364B3,#4465B0,guitarraportuguesa
3674,rhythm music,jazz,gulf hip hop,#4364B3,#3D63A6,gulfhiphop
3675,rhythm music,jazz,guqin,#4364B3,#567BBC,guqin
3676,rhythm music,jazz,guzheng,#4364B3,#426DAC,guzheng
3677,rhythm music,jazz,hard bop,#4364B3,#3E52A1,hardbop
3678,rhythm music,jazz,harlem renaissance,#4364B3,#506CBF,harlemrenaissance
3679,rhythm music,jazz,harp,#4364B3,#5173BE,harp
3680,rhythm music,jazz,hazaragi pop,#4364B3,#4573B8,hazaragipop
3681,rhythm music,jazz,hindustani instrumental,#4364B3,#4B63B7,hindustaniinstrumental
3682,rhythm music,jazz,historic classical performance,#4364B3,#3E64B1,historicclassicalperformance
3683,rhythm music,jazz,hot jazz,#4364B3,#517CC1,hotjazz
3684,rhythm music,jazz,hula,#4364B3,#3D62B2,hula
3685,rhythm music,jazz,humour francais,#4364B3,#3B4FA1,humourfrancais
3686,rhythm music,jazz,igbo worship,#4364B3,#586BBB,igboworship
3687,rhythm music,jazz,indian classical,#4364B3,#557CBA,indianclassical
3688,rhythm music,jazz,indian violin,#4364B3,#5279C1,indianviolin
3689,rhythm music,jazz,indonesian indigenous traditional,#4364B3,#395DA4,indonesianindigenoustraditional
3690,rhythm music,jazz,instrumental grime,#4364B3,#3B51AB,instrumentalgrime
3691,rhythm music,jazz,instrumental lullaby,#4364B3,#4167A2,instrumentallullaby
3692,rhythm music,jazz,irish fiddle,#4364B3,#3E68B2,irishfiddle
3693,rhythm music,jazz,islamic recitation,#4364B3,#5574B9,islamicrecitation
3694,rhythm music,jazz,israeli traditional,#4364B3,#4F66BD,israelitraditional
3695,rhythm music,jazz,israelite hip hop,#4364B3,#3E669D,israelitehiphop
3696,rhythm music,jazz,italian hip hop,#4364B3,#456FBF,italianhiphop
3697,rhythm music,jazz,italian jazz,#4364B3,#436EAB,italianjazz
3698,rhythm music,jazz,japanese beats,#4364B3,#3D519E,japanesebeats
3699,rhythm music,jazz,japanese boom bap,#4364B3,#3D61AE,japaneseboombap
3700,rhythm music,jazz,japanese chill rap,#4364B3,#3B64AE,japanesechillrap
3701,rhythm music,jazz,japanese chillhop,#4364B3,#4A76BB,japanesechillhop
3702,rhythm music,jazz,japanese choir,#4364B3,#4768B1,japanesechoir
3703,rhythm music,jazz,jazz blues,#4364B3,#3A4EAA,jazzblues
3704,rhythm music,jazz,jazz brass,#4364B3,#4061A9,jazzbrass
3705,rhythm music,jazz,jazz catala,#4364B3,#4D72C3,jazzcatala
3706,rhythm music,jazz,jazz clarinet,#4364B3,#3D58AB,jazzclarinet
3707,rhythm music,jazz,jazz double bass,#4364B3,#4459AD,jazzdoublebass
3708,rhythm music,jazz,jazz harp,#4364B3,#4470B8,jazzharp
3709,rhythm music,jazz,jazz piano,#4364B3,#4064B5,jazzpiano
3710,rhythm music,jazz,jazz quartet,#4364B3,#3D61AF,jazzquartet
3711,rhythm music,jazz,jazz saxophone,#4364B3,#465BAA,jazzsaxophone
3712,rhythm music,jazz,jazz trio,#4364B3,#466DAD,jazztrio
3713,rhythm music,jazz,jazz trombone,#4364B3,#3C64A4,jazztrombone
3714,rhythm music,jazz,jazz trumpet,#4364B3,#3B529F,jazztrumpet
3715,rhythm music,jazz,jazz violin,#4364B3,#5477BD,jazzviolin
3716,rhythm music,jazz,jersey club,#4364B3,#5375BF,jerseyclub
3717,rhythm music,jazz,jota aragonesa,#4364B3,#3B63A9,jotaaragonesa
3718,rhythm music,jazz,jug band,#4364B3,#3E4F9E,jugband
3719,rhythm music,jazz,kansas hip hop,#4364B3,#4161BB,kansashiphop
3720,rhythm music,jazz,kentucky mountain folk,#4364B3,#384FA1,kentuckymountainfolk
3721,rhythm music,jazz,kenyan alternative,#4364B3,#4770AF,kenyanalternative
3722,rhythm music,jazz,kenyan r&b,#4364B3,#4055B5,kenyanr&b
3723,rhythm music,jazz,kindie rock,#4364B3,#517AC0,kindierock
3724,rhythm music,jazz,koligeet,#4364B3,#40539F,koligeet
3725,rhythm music,jazz,komedi,#4364B3,#5177BC,komedi
3726,rhythm music,jazz,korean instrumental,#4364B3,#4F6DC0,koreaninstrumental
3727,rhythm music,jazz,korean traditional,#4364B3,#4A71BB,koreantraditional
3728,rhythm music,jazz,koto,#4364B3,#495EBB,koto
3729,rhythm music,jazz,kuduro antigo,#4364B3,#3E57B2,kuduroantigo
3730,rhythm music,jazz,kyrgyz traditional,#4364B3,#4862C0,kyrgyztraditional
3731,rhythm music,jazz,lagu tarling,#4364B3,#3D65A2,lagutarling
3732,rhythm music,jazz,lao traditional,#4364B3,#4366AD,laotraditional
3733,rhythm music,jazz,lata,#4364B3,#3F6AA6,lata
3734,rhythm music,jazz,latin classical,#4364B3,#4066BC,latinclassical
3735,rhythm music,jazz,latin hip hop,#4364B3,#5366BC,latinhiphop
3736,rhythm music,jazz,latin viral rap,#4364B3,#3952A9,latinviralrap
3737,rhythm music,jazz,lithuanian trap,#4364B3,#455DAD,lithuaniantrap
3738,rhythm music,jazz,lo-fi house,#4364B3,#4475BB,lofihouse
3739,rhythm music,jazz,lo-fi rap,#4364B3,#5379B8,lofirap
3740,rhythm music,jazz,lounge,#4364B3,#5064C0,lounge
3741,rhythm music,jazz,lute,#4364B3,#557CBB,lute
3742,rhythm music,jazz,mahraganat,#4364B3,#5168BA,mahraganat
3743,rhythm music,jazz,malagasy pop,#4364B3,#5068BE,malagasypop
3744,rhythm music,jazz,mallet,#4364B3,#3B54A2,mallet
3745,rhythm music,jazz,maloya,#4364B3,#4563AE,maloya
3746,rhythm music,jazz,mambo chileno,#4364B3,#4F62B9,mambochileno
3747,rhythm music,jazz,mande pop,#4364B3,#537ABE,mandepop
3748,rhythm music,jazz,man's orchestra,#4364B3,#4557AC,man'sorchestra
3749,rhythm music,jazz,mapouka,#4364B3,#4B6CBE,mapouka
3750,rhythm music,jazz,marimba,#4364B3,#5078B8,marimba
3751,rhythm music,jazz,marrabenta,#4364B3,#5070BD,marrabenta
3752,rhythm music,jazz,mazandarani folk,#4364B3,#3C65AE,mazandaranifolk
3753,rhythm music,jazz,mbira,#4364B3,#3C57A8,mbira
3754,rhythm music,jazz,melbourne hip hop,#4364B3,#5171BE,melbournehiphop
3755,rhythm music,jazz,memphis hip hop,#4364B3,#405AB3,memphishiphop
3756,rhythm music,jazz,microhouse,#4364B3,#425FAA,microhouse
3757,rhythm music,jazz,middle east hip hop,#4364B3,#4158A3,middleeasthiphop
3758,rhythm music,jazz,middle eastern traditional,#4364B3,#506CBA,middleeasterntraditional
3759,rhythm music,jazz,modern salsa,#4364B3,#4A69BE,modernsalsa
3760,rhythm music,jazz,mountain dulcimer,#4364B3,#3D6CAF,mountaindulcimer
3761,rhythm music,jazz,music hall,#4364B3,#384CA4,musichall
3762,rhythm music,jazz,musica ecuatoguineana,#4364B3,#4F64BF,musicaecuatoguineana
3763,rhythm music,jazz,musica eletronica brasileira,#4364B3,#4365A5,musicaeletronicabrasileira
3764,rhythm music,jazz,musica feirense,#4364B3,#436ABA,musicafeirense
3765,rhythm music,jazz,musica jalisciense,#4364B3,#456ABE,musicajalisciense
3766,rhythm music,jazz,musica mocambicana,#4364B3,#405F9E,musicamocambicana
3767,rhythm music,jazz,musica poblana,#4364B3,#4160AC,musicapoblana
3768,rhythm music,jazz,musica tamaulipeca,#4364B3,#4C69BA,musicatamaulipeca
3769,rhythm music,jazz,musikkorps,#4364B3,#4055AF,musikkorps
3770,rhythm music,jazz,musique mauritanienne,#4364B3,#586FBB,musiquemauritanienne
3771,rhythm music,jazz,musique urbaine kinshasa,#4364B3,#3F599D,musiqueurbainekinshasa
3772,rhythm music,jazz,navajo,#4364B3,#5570BE,navajo
3773,rhythm music,jazz,new age piano,#4364B3,#3C549C,newagepiano
3774,rhythm music,jazz,new orleans & dixieland jazz,#4364B3,#3B59A3,neworleans&dixielandjazz
3775,rhythm music,jazz,new orleans & dixieland revivals,#4364B3,#5275BD,neworleans&dixielandrevivals
3776,rhythm music,jazz,new orleans jazz,#4364B3,#4262A7,neworleansjazz
3777,rhythm music,jazz,new school turkce rap,#4364B3,#4C6EB7,newschoolturkcerap
3778,rhythm music,jazz,nordic jazz,#4364B3,#3F6CAD,nordicjazz
3779,rhythm music,jazz,norrlandsk hip hop,#4364B3,#485EB2,norrlandskhiphop
3780,rhythm music,jazz,northeast indian hip hop,#4364B3,#4056A0,northeastindianhiphop
3781,rhythm music,jazz,northumbrian folk,#4364B3,#4F6ABD,northumbrianfolk
3782,rhythm music,jazz,nova canco,#4364B3,#3D5BA8,novacanco
3783,rhythm music,jazz,nu jazz / electro jazz,#4364B3,#4F68BD,nujazzelectrojazz
3784,rhythm music,jazz,nuevo folklore argentino,#4364B3,#40599D,nuevofolkloreargentino
3785,rhythm music,jazz,nuevo tango,#4364B3,#4F6ABD,nuevotango
3786,rhythm music,jazz,old school hip hop,#4364B3,#5374BC,oldschoolhiphop
3787,rhythm music,jazz,old-time,#4364B3,#3E5EAF,oldtime
3788,rhythm music,jazz,orquesta tipica,#4364B3,#4B77B6,orquestatipica
3789,rhythm music,jazz,oud,#4364B3,#3F68AB,oud
3790,rhythm music,jazz,oyun havasi,#4364B3,#3F57B5,oyunhavasi
3791,rhythm music,jazz,palestinian hip hop,#4364B3,#4566B0,palestinianhiphop
3792,rhythm music,jazz,persian electronic,#4364B3,#4E73B8,persianelectronic
3793,rhythm music,jazz,persian hip hop,#4364B3,#3D519D,persianhiphop
3794,rhythm music,jazz,persian poetry,#4364B3,#507CC1,persianpoetry
3795,rhythm music,jazz,phonk,#4364B3,#5276C1,phonk
3796,rhythm music,jazz,pianissimo,#4364B3,#394EA6,pianissimo
3797,rhythm music,jazz,piano cover,#4364B3,#3F5DB3,pianocover
3798,rhythm music,jazz,piano mpb,#4364B3,#4367BE,pianompb
3799,rhythm music,jazz,piano worship,#4364B3,#415AA6,pianoworship
3800,rhythm music,jazz,piedmont blues,#4364B3,#425CA0,piedmontblues
3801,rhythm music,jazz,pipa,#4364B3,#3E52B0,pipa
3802,rhythm music,jazz,polish alternative rap,#4364B3,#4A66BD,polishalternativerap
3803,rhythm music,jazz,political hip hop,#4364B3,#4F66B7,politicalhiphop
3804,rhythm music,jazz,polynesian traditional,#4364B3,#526BBA,polynesiantraditional
3805,rhythm music,jazz,pop lgbtq+ brasileira,#4364B3,#4A68BD,poplgbtq+brasileira
3806,rhythm music,jazz,pop rap brasileiro,#4364B3,#3A50A0,poprapbrasileiro
3807,rhythm music,jazz,popping,#4364B3,#3D6AB1,popping
3808,rhythm music,jazz,portland hip hop,#4364B3,#3958A5,portlandhiphop
3809,rhythm music,jazz,portuguese jazz,#4364B3,#436FB5,portuguesejazz
3810,rhythm music,jazz,post-disco soul,#4364B3,#4053AC,postdiscosoul
3811,rhythm music,jazz,previa,#4364B3,#4A61C0,previa
3812,rhythm music,jazz,pre-war blues,#4364B3,#5167C1,prewarblues
3813,rhythm music,jazz,protest folk,#4364B3,#3D5CAE,protestfolk
3814,rhythm music,jazz,punjabi pop,#4364B3,#3B539E,punjabipop
3815,rhythm music,jazz,quran,#4364B3,#455CAF,quran
3816,rhythm music,jazz,r&b argentino,#4364B3,#4871AF,r&bargentino
3817,rhythm music,jazz,r&b brasileiro,#4364B3,#4759AF,r&bbrasileiro
3818,rhythm music,jazz,raboday,#4364B3,#4263A7,raboday
3819,rhythm music,jazz,ragtime,#4364B3,#5274BD,ragtime
3820,rhythm music,jazz,rap angolano,#4364B3,#4158A1,rapangolano
3821,rhythm music,jazz,rap anime,#4364B3,#4A76B5,rapanime
3822,rhythm music,jazz,rap baixada fluminense,#4364B3,#5166BA,rapbaixadafluminense
3823,rhythm music,jazz,rap chretien,#4364B3,#547CB9,rapchretien
3824,rhythm music,jazz,rap francais nouvelle vague,#4364B3,#4560BD,rapfrancaisnouvellevague
3825,rhythm music,jazz,rap sergipano,#4364B3,#4069A4,rapsergipano
3826,rhythm music,jazz,rap siciliano,#4364B3,#416AB8,rapsiciliano
3827,rhythm music,jazz,rap tuga underground,#4364B3,#526DB9,raptugaunderground
3828,rhythm music,jazz,reggaeton,#4364B3,#3D5B9B,reggaeton
3829,rhythm music,jazz,reggaeton chileno,#4364B3,#3F67A8,reggaetonchileno
3830,rhythm music,jazz,reggaeton colombiano,#4364B3,#5677BB,reggaetoncolombiano
3831,rhythm music,jazz,reggaeton mexicano,#4364B3,#4154AA,reggaetonmexicano
3832,rhythm music,jazz,rhode island rap,#4364B3,#4D62BF,rhodeislandrap
3833,rhythm music,jazz,rumba catalana,#4364B3,#4164BC,rumbacatalana
3834,rhythm music,jazz,russian jazz,#4364B3,#3F539B,russianjazz
3835,rhythm music,jazz,russian romance,#4364B3,#3D4FA5,russianromance
3836,rhythm music,jazz,russian viral rap,#4364B3,#4966B3,russianviralrap
3837,rhythm music,jazz,sacred harp,#4364B3,#3C63A5,sacredharp
3838,rhythm music,jazz,sad lo-fi,#4364B3,#3B64A5,sadlofi
3839,rhythm music,jazz,salsa choke,#4364B3,#436FAE,salsachoke
3840,rhythm music,jazz,salsa cristiana,#4364B3,#3F59B2,salsacristiana
3841,rhythm music,jazz,samba-jazz,#4364B3,#4864B8,sambajazz
3842,rhythm music,jazz,sarod,#4364B3,#4166A2,sarod
3843,rhythm music,jazz,schrammelmusik,#4364B3,#4A66BF,schrammelmusik
3844,rhythm music,jazz,scottish jazz,#4364B3,#4D71BB,scottishjazz
3845,rhythm music,jazz,sean-nos singing,#4364B3,#3E57A2,seannossinging
3846,rhythm music,jazz,sega,#4364B3,#4667C0,sega
3847,rhythm music,jazz,semba,#4364B3,#4364B8,semba
3848,rhythm music,jazz,sesotho hip hop,#4364B3,#3D5FB0,sesothohiphop
3849,rhythm music,jazz,smooth jazz,#4364B3,#3E55A8,smoothjazz
3850,rhythm music,jazz,soukous,#4364B3,#3B53A1,soukous
3851,rhythm music,jazz,soul flow,#4364B3,#4154A2,soulflow
3852,rhythm music,jazz,soul jazz,#4364B3,#4773B0,souljazz
3853,rhythm music,jazz,soul jazz / jazz-funk,#4364B3,#3E64A2,souljazzjazzfunk
3854,rhythm music,jazz,spanish jazz,#4364B3,#466EB4,spanishjazz
3855,rhythm music,jazz,st louis rap,#4364B3,#4A6EBD,stlouisrap
3856,rhythm music,jazz,steelpan,#4364B3,#4063A6,steelpan
3857,rhythm music,jazz,straight-ahead jazz,#4364B3,#4067B2,straightaheadjazz
3858,rhythm music,jazz,stride,#4364B3,#4A78BD,stride
3859,rhythm music,jazz,string folk,#4364B3,#3D52B2,stringfolk
3860,rhythm music,jazz,sundanese traditional,#4364B3,#4B70C1,sundanesetraditional
3861,rhythm music,jazz,surinamese pop,#4364B3,#4D7CC1,surinamesepop
3862,rhythm music,jazz,swazi traditional,#4364B3,#517FBF,swazitraditional
3863,rhythm music,jazz,swedish jazz,#4364B3,#416CBD,swedishjazz
3864,rhythm music,jazz,swedish pop rap,#4364B3,#3E6EB1,swedishpoprap
3865,rhythm music,jazz,swing,#4364B3,#4160A6,swing
3866,rhythm music,jazz,swing / big band,#4364B3,#4873B4,swingbigband
3867,rhythm music,jazz,tajik traditional,#4364B3,#5278BA,tajiktraditional
3868,rhythm music,jazz,tamborazo,#4364B3,#4F6AC0,tamborazo
3869,rhythm music,jazz,tanci,#4364B3,#4676BE,tanci
3870,rhythm music,jazz,tango,#4364B3,#475CB1,tango
3871,rhythm music,jazz,tango cancion,#4364B3,#4367A9,tangocancion
3872,rhythm music,jazz,tar,#4364B3,#3D5B9C,tar
3873,rhythm music,jazz,techengue,#4364B3,#4366B1,techengue
3874,rhythm music,jazz,tejano,#4364B3,#405CA3,tejano
3875,rhythm music,jazz,telugu folk,#4364B3,#3D6AAE,telugufolk
3876,rhythm music,jazz,thai pop rap,#4364B3,#5677BC,thaipoprap
3877,rhythm music,jazz,thai traditional,#4364B3,#4862B2,thaitraditional
3878,rhythm music,jazz,third stream & modal jazz,#4364B3,#4A62B7,thirdstream&modaljazz
3879,rhythm music,jazz,tin pan alley,#4364B3,#406FB1,tinpanalley
3880,rhythm music,jazz,togolese pop,#4364B3,#4358B4,togolesepop
3881,rhythm music,jazz,torch song,#4364B3,#406BAA,torchsong
3882,rhythm music,jazz,traditional folk,#4364B3,#517FC0,traditionalfolk
3883,rhythm music,jazz,traditional irish singing,#4364B3,#394EA3,traditionalirishsinging
3884,rhythm music,jazz,trap beats,#4364B3,#4462B5,trapbeats
3885,rhythm music,jazz,trap latino,#4364B3,#5072C1,traplatino
3886,rhythm music,jazz,trap queen,#4364B3,#3F5AB0,trapqueen
3887,rhythm music,jazz,trikiti,#4364B3,#456BC0,trikiti
3888,rhythm music,jazz,trival,#4364B3,#4C7CC0,trival
3889,rhythm music,jazz,tropical tecladista,#4364B3,#3D54AE,tropicaltecladista
3890,rhythm music,jazz,twoubadou,#4364B3,#3F60A4,twoubadou
3891,rhythm music,jazz,uk bass,#4364B3,#40579E,ukbass
3892,rhythm music,jazz,uk christian rap,#4364B3,#456BB9,ukchristianrap
3893,rhythm music,jazz,uk reggae,#4364B3,#3B57A2,ukreggae
3894,rhythm music,jazz,underground boom bap,#4364B3,#3F56A9,undergroundboombap
3895,rhythm music,jazz,underground rap,#4364B3,#5467BE,undergroundrap
3896,rhythm music,jazz,upstate ny rap,#4364B3,#446BA8,upstatenyrap
3897,rhythm music,jazz,urban kiz,#4364B3,#4B5EB8,urbankiz
3898,rhythm music,jazz,urbano latino,#4364B3,#3E55A4,urbanolatino
3899,rhythm music,jazz,uzbek traditional,#4364B3,#3F6AAF,uzbektraditional
3900,rhythm music,jazz,vaqueiro,#4364B3,#3D66B5,vaqueiro
3901,rhythm music,jazz,vaudeville,#4364B3,#526EBB,vaudeville
3902,rhythm music,jazz,veena,#4364B3,#4F71BF,veena
3903,rhythm music,jazz,venda pop,#4364B3,#4255A9,vendapop
3904,rhythm music,jazz,viet chill rap,#4364B3,#446DBF,vietchillrap
3905,rhythm music,jazz,vincy soca,#4364B3,#5074BD,vincysoca
3906,rhythm music,jazz,vintage broadway,#4364B3,#4771B8,vintagebroadway
3907,rhythm music,jazz,vintage chanson,#4364B3,#3F64B1,vintagechanson
3908,rhythm music,jazz,vintage country folk,#4364B3,#415AAA,vintagecountryfolk
3909,rhythm music,jazz,vintage gospel,#4364B3,#3C5C9F,vintagegospel
3910,rhythm music,jazz,vintage hawaiian,#4364B3,#4C68BA,vintagehawaiian
3911,rhythm music,jazz,vintage hollywood,#4364B3,#496EBE,vintagehollywood
3912,rhythm music,jazz,vintage italian pop,#4364B3,#4572B9,vintageitalianpop
3913,rhythm music,jazz,vintage jazz,#4364B3,#3A5EA2,vintagejazz
3914,rhythm music,jazz,vintage norwegian pop,#4364B3,#4760B6,vintagenorwegianpop
3915,rhythm music,jazz,vintage old-time,#4364B3,#4A79BC,vintageoldtime
3916,rhythm music,jazz,vintage schlager,#4364B3,#3D69AC,vintageschlager
3917,rhythm music,jazz,vintage spanish pop,#4364B3,#4465B1,vintagespanishpop
3918,rhythm music,jazz,vintage tango,#4364B3,#4568B4,vintagetango
3919,rhythm music,jazz,vintage tollywood,#4364B3,#455CBC,vintagetollywood
3920,rhythm music,jazz,violao classico,#4364B3,#5378BD,violaoclassico
3921,rhythm music,jazz,visor,#4364B3,#3751A1,visor
3922,rhythm music,jazz,vlaamse kinderliedje,#4364B3,#3E67A2,vlaamsekinderliedje
3923,rhythm music,jazz,vocal harmony group,#4364B3,#486AC1,vocalharmonygroup
3924,rhythm music,jazz,vocal jazz,#4364B3,#4271B6,vocaljazz
3925,rhythm music,jazz,vogue,#4364B3,#3C60AE,vogue
3926,rhythm music,jazz,wassoulou,#4364B3,#3C5DA8,wassoulou
3927,rhythm music,jazz,wu fam,#4364B3,#4E6CC3,wufam
3928,rhythm music,jazz,xitsonga pop,#4364B3,#3D5FA3,xitsongapop
3929,rhythm music,jazz,yemeni traditional,#4364B3,#3C5EA5,yemenitraditional
3930,rhythm music,jazz,yiddish folk,#4364B3,#537FBD,yiddishfolk
3931,rhythm music,jazz,yodeling,#4364B3,#3C5FA5,yodeling
3932,rhythm music,jazz,yunnan traditional,#4364B3,#4C7ABE,yunnantraditional
3933,rhythm music,jazz,zither,#4364B3,#3B54A8,zither
3934,rhythm music,jazz catala,trad jazz catala,#4364B3,#5374CA,tradjazzcatala
3935,rhythm music,jazz fusion,classical jazz fusion,#66CC99,#79D098,classicaljazzfusion
3936,rhythm music,jazz fusion,italian jazz fusion,#66CC99,#84DBA3,italianjazzfusion
3937,rhythm music,jazz piano,modern jazz piano,#4364B3,#4978C2,modernjazzpiano
3938,rhythm music,jazz trio,jazz guitar trio,#4364B3,#4460B8,jazzguitartrio
3939,pop,latin rock,latin surf rock,#FFEB91,#FFF8A3,latinsurfrock
3940,rock,library music,italian library music,#DCB250,#DBA84E,italianlibrarymusic
3941,heavy / experimental,melodic death metal,deep melodic death metal,#D0802F,#CC8240,deepmelodicdeathmetal
3942,heavy / experimental,melodic death metal,symphonic melodic death metal,#D0802F,#CE8F43,symphonicmelodicdeathmetal
3943,heavy / experimental,melodic death metal,technical melodic death metal,#D0802F,#C8892E,technicalmelodicdeathmetal
3944,heavy / experimental,melodic hard rock,deep melodic hard rock,#D0802F,#C56632,deepmelodichardrock
3945,heavy / experimental,melodic hardcore,japanese melodic hardcore,#D0802F,#D57C3A,japanesemelodichardcore
3946,heavy / experimental,melodic hardcore,modern melodic hardcore,#D0802F,#DB6436,modernmelodichardcore
3947,heavy / experimental,melodic metalcore,deep melodic metalcore,#D0802F,#CB753D,deepmelodicmetalcore
3948,heavy / experimental,metal,action rock,#D0802F,#D49B3F,actionrock
3949,heavy / experimental,metal,adelaide punk,#D0802F,#D37B2C,adelaidepunk
3950,heavy / experimental,metal,african metal,#D0802F,#C88433,africanmetal
3951,heavy / experimental,metal,alabama hardcore,#D0802F,#BE8028,alabamahardcore
3952,heavy / experimental,metal,alabama metal,#D0802F,#C06D27,alabamametal
3953,heavy / experimental,metal,american melodeath,#D0802F,#D0802F,americanmelodeath
3954,heavy / experimental,metal,american metalcore,#D0802F,#B7712D,americanmetalcore
3955,heavy / experimental,metal,american shoegaze,#D0802F,#BA7027,americanshoegaze
3956,heavy / experimental,metal,animegrind,#D0802F,#D7823E,animegrind
3957,heavy / experimental,metal,anthem emo,#D0802F,#BF702B,anthememo
3958,heavy / experimental,metal,anthem worship,#D0802F,#BC6E2B,anthemworship
3959,heavy / experimental,metal,arab metal,#D0802F,#D6912F,arabmetal
3960,heavy / experimental,metal,argentine metal,#D0802F,#CC8332,argentinemetal
3961,heavy / experimental,metal,arkansas metal,#D0802F,#D59732,arkansasmetal
3962,heavy / experimental,metal,atlanta metal,#D0802F,#DA9E42,atlantametal
3963,heavy / experimental,metal,atmospheric doom,#D0802F,#C26728,atmosphericdoom
3964,heavy / experimental,metal,atmospheric post-metal,#D0802F,#D19A49,atmosphericpostmetal
3965,heavy / experimental,metal,atmospheric sludge,#D0802F,#CA8A2C,atmosphericsludge
3966,heavy / experimental,metal,aussie emo,#D0802F,#CF7F2B,aussieemo
3967,heavy / experimental,metal,austin metal,#D0802F,#D58646,austinmetal
3968,heavy / experimental,metal,australian hardcore,#D0802F,#D28948,australianhardcore
3969,heavy / experimental,metal,australian metal,#D0802F,#D56D2C,australianmetal
3970,heavy / experimental,metal,australian metalcore,#D0802F,#BD8330,australianmetalcore
3971,heavy / experimental,metal,australian post-hardcore,#D0802F,#D99542,australianposthardcore
3972,heavy / experimental,metal,australian psych,#D0802F,#D5933B,australianpsych
3973,heavy / experimental,metal,australian shoegaze,#D0802F,#BF652D,australianshoegaze
3974,heavy / experimental,metal,austrian metal,#D0802F,#CF7936,austrianmetal
3975,heavy / experimental,metal,avant-garde metal,#D0802F,#BC7E27,avantgardemetal
3976,heavy / experimental,metal,belarusian metal,#D0802F,#D17B2F,belarusianmetal
3977,heavy / experimental,metal,belfast metal,#D0802F,#C2672D,belfastmetal
3978,heavy / experimental,metal,belgian metal,#D0802F,#CE6A2A,belgianmetal
3979,heavy / experimental,metal,belgian punk,#D0802F,#CB742F,belgianpunk
3980,heavy / experimental,metal,belgian stoner rock,#D0802F,#D59730,belgianstonerrock
3981,heavy / experimental,metal,birmingham metal,#D0802F,#CF873F,birminghammetal
3982,heavy / experimental,metal,black metal,#D0802F,#C78E31,blackmetal
3983,heavy / experimental,metal,black 'n' roll,#D0802F,#D9A040,black'n'roll
3984,heavy / experimental,metal,black sludge,#D0802F,#D27A2B,blacksludge
3985,heavy / experimental,metal,black thrash,#D0802F,#D18B4B,blackthrash
3986,heavy / experimental,metal,blackened deathcore,#D0802F,#D39C49,blackeneddeathcore
3987,heavy / experimental,metal,blackened hardcore,#D0802F,#D3813D,blackenedhardcore
3988,heavy / experimental,metal,blackened screamo,#D0802F,#D78E32,blackenedscreamo
3989,heavy / experimental,metal,blackgaze,#D0802F,#C77633,blackgaze
3990,heavy / experimental,metal,bleakgaze,#D0802F,#D08E3F,bleakgaze
3991,heavy / experimental,metal,bolivian metal,#D0802F,#C76C27,bolivianmetal
3992,heavy / experimental,metal,boston metal,#D0802F,#CB7931,bostonmetal
3993,heavy / experimental,metal,brazilian grindcore,#D0802F,#BC682C,braziliangrindcore
3994,heavy / experimental,metal,brazilian metal,#D0802F,#C0802B,brazilianmetal
3995,heavy / experimental,metal,brazilian metalcore,#D0802F,#CE7A2B,brazilianmetalcore
3996,heavy / experimental,metal,brazilian punk rock,#D0802F,#DA8242,brazilianpunkrock
3997,heavy / experimental,metal,britpop revival,#D0802F,#D39C49,britpoprevival
3998,heavy / experimental,metal,brutal deathcore,#D0802F,#C97D31,brutaldeathcore
3999,heavy / experimental,metal,bulgarian metal,#D0802F,#C27930,bulgarianmetal
4000,heavy / experimental,metal,canadian hardcore,#D0802F,#D39144,canadianhardcore
4001,heavy / experimental,metal,canadian metal,#D0802F,#BD7828,canadianmetal
4002,heavy / experimental,metal,canadian metalcore,#D0802F,#D58F3E,canadianmetalcore
4003,heavy / experimental,metal,canadian post-hardcore,#D0802F,#C37431,canadianposthardcore
4004,heavy / experimental,metal,canadian punk,#D0802F,#D89645,canadianpunk
4005,heavy / experimental,metal,canadian shoegaze,#D0802F,#D47E34,canadianshoegaze
4006,heavy / experimental,metal,canadian stoner rock,#D0802F,#CE8C31,canadianstonerrock
4007,heavy / experimental,metal,caribbean metal,#D0802F,#CE7A2B,caribbeanmetal
4008,heavy / experimental,metal,celtic metal,#D0802F,#D58441,celticmetal
4009,heavy / experimental,metal,central american metal,#D0802F,#D09044,centralamericanmetal
4010,heavy / experimental,metal,chain punk,#D0802F,#D38C36,chainpunk
4011,heavy / experimental,metal,chaotic hardcore,#D0802F,#D17B30,chaotichardcore
4012,heavy / experimental,metal,charred death,#D0802F,#CD852B,charreddeath
4013,heavy / experimental,metal,chicago hardcore,#D0802F,#D57C30,chicagohardcore
4014,heavy / experimental,metal,chicago punk,#D0802F,#D49A3A,chicagopunk
4015,heavy / experimental,metal,chilean metal,#D0802F,#C1852B,chileanmetal
4016,heavy / experimental,metal,chinese metal,#D0802F,#D08B31,chinesemetal
4017,heavy / experimental,metal,chinese metalcore,#D0802F,#CC8C2B,chinesemetalcore
4018,heavy / experimental,metal,christian deathcore,#D0802F,#C98428,christiandeathcore
4019,heavy / experimental,metal,christian hardcore,#D0802F,#CE8740,christianhardcore
4020,heavy / experimental,metal,christian metal,#D0802F,#D28B46,christianmetal
4021,heavy / experimental,metal,christian metalcore,#D0802F,#CE852F,christianmetalcore
4022,heavy / experimental,metal,christian rock,#D0802F,#CD7233,christianrock
4023,heavy / experimental,metal,classic metal,#D0802F,#D1902B,classicmetal
4024,heavy / experimental,metal,cleveland metal,#D0802F,#C5762B,clevelandmetal
4025,heavy / experimental,metal,colombian hardcore,#D0802F,#C9772C,colombianhardcore
4026,heavy / experimental,metal,colorado hardcore,#D0802F,#B9682B,coloradohardcore
4027,heavy / experimental,metal,connecticut hardcore,#D0802F,#CB9034,connecticuthardcore
4028,heavy / experimental,metal,corrosion,#D0802F,#CF8542,corrosion
4029,heavy / experimental,metal,croatian metal,#D0802F,#CC842F,croatianmetal
4030,heavy / experimental,metal,crust punk,#D0802F,#BA6D2F,crustpunk
4031,heavy / experimental,metal,cyber metal,#D0802F,#D28630,cybermetal
4032,heavy / experimental,metal,cybergrind,#D0802F,#CC6F29,cybergrind
4033,heavy / experimental,metal,cypriot metal,#D0802F,#BB792C,cypriotmetal
4034,heavy / experimental,metal,czech metal,#D0802F,#D3902A,czechmetal
4035,heavy / experimental,metal,danish hardcore,#D0802F,#D7983F,danishhardcore
4036,heavy / experimental,metal,danish metal,#D0802F,#D37531,danishmetal
4037,heavy / experimental,metal,danish post-punk,#D0802F,#D69636,danishpostpunk
4038,heavy / experimental,metal,dark rock,#D0802F,#BE6C2B,darkrock
4039,heavy / experimental,metal,d-beat,#D0802F,#D57935,dbeat
4040,heavy / experimental,metal,death doom,#D0802F,#CA7C32,deathdoom
4041,heavy / experimental,metal,death metal,#D0802F,#BE7731,deathmetal
4042,heavy / experimental,metal,death 'n' roll,#D0802F,#BE6F2F,death'n'roll
4043,heavy / experimental,metal,deathcore,#D0802F,#C27A27,deathcore
4044,heavy / experimental,metal,deathgrind,#D0802F,#D17D3E,deathgrind
4045,heavy / experimental,metal,deathrash,#D0802F,#CA842E,deathrash
4046,heavy / experimental,metal,deep active rock,#D0802F,#D57333,deepactiverock
4047,heavy / experimental,metal,deep metalcore,#D0802F,#D38D2A,deepmetalcore
4048,heavy / experimental,metal,deep orgcore,#D0802F,#B56F2E,deeporgcore
4049,heavy / experimental,metal,deep progressive rock,#D0802F,#CB8730,deepprogressiverock
4050,heavy / experimental,metal,denver metal,#D0802F,#B8632F,denvermetal
4051,heavy / experimental,metal,djent,#D0802F,#BF6D28,djent
4052,heavy / experimental,metal,doom metal,#D0802F,#D79042,doommetal
4053,heavy / experimental,metal,doomgaze,#D0802F,#C07A30,doomgaze
4054,heavy / experimental,metal,downtempo deathcore,#D0802F,#D7833B,downtempodeathcore
4055,heavy / experimental,metal,dreamgaze,#D0802F,#C8842B,dreamgaze
4056,heavy / experimental,metal,dreamo,#D0802F,#BA6029,dreamo
4057,heavy / experimental,metal,dutch metal,#D0802F,#D39345,dutchmetal
4058,heavy / experimental,metal,dutch punk rock,#D0802F,#CA8729,dutchpunkrock
4059,heavy / experimental,metal,easycore,#D0802F,#BD852E,easycore
4060,heavy / experimental,metal,edinburgh metal,#D0802F,#CF912B,edinburghmetal
4061,heavy / experimental,metal,electronic djent,#D0802F,#D58235,electronicdjent
4062,heavy / experimental,metal,electronicore,#D0802F,#BC712A,electronicore
4063,heavy / experimental,metal,epic doom,#D0802F,#D79732,epicdoom
4064,heavy / experimental,metal,estonian metal,#D0802F,#D08B43,estonianmetal
4065,heavy / experimental,metal,euskal metal,#D0802F,#D7853B,euskalmetal
4066,heavy / experimental,metal,extreme metal,#D0802F,#C36F2E,extrememetal
4067,heavy / experimental,metal,fallen angel,#D0802F,#D1844B,fallenangel
4068,heavy / experimental,metal,fantasy metal,#D0802F,#D39536,fantasymetal
4069,heavy / experimental,metal,fast melodic punk,#D0802F,#BE6D26,fastmelodicpunk
4070,heavy / experimental,metal,finnish hard rock,#D0802F,#C5742E,finnishhardrock
4071,heavy / experimental,metal,finnish melodeath,#D0802F,#C2782F,finnishmelodeath
4072,heavy / experimental,metal,finnish metal,#D0802F,#D87D3A,finnishmetal
4073,heavy / experimental,metal,finnish metalcore,#D0802F,#B86D2B,finnishmetalcore
4074,heavy / experimental,metal,finnish post-punk,#D0802F,#BC842B,finnishpostpunk
4075,heavy / experimental,metal,folk metal,#D0802F,#D39941,folkmetal
4076,heavy / experimental,metal,french emo,#D0802F,#BF7130,frenchemo
4077,heavy / experimental,metal,french garage rock,#D0802F,#CD702B,frenchgaragerock
4078,heavy / experimental,metal,french hardcore,#D0802F,#D18331,frenchhardcore
4079,heavy / experimental,metal,french metal,#D0802F,#BC732A,frenchmetal
4080,heavy / experimental,metal,french post-rock,#D0802F,#CF853A,frenchpostrock
4081,heavy / experimental,metal,french shoegaze,#D0802F,#D2702A,frenchshoegaze
4082,heavy / experimental,metal,french stoner rock,#D0802F,#D88140,frenchstonerrock
4083,heavy / experimental,metal,gaian doom,#D0802F,#CF913B,gaiandoom
4084,heavy / experimental,metal,garage punk,#D0802F,#C37928,garagepunk
4085,heavy / experimental,metal,german grindcore,#D0802F,#D78D39,germangrindcore
4086,heavy / experimental,metal,german hard rock,#D0802F,#D08D46,germanhardrock
4087,heavy / experimental,metal,german melodeath,#D0802F,#D38747,germanmelodeath
4088,heavy / experimental,metal,german metal,#D0802F,#C96C31,germanmetal
4089,heavy / experimental,metal,german metalcore,#D0802F,#D89042,germanmetalcore
4090,heavy / experimental,metal,german post-hardcore,#D0802F,#D39639,germanposthardcore
4091,heavy / experimental,metal,german shoegaze,#D0802F,#D3853A,germanshoegaze
4092,heavy / experimental,metal,glam / hair / pop metal,#D0802F,#D2802B,glamhairpopmetal
4093,heavy / experimental,metal,glam punk,#D0802F,#D1773F,glampunk
4094,heavy / experimental,metal,goregrind,#D0802F,#C16A31,goregrind
4095,heavy / experimental,metal,gothenburg metal,#D0802F,#D48D31,gothenburgmetal
4096,heavy / experimental,metal,gothic alternative,#D0802F,#C3672E,gothicalternative
4097,heavy / experimental,metal,gothic doom,#D0802F,#D27735,gothicdoom
4098,heavy / experimental,metal,gothic metal,#D0802F,#C8682C,gothicmetal
4099,heavy / experimental,metal,greek metal,#D0802F,#D6923C,greekmetal
4100,heavy / experimental,metal,groove metal,#D0802F,#BF7A2F,groovemetal
4101,heavy / experimental,metal,grunge pop,#D0802F,#D08B3A,grungepop
4102,heavy / experimental,metal,grunge revival,#D0802F,#B77A2C,grungerevival
4103,heavy / experimental,metal,grungegaze,#D0802F,#D3892D,grungegaze
4104,heavy / experimental,metal,guatemalan metal,#D0802F,#D58547,guatemalanmetal
4105,heavy / experimental,metal,gymcore,#D0802F,#D47E3F,gymcore
4106,heavy / experimental,metal,hard alternative,#D0802F,#BD7730,hardalternative
4107,heavy / experimental,metal,hard glam,#D0802F,#D29249,hardglam
4108,heavy / experimental,metal,heavy alternative,#D0802F,#CA732D,heavyalternative
4109,heavy / experimental,metal,heavy metal,#D0802F,#D88A38,heavymetal
4110,heavy / experimental,metal,hel,#D0802F,#BE6929,hel
4111,heavy / experimental,metal,horror punk brasileiro,#D0802F,#D18F2C,horrorpunkbrasileiro
4112,heavy / experimental,metal,hungarian metal,#D0802F,#CE863E,hungarianmetal
4113,heavy / experimental,metal,icelandic metal,#D0802F,#D19047,icelandicmetal
4114,heavy / experimental,metal,indian metal,#D0802F,#D0983A,indianmetal
4115,heavy / experimental,metal,indie punk,#D0802F,#D59B48,indiepunk
4116,heavy / experimental,metal,indie shoegaze,#D0802F,#D08F3B,indieshoegaze
4117,heavy / experimental,metal,indonesian deathcore,#D0802F,#D88B41,indonesiandeathcore
4118,heavy / experimental,metal,indonesian emo,#D0802F,#BF6F2D,indonesianemo
4119,heavy / experimental,metal,indonesian metal,#D0802F,#B86B2E,indonesianmetal
4120,heavy / experimental,metal,indonesian post-hardcore,#D0802F,#D29541,indonesianposthardcore
4121,heavy / experimental,metal,indonesian shoegaze,#D0802F,#C36627,indonesianshoegaze
4122,heavy / experimental,metal,instrumental djent,#D0802F,#D17C3B,instrumentaldjent
4123,heavy / experimental,metal,iranian metal,#D0802F,#CD732F,iranianmetal
4124,heavy / experimental,metal,irish metal,#D0802F,#D89C3D,irishmetal
4125,heavy / experimental,metal,israeli metal,#D0802F,#BC752D,israelimetal
4126,heavy / experimental,metal,italian gothic,#D0802F,#C08427,italiangothic
4127,heavy / experimental,metal,italian heavy metal,#D0802F,#D49535,italianheavymetal
4128,heavy / experimental,metal,italian metalcore,#D0802F,#C77730,italianmetalcore
4129,heavy / experimental,metal,italian stoner rock,#D0802F,#C17A26,italianstonerrock
4130,heavy / experimental,metal,italogaze,#D0802F,#C3802E,italogaze
4131,heavy / experimental,metal,japanese emo,#D0802F,#D28849,japaneseemo
4132,heavy / experimental,metal,japanese hardcore,#D0802F,#CD7131,japanesehardcore
4133,heavy / experimental,metal,japanese heavy metal,#D0802F,#D19C47,japaneseheavymetal
4134,heavy / experimental,metal,japanese melodic punk,#D0802F,#D77D39,japanesemelodicpunk
4135,heavy / experimental,metal,japanese metalcore,#D0802F,#D6822E,japanesemetalcore
4136,heavy / experimental,metal,japanese post-hardcore,#D0802F,#C47F32,japaneseposthardcore
4137,heavy / experimental,metal,japanese screamo,#D0802F,#B9792B,japanesescreamo
4138,heavy / experimental,metal,japanese shoegaze,#D0802F,#D68038,japaneseshoegaze
4139,heavy / experimental,metal,j-metal,#D0802F,#C58127,jmetal
4140,heavy / experimental,metal,kawaii metal,#D0802F,#CB802F,kawaiimetal
4141,heavy / experimental,metal,kentucky metal,#D0802F,#C57C2A,kentuckymetal
4142,heavy / experimental,metal,kentucky punk,#D0802F,#BC632A,kentuckypunk
4143,heavy / experimental,metal,korean hardcore,#D0802F,#CB7634,koreanhardcore
4144,heavy / experimental,metal,korean shoegaze,#D0802F,#C16F2B,koreanshoegaze
4145,heavy / experimental,metal,lapland metal,#D0802F,#D79C43,laplandmetal
4146,heavy / experimental,metal,latin shoegaze,#D0802F,#C36F2D,latinshoegaze
4147,heavy / experimental,metal,latincore,#D0802F,#C08529,latincore
4148,heavy / experimental,metal,latvian metal,#D0802F,#D2762F,latvianmetal
4149,heavy / experimental,metal,lion city hardcore,#D0802F,#C88B33,lioncityhardcore
4150,heavy / experimental,metal,lithuanian metal,#D0802F,#D6853D,lithuanianmetal
4151,heavy / experimental,metal,long island punk,#D0802F,#BB842C,longislandpunk
4152,heavy / experimental,metal,lovecraftian metal,#D0802F,#D16E2F,lovecraftianmetal
4153,heavy / experimental,metal,lowlands hardcore,#D0802F,#D68B33,lowlandshardcore
4154,heavy / experimental,metal,luxembourgian metal,#D0802F,#D39345,luxembourgianmetal
4155,heavy / experimental,metal,macedonian metal,#D0802F,#CE8233,macedonianmetal
4156,heavy / experimental,metal,mainland se asia metal,#D0802F,#C28B30,mainlandseasiametal
4157,heavy / experimental,metal,malang punk,#D0802F,#CC8531,malangpunk
4158,heavy / experimental,metal,malaysian hardcore,#D0802F,#D5803F,malaysianhardcore
4159,heavy / experimental,metal,malaysian metal,#D0802F,#D08148,malaysianmetal
4160,heavy / experimental,metal,malaysian post-rock,#D0802F,#CE892D,malaysianpostrock
4161,heavy / experimental,metal,maltese metal,#D0802F,#D07842,maltesemetal
4162,heavy / experimental,metal,mathcore,#D0802F,#BB6E2D,mathcore
4163,heavy / experimental,metal,melodic deathcore,#D0802F,#BB642D,melodicdeathcore
4164,heavy / experimental,metal,melodic doom,#D0802F,#D18547,melodicdoom
4165,heavy / experimental,metal,melodic hard rock,#D0802F,#BA702E,melodichardrock
4166,heavy / experimental,metal,melodic hardcore,#D0802F,#D67437,melodichardcore
4167,heavy / experimental,metal,melodic metal,#D0802F,#D18136,melodicmetal
4168,heavy / experimental,metal,melodic metalcore,#D0802F,#D18E49,melodicmetalcore
4169,heavy / experimental,metal,melodic thrash,#D0802F,#D38E3F,melodicthrash
4170,heavy / experimental,metal,metal baiano,#D0802F,#D48638,metalbaiano
4171,heavy / experimental,metal,metal balear,#D0802F,#D38D41,metalbalear
4172,heavy / experimental,metal,metal catala,#D0802F,#D2792C,metalcatala
4173,heavy / experimental,metal,metal catarinense,#D0802F,#D27B33,metalcatarinense
4174,heavy / experimental,metal,metal cearense,#D0802F,#BA772E,metalcearense
4175,heavy / experimental,metal,metal colombiano,#D0802F,#BF7130,metalcolombiano
4176,heavy / experimental,metal,metal cristao,#D0802F,#D1712B,metalcristao
4177,heavy / experimental,metal,metal galego,#D0802F,#C78D2B,metalgalego
4178,heavy / experimental,metal,metal gaucho,#D0802F,#B4622E,metalgaucho
4179,heavy / experimental,metal,metal gotico,#D0802F,#CE7736,metalgotico
4180,heavy / experimental,metal,metal noir quebecois,#D0802F,#B66B2C,metalnoirquebecois
4181,heavy / experimental,metal,metal nortista,#D0802F,#D09B47,metalnortista
4182,heavy / experimental,metal,metal paraguayo,#D0802F,#D0762F,metalparaguayo
4183,heavy / experimental,metal,metal paranaense,#D0802F,#C96E2E,metalparanaense
4184,heavy / experimental,metal,metal pernambucano,#D0802F,#D36F30,metalpernambucano
4185,heavy / experimental,metal,metal piauiense,#D0802F,#C7772C,metalpiauiense
4186,heavy / experimental,metal,metal tico,#D0802F,#D08F40,metaltico
4187,heavy / experimental,metal,metal uruguayo,#D0802F,#BE682B,metaluruguayo
4188,heavy / experimental,metal,metalcore,#D0802F,#D78F34,metalcore
4189,heavy / experimental,metal,metalcore espanol,#D0802F,#D88640,metalcoreespanol
4190,heavy / experimental,metal,metallic hardcore,#D0802F,#C1672E,metallichardcore
4191,heavy / experimental,metal,mexican hardcore,#D0802F,#D2763B,mexicanhardcore
4192,heavy / experimental,metal,mexican metal,#D0802F,#D68A3F,mexicanmetal
4193,heavy / experimental,metal,miami metal,#D0802F,#D58742,miamimetal
4194,heavy / experimental,metal,minneapolis metal,#D0802F,#C18831,minneapolismetal
4195,heavy / experimental,metal,minneapolis punk,#D0802F,#D59740,minneapolispunk
4196,heavy / experimental,metal,minnesota metal,#D0802F,#B9692A,minnesotametal
4197,heavy / experimental,metal,modern hard rock,#D0802F,#D79436,modernhardrock
4198,heavy / experimental,metal,modern hardcore,#D0802F,#D17537,modernhardcore
4199,heavy / experimental,metal,montana metal,#D0802F,#D88F41,montanametal
4200,heavy / experimental,metal,native american metal,#D0802F,#CF912A,nativeamericanmetal
4201,heavy / experimental,metal,necrogrind,#D0802F,#CE7A3C,necrogrind
4202,heavy / experimental,metal,neo classical metal,#D0802F,#BD6F2D,neoclassicalmetal
4203,heavy / experimental,metal,neo-crust,#D0802F,#D0863A,neocrust
4204,heavy / experimental,metal,neo-trad metal,#D0802F,#D5863D,neotradmetal
4205,heavy / experimental,metal,new england metal,#D0802F,#D18337,newenglandmetal
4206,heavy / experimental,metal,new wave of glam metal,#D0802F,#C0692F,newwaveofglammetal
4207,heavy / experimental,metal,noisecore,#D0802F,#BA6F27,noisecore
4208,heavy / experimental,metal,nordic post-rock,#D0802F,#BD8326,nordicpostrock
4209,heavy / experimental,metal,nordic shoegaze,#D0802F,#CE743B,nordicshoegaze
4210,heavy / experimental,metal,nordnorsk ponk,#D0802F,#D18D2D,nordnorskponk
4211,heavy / experimental,metal,north carolina metal,#D0802F,#D89244,northcarolinametal
4212,heavy / experimental,metal,norwegian alternative rock,#D0802F,#D48332,norwegianalternativerock
4213,heavy / experimental,metal,norwegian hardcore,#D0802F,#D68C3B,norwegianhardcore
4214,heavy / experimental,metal,norwegian metal,#D0802F,#D17A2F,norwegianmetal
4215,heavy / experimental,metal,norwegian punk rock,#D0802F,#C27728,norwegianpunkrock
4216,heavy / experimental,metal,nu gaze,#D0802F,#D08D2F,nugaze
4217,heavy / experimental,metal,nu metal & rap metal,#D0802F,#D59C42,numetal&rapmetal
4218,heavy / experimental,metal,nu-metalcore,#D0802F,#BE7326,numetalcore
4219,heavy / experimental,metal,nwobhm,#D0802F,#D36D29,nwobhm
4220,heavy / experimental,metal,nwocr,#D0802F,#D38749,nwocr
4221,heavy / experimental,metal,nwothm,#D0802F,#D2832E,nwothm
4222,heavy / experimental,metal,nyc metal,#D0802F,#D39744,nycmetal
4223,heavy / experimental,metal,nz hardcore,#D0802F,#D67E41,nzhardcore
4224,heavy / experimental,metal,nz metal,#D0802F,#D57B3C,nzmetal
4225,heavy / experimental,metal,nz punk,#D0802F,#BD7328,nzpunk
4226,heavy / experimental,metal,old school thrash,#D0802F,#C58129,oldschoolthrash
4227,heavy / experimental,metal,opera metal,#D0802F,#B7752F,operametal
4228,heavy / experimental,metal,orgcore,#D0802F,#D17E36,orgcore
4229,heavy / experimental,metal,oriental metal,#D0802F,#CE8B2F,orientalmetal
4230,heavy / experimental,metal,oshare kei,#D0802F,#D19C44,osharekei
4231,heavy / experimental,metal,oulu metal,#D0802F,#C36E2E,oulumetal
4232,heavy / experimental,metal,peruvian metal,#D0802F,#CF8042,peruvianmetal
4233,heavy / experimental,metal,pittsburgh metal,#D0802F,#CF8735,pittsburghmetal
4234,heavy / experimental,metal,polish hardcore,#D0802F,#D07B47,polishhardcore
4235,heavy / experimental,metal,polish metal,#D0802F,#BF6826,polishmetal
4236,heavy / experimental,metal,polish metalcore,#D0802F,#D79733,polishmetalcore
4237,heavy / experimental,metal,polish post-rock,#D0802F,#D28342,polishpostrock
4238,heavy / experimental,metal,pop punk,#D0802F,#B9762A,poppunk
4239,heavy / experimental,metal,pornogrind,#D0802F,#C47A2D,pornogrind
4240,heavy / experimental,metal,portland metal,#D0802F,#B97828,portlandmetal
4241,heavy / experimental,metal,portuguese hardcore,#D0802F,#CB6D31,portuguesehardcore
4242,heavy / experimental,metal,portuguese metal,#D0802F,#D8843E,portuguesemetal
4243,heavy / experimental,metal,post-black metal,#D0802F,#D98540,postblackmetal
4244,heavy / experimental,metal,post-hardcore,#D0802F,#CF6F29,posthardcore
4245,heavy / experimental,metal,post-metal,#D0802F,#C88029,postmetal
4246,heavy / experimental,metal,post-post-hardcore,#D0802F,#BB632B,postposthardcore
4247,heavy / experimental,metal,post-screamo,#D0802F,#D67F39,postscreamo
4248,heavy / experimental,metal,power metal,#D0802F,#B8622B,powermetal
4249,heavy / experimental,metal,power thrash,#D0802F,#D68A3D,powerthrash
4250,heavy / experimental,metal,power-pop punk,#D0802F,#D48835,powerpoppunk
4251,heavy / experimental,metal,powerviolence,#D0802F,#C27C27,powerviolence
4252,heavy / experimental,metal,prog metal,#D0802F,#D47E37,progmetal
4253,heavy / experimental,metal,progressive deathcore,#D0802F,#CD8A29,progressivedeathcore
4254,heavy / experimental,metal,progressive doom,#D0802F,#CD8F36,progressivedoom
4255,heavy / experimental,metal,progressive metal,#D0802F,#D2932D,progressivemetal
4256,heavy / experimental,metal,progressive metalcore,#D0802F,#CC6F2E,progressivemetalcore
4257,heavy / experimental,metal,progressive post-hardcore,#D0802F,#D58D43,progressiveposthardcore
4258,heavy / experimental,metal,progressive sludge,#D0802F,#CA8529,progressivesludge
4259,heavy / experimental,metal,progressive thrash,#D0802F,#D19841,progressivethrash
4260,heavy / experimental,metal,psicodelia mexicana,#D0802F,#D6833F,psicodeliamexicana
4261,heavy / experimental,metal,psych gaze,#D0802F,#D6983A,psychgaze
4262,heavy / experimental,metal,puerto rican metal,#D0802F,#CD873A,puertoricanmetal
4263,heavy / experimental,metal,punk melodico chileno,#D0802F,#D89D3E,punkmelodicochileno
4264,heavy / experimental,metal,punk 'n' roll,#D0802F,#BE7E29,punk'n'roll
4265,heavy / experimental,metal,quebec hardcore,#D0802F,#CF773F,quebechardcore
4266,heavy / experimental,metal,quebec metal,#D0802F,#CC8B2E,quebecmetal
4267,heavy / experimental,metal,rabm,#D0802F,#C78A30,rabm
4268,heavy / experimental,metal,ramonescore,#D0802F,#C26726,ramonescore
4269,heavy / experimental,metal,rock nacional feminino,#D0802F,#CF872C,rocknacionalfeminino
4270,heavy / experimental,metal,romanian metal,#D0802F,#D37D3E,romanianmetal
4271,heavy / experimental,metal,russian hardcore,#D0802F,#CF8730,russianhardcore
4272,heavy / experimental,metal,russian metal,#D0802F,#D17F43,russianmetal
4273,heavy / experimental,metal,russian metalcore,#D0802F,#CB6F2C,russianmetalcore
4274,heavy / experimental,metal,russian post-rock,#D0802F,#BA6127,russianpostrock
4275,heavy / experimental,metal,russian screamo,#D0802F,#CA892C,russianscreamo
4276,heavy / experimental,metal,russian shoegaze,#D0802F,#BC7E27,russianshoegaze
4277,heavy / experimental,metal,saxony metal,#D0802F,#D08944,saxonymetal
4278,heavy / experimental,metal,sci-fi metal,#D0802F,#C9792C,scifimetal
4279,heavy / experimental,metal,scottish metal,#D0802F,#CB752F,scottishmetal
4280,heavy / experimental,metal,screamo,#D0802F,#D4792D,screamo
4281,heavy / experimental,metal,screamocore,#D0802F,#CE712C,screamocore
4282,heavy / experimental,metal,seattle metal,#D0802F,#C96E2C,seattlemetal
4283,heavy / experimental,metal,serbian metal,#D0802F,#D27732,serbianmetal
4284,heavy / experimental,metal,shoegaze,#D0802F,#C97E34,shoegaze
4285,heavy / experimental,metal,shoegaze chileno,#D0802F,#D38F41,shoegazechileno
4286,heavy / experimental,metal,singaporean metal,#D0802F,#D07631,singaporeanmetal
4287,heavy / experimental,metal,singaporean punk,#D0802F,#D48A3B,singaporeanpunk
4288,heavy / experimental,metal,sinogaze,#D0802F,#CD872A,sinogaze
4289,heavy / experimental,metal,skramz,#D0802F,#D89141,skramz
4290,heavy / experimental,metal,slamming deathcore,#D0802F,#D18240,slammingdeathcore
4291,heavy / experimental,metal,slash punk,#D0802F,#D19949,slashpunk
4292,heavy / experimental,metal,slavic metal,#D0802F,#D58F32,slavicmetal
4293,heavy / experimental,metal,slayer,#D0802F,#CC9031,slayer
4294,heavy / experimental,metal,slc hardcore,#D0802F,#C18129,slchardcore
4295,heavy / experimental,metal,sleaze rock,#D0802F,#BA7428,sleazerock
4296,heavy / experimental,metal,slovak metal,#D0802F,#B87F2E,slovakmetal
4297,heavy / experimental,metal,slovenian metal,#D0802F,#CE8B2D,slovenianmetal
4298,heavy / experimental,metal,sludge metal,#D0802F,#C7792B,sludgemetal
4299,heavy / experimental,metal,sludgecore,#D0802F,#C97433,sludgecore
4300,heavy / experimental,metal,south asian metal,#D0802F,#D68D42,southasianmetal
4301,heavy / experimental,metal,south carolina metal,#D0802F,#C57532,southcarolinametal
4302,heavy / experimental,metal,southern metal,#D0802F,#C77B2C,southernmetal
4303,heavy / experimental,metal,spacegrunge,#D0802F,#D38242,spacegrunge
4304,heavy / experimental,metal,spanish metal,#D0802F,#D28A42,spanishmetal
4305,heavy / experimental,metal,spanish post-rock,#D0802F,#C37A2A,spanishpostrock
4306,heavy / experimental,metal,spanish stoner rock,#D0802F,#D48E37,spanishstonerrock
4307,heavy / experimental,metal,speed metal,#D0802F,#B8782E,speedmetal
4308,heavy / experimental,metal,stoner & sludge metal,#D0802F,#CF8942,stoner&sludgemetal
4309,heavy / experimental,metal,street punk,#D0802F,#CD8F2B,streetpunk
4310,heavy / experimental,metal,surf punk,#D0802F,#D48A36,surfpunk
4311,heavy / experimental,metal,swancore,#D0802F,#C6822B,swancore
4312,heavy / experimental,metal,swedish emo,#D0802F,#C77D29,swedishemo
4313,heavy / experimental,metal,swedish garage rock,#D0802F,#D48031,swedishgaragerock
4314,heavy / experimental,metal,swedish grindcore,#D0802F,#C2742C,swedishgrindcore
4315,heavy / experimental,metal,swedish hard rock,#D0802F,#CD7C35,swedishhardrock
4316,heavy / experimental,metal,swedish hardcore,#D0802F,#D69246,swedishhardcore
4317,heavy / experimental,metal,swedish melodeath,#D0802F,#CC902C,swedishmelodeath
4318,heavy / experimental,metal,swedish melodic rock,#D0802F,#C87331,swedishmelodicrock
4319,heavy / experimental,metal,swedish metal,#D0802F,#CF7334,swedishmetal
4320,heavy / experimental,metal,swedish metalcore,#D0802F,#D08930,swedishmetalcore
4321,heavy / experimental,metal,swedish post-hardcore,#D0802F,#D28E2E,swedishposthardcore
4322,heavy / experimental,metal,swiss metal,#D0802F,#CB8228,swissmetal
4323,heavy / experimental,metal,symphonic & gothic metal,#D0802F,#D88945,symphonic&gothicmetal
4324,heavy / experimental,metal,symphonic deathcore,#D0802F,#D07E3F,symphonicdeathcore
4325,heavy / experimental,metal,symphonic metal,#D0802F,#D39449,symphonicmetal
4326,heavy / experimental,metal,taiwan metal,#D0802F,#D8983A,taiwanmetal
4327,heavy / experimental,metal,taiwan punk,#D0802F,#C57829,taiwanpunk
4328,heavy / experimental,metal,technical deathcore,#D0802F,#B6812B,technicaldeathcore
4329,heavy / experimental,metal,technical thrash,#D0802F,#D38838,technicalthrash
4330,heavy / experimental,metal,tennessee metal,#D0802F,#D6702F,tennesseemetal
4331,heavy / experimental,metal,texas hardcore,#D0802F,#D5893F,texashardcore
4332,heavy / experimental,metal,texas metal,#D0802F,#BD862D,texasmetal
4333,heavy / experimental,metal,thai metal,#D0802F,#D28A46,thaimetal
4334,heavy / experimental,metal,thall,#D0802F,#C66F2A,thall
4335,heavy / experimental,metal,thrash metal,#D0802F,#BD692E,thrashmetal
4336,heavy / experimental,metal,thrash-groove metal,#D0802F,#C77F2E,thrashgroovemetal
4337,heavy / experimental,metal,tolkien metal,#D0802F,#BC752E,tolkienmetal
4338,heavy / experimental,metal,trallpunk,#D0802F,#D18849,trallpunk
4339,heavy / experimental,metal,trancecore,#D0802F,#D38034,trancecore
4340,heavy / experimental,metal,turkish hardcore,#D0802F,#BF802D,turkishhardcore
4341,heavy / experimental,metal,uk diy punk,#D0802F,#D57A32,ukdiypunk
4342,heavy / experimental,metal,uk metalcore,#D0802F,#D57A3C,ukmetalcore
4343,heavy / experimental,metal,uk noise rock,#D0802F,#D49E48,uknoiserock
4344,heavy / experimental,metal,uk post-hardcore,#D0802F,#D08235,ukposthardcore
4345,heavy / experimental,metal,uk post-metal,#D0802F,#B9762C,ukpostmetal
4346,heavy / experimental,metal,ukhc,#D0802F,#BA742B,ukhc
4347,heavy / experimental,metal,ukrainian metal,#D0802F,#D78D40,ukrainianmetal
4348,heavy / experimental,metal,ukrainian metalcore,#D0802F,#C27426,ukrainianmetalcore
4349,heavy / experimental,metal,unblack metal,#D0802F,#D67E45,unblackmetal
4350,heavy / experimental,metal,utah metal,#D0802F,#CF933F,utahmetal
4351,heavy / experimental,metal,vancouver metal,#D0802F,#D2872C,vancouvermetal
4352,heavy / experimental,metal,vancouver punk,#D0802F,#C86C28,vancouverpunk
4353,heavy / experimental,metal,venezuelan metal,#D0802F,#C88629,venezuelanmetal
4354,heavy / experimental,metal,viking metal,#D0802F,#B9802C,vikingmetal
4355,heavy / experimental,metal,virginia metal,#D0802F,#B7682E,virginiametal
4356,heavy / experimental,metal,visual kei,#D0802F,#CC6829,visualkei
4357,heavy / experimental,metal,voidgaze,#D0802F,#C17E2F,voidgaze
4358,heavy / experimental,metal,welsh metal,#D0802F,#D08E34,welshmetal
4359,heavy / experimental,metal,western ny metal,#D0802F,#C56B32,westernnymetal
4360,heavy / experimental,metal,wisconsin metal,#D0802F,#D49133,wisconsinmetal
4361,heavy / experimental,metal,world worship,#D0802F,#D08E35,worldworship
4362,heavy / experimental,metal,worship,#D0802F,#CF8B41,worship
4363,pop,mexican pop,mexican pop punk,#FFEB91,#FFEC89,mexicanpoppunk
4364,electronic music,minimal techno,berlin minimal techno,#D52633,#D93036,berlinminimaltechno
4365,electronic music,minimal techno,dark minimal techno,#D52633,#E1355F,darkminimaltechno
4366,electronic music,minimal techno,deep minimal techno,#D52633,#DF2534,deepminimaltechno
4367,electronic music,minimal techno,hard minimal techno,#D52633,#DB3343,hardminimaltechno
4368,rock,modern rock,modern alternative rock,#DCB250,#DDB15C,modernalternativerock
4369,rock,modern rock,spanish modern rock,#DCB250,#D9BC3F,spanishmodernrock
4370,rock,movie tunes,french movie tunes,#DCB250,#D8C74B,frenchmovietunes
4371,classical,movie tunes,musical,#E1AF63,#E7B96E,musical
4372,classical,movie tunes,showtune,#DCB250,#E1AF63,showtune
4373,country / folk,musica andina,musica andina chilena,#BDCC66,#BFD569,musicaandinachilena
4374,country / folk,musica infantil,musica infantil catala,#BDCC66,#B2CA49,musicainfantilcatala
4375,rhythm music,musica pernambucana,nova musica pernambucana,#66CC99,#72CDA2,novamusicapernambucana
4376,rock,new americana,deep new americana,#DCB250,#DBA051,deepnewamericana
4377,rock,new americana,new england americana,#DCB250,#DF8B3B,newenglandamericana
4378,rap / hip hop,new jersey rap,new jersey underground rap,#6E48AF,#775CAF,newjerseyundergroundrap
4379,rock,new wave,finnish new wave,#DCB250,#CEA33D,finnishnewwave
4380,rock,new wave,japanese new wave,#DCB250,#D29434,japanesenewwave
4381,rock,new wave,spanish new wave,#DCB250,#D3AD33,spanishnewwave
4382,rock,noise rock,polish noise rock,#DCB250,#E6C076,polishnoiserock
4383,pop,nu metal,russian nu metal,#FFEB91,#FDEF74,russiannumetal
4384,rhythm music,old school hip hop,old school uk hip hop,#4364B3,#567ABD,oldschoolukhiphop
4385,classical,opera,operatic,#FF3B8C,#F92F82,operatic
4386,classical,opera,orchestral,#FD0C78,#F51A82,orchestral
4387,classical,opera,poetic,,#5F469F,poetic
4388,classical,opera,poetry,#6E48AF,#5F469F,poetry
4389,,orchestral performance,historic orchestral performance,#FF227A,#FF2F8D,historicorchestralperformance
4390,electronic music,phonk,gregorian-sacral-phonk,#5276C1,#5D7DCA,gregoriansacralphonk
4391,pop,pinoy rock,pinoy indie rock,#FFEB91,#FEE4A1,pinoyindierock
4392,pop,pop,(early) pop rock & power pop,#FFEB91,#FFEBA3,earlypoprock&powerpop
4393,pop,pop,abstract,#FFEB91,#FFF384,abstract
4394,pop,pop,adivasi pop,#FFEB91,#FFEC84,adivasipop
4395,pop,pop,adoracion,#FFEB91,#FFF3A3,adoracion
4396,pop,pop,afrikaans,#FFEB91,#FFDD81,afrikaans
4397,pop,pop,aggro chileno,#FFEB91,#FEF38A,aggrochileno
4398,pop,pop,albanian alternative,#FFEB91,#FFF19B,albanianalternative
4399,pop,pop,albuquerque indie,#FFEB91,#FEF494,albuquerqueindie
4400,pop,pop,alternative emo,#FFEB91,#FFEAA3,alternativeemo
4401,pop,pop,alternative metal,#FFEB91,#FFDE84,alternativemetal
4402,pop,pop,alternative metalcore,#FFEB91,#FEEE9B,alternativemetalcore
4403,pop,pop,alternative pop rock,#FFEB91,#FFE390,alternativepoprock
4404,pop,pop,ambient house,#FFEB91,#FEEE8A,ambienthouse
4405,pop,pop,ambient idm,#FFEB91,#FFE98B,ambientidm
4406,pop,pop,ambient psychill,#FFEB91,#FFF3A2,ambientpsychill
4407,pop,pop,american post-punk,#FFEB91,#FFE792,americanpostpunk
4408,pop,pop,anime game,#FFEB91,#FFEEA3,animegame
4409,pop,pop,anime phonk,#FFEB91,#FFF6A3,animephonk
4410,pop,pop,antideutsche,#FFEB91,#FFEFA0,antideutsche
4411,pop,pop,arab trap,#FFEB91,#FFF7A3,arabtrap
4412,pop,pop,argentine indie,#FFEB91,#FFF3A3,argentineindie
4413,pop,pop,argentine rock,#FFEB91,#FDE480,argentinerock
4414,pop,pop,argentine telepop,#FFEB91,#FFEFA3,argentinetelepop
4415,pop,pop,art pop,#FFEB91,#FEE895,artpop
4416,pop,pop,asian pop,#FFEB91,#FFEF80,asianpop
4417,pop,pop,atmospheric dnb,#FFEB91,#FFEE98,atmosphericdnb
4418,pop,pop,aussietronica,#FFEB91,#FFDE89,aussietronica
4419,pop,pop,australian indie rock,#FFEB91,#FEF6A4,australianindierock
4420,pop,pop,australian indigenous music,#FFEB91,#FFDE88,australianindigenousmusic
4421,pop,pop,australian pop,#FFEB91,#FFF4A3,australianpop
4422,pop,pop,australian rockabilly,#FFEB91,#FEDE7E,australianrockabilly
4423,pop,pop,australian surf rock,#FFEB91,#FFEF8F,australiansurfrock
4424,pop,pop,australian talent show,#FFEB91,#FDE781,australiantalentshow
4425,pop,pop,austrian dnb,#FFEB91,#FFEA96,austriandnb
4426,pop,pop,austrian pop,#FFEB91,#FFE782,austrianpop
4427,pop,pop,austrian punk,#FFEB91,#FDEDA5,austrianpunk
4428,pop,pop,bandung indie,#FFEB91,#FDF492,bandungindie
4429,pop,pop,bangalore indie,#FFEB91,#FFE886,bangaloreindie
4430,pop,pop,bangladeshi indie,#FFEB91,#FFE888,bangladeshiindie
4431,pop,pop,bass trap,#FFEB91,#FFED93,basstrap
4432,pop,pop,beach music,#FFEB91,#FFEBA3,beachmusic
4433,pop,pop,belarusian pop,#FFEB91,#FFEC88,belarusianpop
4434,pop,pop,belgian edm,#FFEB91,#FEF3A4,belgianedm
4435,pop,pop,belgian new wave,#FFEB91,#FFE580,belgiannewwave
4436,pop,pop,belgian pop,#FFEB91,#FFEC98,belgianpop
4437,pop,pop,belgian rock,#FFEB91,#FEEA9E,belgianrock
4438,pop,pop,birmingham indie,#FFEB91,#FEDF8D,birminghamindie
4439,pop,pop,bisrock,#FFEB91,#FFDF87,bisrock
4440,pop,pop,blues latinoamericano,#FFEB91,#FDE596,blueslatinoamericano
4441,pop,pop,bogor indie,#FFEB91,#FFE78D,bogorindie
4442,pop,pop,bohol indie,#FFEB91,#FEF28A,boholindie
4443,pop,pop,bosnian pop,#FFEB91,#FFEE8C,bosnianpop
4444,pop,pop,boy band,#FFEB91,#FDEB9F,boyband
4445,pop,pop,brasilia indie,#FFEB91,#FFE89A,brasiliaindie
4446,pop,pop,brazilian blues,#FFEB91,#FFEE98,brazilianblues
4447,pop,pop,brazilian experimental,#FFEB91,#FDF18D,brazilianexperimental
4448,pop,pop,brazilian post-hardcore,#FFEB91,#FEF2A3,brazilianposthardcore
4449,pop,pop,brazilian ska,#FFEB91,#FDE883,brazilianska
4450,pop,pop,brazilian surf rock,#FFEB91,#FEED8E,braziliansurfrock
4451,pop,pop,brill building pop & crooners,#FFEB91,#FDF3A5,brillbuildingpop&crooners
4452,pop,pop,brisbane indie,#FFEB91,#FFE8A3,brisbaneindie
4453,pop,pop,british alternative rock,#FFEB91,#FFEE8A,britishalternativerock
4454,pop,pop,british country,#FFEB91,#FEE6A4,britishcountry
4455,pop,pop,british indie rock,#FFEB91,#FEED8D,britishindierock
4456,pop,pop,british industrial,#FFEB91,#FDDF88,britishindustrial
4457,pop,pop,britpop,#FFEB91,#FFEFA3,britpop
4458,pop,pop,brostep,#FFEB91,#FFDE86,brostep
4459,pop,pop,bubblegum & teenybop,#FFEB91,#FDDB7D,bubblegum&teenybop
4460,pop,pop,bulgarian rock,#FFEB91,#FFDC7B,bulgarianrock
4461,pop,pop,c64,#FFEB91,#FDEE8D,c64
4462,pop,pop,campursari,#FFEB91,#FFF29E,campursari
4463,pop,pop,canadian ccm,#FFEB91,#FFE57A,canadianccm
4464,pop,pop,canadian country,#FFEB91,#FFF7A1,canadiancountry
4465,pop,pop,canadian pop,#FFEB91,#FEECA4,canadianpop
4466,pop,pop,canadian post-punk,#FFEB91,#FFEA99,canadianpostpunk
4467,pop,pop,canadian rock,#FFEB91,#FFF3A3,canadianrock
4468,pop,pop,carnaval,#FFEB91,#FEDE7B,carnaval
4469,pop,pop,ccm,#FFEB91,#FFF27C,ccm
4470,pop,pop,cedm,#FFEB91,#FDE191,cedm
4471,pop,pop,celtic punk,#FFEB91,#FDF094,celticpunk
4472,pop,pop,cerkes muzikleri,#FFEB91,#FEE884,cerkesmuzikleri
4473,pop,pop,ceske chvaly,#FFEB91,#FFE99E,ceskechvaly
4474,pop,pop,chalga,#FFEB91,#FFF5A3,chalga
4475,pop,pop,chasidic pop,#FFEB91,#FFE586,chasidicpop
4476,pop,pop,chihuahua indie,#FFEB91,#FEEAA2,chihuahuaindie
4477,pop,pop,chilean indie,#FFEB91,#FDE784,chileanindie
4478,pop,pop,chill house,#FFEB91,#FFEC7E,chillhouse
4479,pop,pop,chill phonk,#FFEB91,#FFE98B,chillphonk
4480,pop,pop,chinese drama ost,#FFEB91,#FFEB91,chinesedramaost
4481,pop,pop,chinese electropop,#FFEB91,#FCDF7E,chineseelectropop
4482,pop,pop,chinese idol pop,#FFEB91,#FEED9A,chineseidolpop
4483,pop,pop,chinese indie,#FFEB91,#FFF489,chineseindie
4484,pop,pop,chinese new year,#FFEB91,#FDE6A4,chinesenewyear
4485,pop,pop,chinese post-punk,#FFEB91,#FFDF8C,chinesepostpunk
4486,pop,pop,chinese punk,#FFEB91,#FFF6A3,chinesepunk
4487,pop,pop,christian alternative rock,#FFEB91,#FDE295,christianalternativerock
4488,pop,pop,christian music,#FFEB91,#FFEBA2,christianmusic
4489,pop,pop,christian punk,#FFEB91,#FFE091,christianpunk
4490,pop,pop,circassian folk,#FFEB91,#FEEDA4,circassianfolk
4491,pop,pop,city pop,#FFEB91,#FDDF7C,citypop
4492,pop,pop,classic cantopop,#FFEB91,#FFF47A,classiccantopop
4493,pop,pop,classic portuguese pop,#FFEB91,#FFEA7F,classicportuguesepop
4494,pop,pop,colombian rock,#FFEB91,#FEEC8B,colombianrock
4495,pop,pop,comedie musicale,#FFEB91,#FEED9D,comediemusicale
4496,pop,pop,complextro,#FFEB91,#FFED88,complextro
4497,pop,pop,country dawn,#FFEB91,#FEEC95,countrydawn
4498,pop,pop,covertronica,#FFEB91,#FFEBA3,covertronica
4499,pop,pop,croatian indie,#FFEB91,#FFDC7E,croatianindie
4500,pop,pop,cuban electronic,#FFEB91,#FFE998,cubanelectronic
4501,pop,pop,czech hardcore,#FFEB91,#FFE791,czechhardcore
4502,pop,pop,czech punk,#FFEB91,#FEF0A4,czechpunk
4503,pop,pop,czech rock,#FFEB91,#FDE682,czechrock
4504,pop,pop,czsk hyperpop,#FFEB91,#FFECA3,czskhyperpop
4505,pop,pop,dance pop,#FFEB91,#FFEEA3,dancepop
4506,pop,pop,dance rock,#FFEB91,#FFEFA3,dancerock
4507,pop,pop,danish indie,#FFEB91,#FFF59B,danishindie
4508,pop,pop,danish rock,#FFEB91,#FFDB7A,danishrock
4509,pop,pop,deathrock,#FFEB91,#FFDD83,deathrock
4510,pop,pop,deconstructed club,#FFEB91,#FFEE86,deconstructedclub
4511,pop,pop,deep christian rock,#FFEB91,#FFE9A3,deepchristianrock
4512,pop,pop,deep contemporary country,#FFEB91,#FFF496,deepcontemporarycountry
4513,pop,pop,deep eurodance,#FFEB91,#FDF084,deepeurodance
4514,pop,pop,deep german indie,#FFEB91,#FFE287,deepgermanindie
4515,pop,pop,deep german punk,#FFEB91,#FFF38A,deepgermanpunk
4516,pop,pop,deep idm,#FFEB91,#FFDF86,deepidm
4517,pop,pop,deep new wave,#FFEB91,#FDE67E,deepnewwave
4518,pop,pop,deep pop emo,#FFEB91,#FFE58E,deeppopemo
4519,pop,pop,deep swedish rock,#FFEB91,#FFE988,deepswedishrock
4520,pop,pop,dessin anime,#FFEB91,#FFF6A3,dessinanime
4521,pop,pop,deutschrock,#FFEB91,#FDE37D,deutschrock
4522,pop,pop,disco pop / post-disco,#FFEB91,#FEEB9F,discopoppostdisco
4523,pop,pop,diy pop punk,#FFEB91,#FDE4A1,diypoppunk
4524,pop,pop,drift phonk,#FFEB91,#FFE48C,driftphonk
4525,pop,pop,drill and bass,#FFEB91,#FDEA98,drillandbass
4526,pop,pop,drumfunk,#FFEB91,#FFE27B,drumfunk
4527,pop,pop,dub punk,#FFEB91,#FFDF7B,dubpunk
4528,pop,pop,dutch dnb,#FFEB91,#FEEC88,dutchdnb
4529,pop,pop,dutch indie,#FFEB91,#FEE7A4,dutchindie
4530,pop,pop,dutch pop,#FFEB91,#FFF379,dutchpop
4531,pop,pop,early synthpop,#FFEB91,#FEE9A5,earlysynthpop
4532,pop,pop,edm,#FFEB91,#FDE9A5,edm
4533,pop,pop,edmonton indie,#FFEB91,#FEE8A5,edmontonindie
4534,pop,pop,egyptian alternative,#FFEB91,#FFF29A,egyptianalternative
4535,pop,pop,electroclash,#FFEB91,#FFF59B,electroclash
4536,pop,pop,electronic trap,#FFEB91,#FFDD7E,electronictrap
4537,pop,pop,electronica argentina,#FFEB91,#FFEC91,electronicaargentina
4538,pop,pop,electronica cristiana,#FFEB91,#FFF59F,electronicacristiana
4539,pop,pop,electropop,#FFEB91,#FDEFA5,electropop
4540,pop,pop,elektropunk,#FFEB91,#FFF3A3,elektropunk
4541,pop,pop,emo,#FFEB91,#FDE084,emo
4542,pop,pop,emo mexicano,#FFEB91,#FFF5A4,emomexicano
4543,pop,pop,emo rap,#FFEB91,#FFEDA3,emorap
4544,pop,pop,emo trap en espanol,#FFEB91,#FFEC94,emotrapenespanol
4545,pop,pop,estonian electronic,#FFEB91,#FFE57F,estonianelectronic
4546,pop,pop,estonian pop,#FFEB91,#FFE295,estonianpop
4547,pop,pop,europop,#FFEB91,#FDE97C,europop
4548,pop,pop,experimental indie,#FFEB91,#FFE47B,experimentalindie
4549,pop,pop,faroese rock,#FFEB91,#FFF29C,faroeserock
4550,pop,pop,filter house,#FFEB91,#FEEE98,filterhouse
4551,pop,pop,filthstep,#FFEB91,#FEEC94,filthstep
4552,pop,pop,finlandssvenska musik,#FFEB91,#FFE192,finlandssvenskamusik
4553,pop,pop,finnish alternative rock,#FFEB91,#FFED95,finnishalternativerock
4554,pop,pop,finnish blues,#FFEB91,#FFE48B,finnishblues
4555,pop,pop,finnish electro,#FFEB91,#FFF08E,finnishelectro
4556,pop,pop,finnish experimental,#FFEB91,#FDEB97,finnishexperimental
4557,pop,pop,finnish indie,#FFEB91,#FFED97,finnishindie
4558,pop,pop,finnish pop punk,#FFEB91,#FFE68B,finnishpoppunk
4559,pop,pop,finnish worship,#FFEB91,#FEEDA3,finnishworship
4560,pop,pop,fogo pentecostal,#FFEB91,#FFF279,fogopentecostal
4561,pop,pop,folk-pop,#FFEB91,#FFEC7E,folkpop
4562,pop,pop,folktronica,#FFEB91,#FFF17B,folktronica
4563,pop,pop,fort worth indie,#FFEB91,#FFED86,fortworthindie
4564,pop,pop,frankfurt indie,#FFEB91,#FFEE7D,frankfurtindie
4565,pop,pop,french dnb,#FFEB91,#FFEDA2,frenchdnb
4566,pop,pop,french oi,#FFEB91,#FFED7E,frenchoi
4567,pop,pop,french pop,#FFEB91,#FEF7A4,frenchpop
4568,pop,pop,french punk,#FFEB91,#FFF2A4,frenchpunk
4569,pop,pop,future bass,#FFEB91,#FDEF89,futurebass
4570,pop,pop,future bounce,#FFEB91,#FFF39E,futurebounce
4571,pop,pop,future funk,#FFEB91,#FFF2A2,futurefunk
4572,pop,pop,gaddiyali pop,#FFEB91,#FFE798,gaddiyalipop
4573,pop,pop,galego,#FFEB91,#FFE97B,galego
4574,pop,pop,galician indie,#FFEB91,#FFE990,galicianindie
4575,pop,pop,gaming edm,#FFEB91,#FDED8E,gamingedm
4576,pop,pop,garage rock mexicano,#FFEB91,#FFEA91,garagerockmexicano
4577,pop,pop,gauze pop,#FFEB91,#FFE580,gauzepop
4578,pop,pop,geinin song,#FFEB91,#FFE891,geininsong
4579,pop,pop,german hardcore,#FFEB91,#FEF29E,germanhardcore
4580,pop,pop,german hyperpop,#FFEB91,#FFE38B,germanhyperpop
4581,pop,pop,german oi,#FFEB91,#FEEDA4,germanoi
4582,pop,pop,german pop,#FFEB91,#FEDF7A,germanpop
4583,pop,pop,german post-punk,#FFEB91,#FDED90,germanpostpunk
4584,pop,pop,german rock,#FFEB91,#FFF7A3,germanrock
4585,pop,pop,german ska,#FFEB91,#FEF3A4,germanska
4586,pop,pop,german worship,#FFEB91,#FEF6A4,germanworship
4587,pop,pop,ghent indie,#FFEB91,#FEE5A4,ghentindie
4588,pop,pop,ghoststep,#FFEB91,#FFEC97,ghoststep
4589,pop,pop,glasgow indie,#FFEB91,#FEE89E,glasgowindie
4590,pop,pop,glee club,#FFEB91,#FFEF9B,gleeclub
4591,pop,pop,glitch,#FFEB91,#FFEA8B,glitch
4592,pop,pop,gospel amapiano,#FFEB91,#FFF69C,gospelamapiano
4593,pop,pop,gospel r&b,#FFEB91,#FFEEA3,gospelr&b
4594,pop,pop,gothic rock,#FFEB91,#FFE387,gothicrock
4595,pop,pop,granada indie,#FFEB91,#FFE686,granadaindie
4596,pop,pop,greek downtempo,#FFEB91,#FFE695,greekdowntempo
4597,pop,pop,greek indie,#FFEB91,#FDED9A,greekindie
4598,pop,pop,greek punk,#FFEB91,#FEE485,greekpunk
4599,pop,pop,greek rock,#FFEB91,#FDF289,greekrock
4600,pop,pop,grunge argentina,#FFEB91,#FEF27E,grungeargentina
4601,pop,pop,grunge brasileiro,#FFEB91,#FFEB9A,grungebrasileiro
4602,pop,pop,guadalajara indie,#FFEB91,#FDE282,guadalajaraindie
4603,pop,pop,guatemalan indie,#FFEB91,#FFDE85,guatemalanindie
4604,pop,pop,gym phonk,#FFEB91,#FDE5A1,gymphonk
4605,pop,pop,haitian gospel,#FFEB91,#FFEE7C,haitiangospel
4606,pop,pop,hard rock mexicano,#FFEB91,#FDDD82,hardrockmexicano
4607,pop,pop,hawaiian indie,#FFEB91,#FFEC98,hawaiianindie
4608,pop,pop,heligonka,#FFEB91,#FEE7A5,heligonka
4609,pop,pop,hindi indie,#FFEB91,#FFE87C,hindiindie
4610,pop,pop,hi-nrg / eurodisco,#FFEB91,#FFE083,hinrgeurodisco
4611,pop,pop,ho munda,#FFEB91,#FDF38E,homunda
4612,pop,pop,hong kong tv drama,#FFEB91,#FFEB9B,hongkongtvdrama
4613,pop,pop,hull indie,#FFEB91,#FFF193,hullindie
4614,pop,pop,hyperpop,#FFEB91,#FDEC9C,hyperpop
4615,pop,pop,hyperpop en espanol,#FFEB91,#FFF3A3,hyperpopenespanol
4616,pop,pop,hyperpop francais,#FFEB91,#FEEBA0,hyperpopfrancais
4617,pop,pop,hyperpop italiano,#FFEB91,#FFEEA3,hyperpopitaliano
4618,pop,pop,icelandic pop,#FFEB91,#FDF08E,icelandicpop
4619,pop,pop,idol kayo,#FFEB91,#FFF18E,idolkayo
4620,pop,pop,indian edm,#FFEB91,#FDEB93,indianedm
4621,pop,pop,indian indie,#FFEB91,#FFF183,indianindie
4622,pop,pop,indie campechano,#FFEB91,#FEEC89,indiecampechano
4623,pop,pop,indie canario,#FFEB91,#FFDE7D,indiecanario
4624,pop,pop,indie catala,#FFEB91,#FFECA3,indiecatala
4625,pop,pop,indie hidalguense,#FFEB91,#FFF293,indiehidalguense
4626,pop,pop,indie hidrocalido,#FFEB91,#FFE69A,indiehidrocalido
4627,pop,pop,indie pop,#FFEB91,#FEEB8C,indiepop
4628,pop,pop,indie quebecois,#FFEB91,#FEF29C,indiequebecois
4629,pop,pop,indie rock peruano,#FFEB91,#FFEB93,indierockperuano
4630,pop,pop,indie siciliano,#FFEB91,#FFF18D,indiesiciliano
4631,pop,pop,indie surf,#FFEB91,#FFEF8E,indiesurf
4632,pop,pop,indonesian edm,#FFEB91,#FEF17A,indonesianedm
4633,pop,pop,indonesian pop,#FFEB91,#FFE685,indonesianpop
4634,pop,pop,indonesian psychedelia,#FFEB91,#FFE894,indonesianpsychedelia
4635,pop,pop,indonesian punk,#FFEB91,#FFED8A,indonesianpunk
4636,pop,pop,indonesian rock,#FFEB91,#FFF48C,indonesianrock
4637,pop,pop,industrial hip hop,#FFEB91,#FFF2A1,industrialhiphop
4638,pop,pop,intelligent dance music,#FFEB91,#FFF6A3,intelligentdancemusic
4639,pop,pop,irish experimental electronic,#FFEB91,#FFE49D,irishexperimentalelectronic
4640,pop,pop,irish indie rock,#FFEB91,#FEED8C,irishindierock
4641,pop,pop,irish post-punk,#FFEB91,#FEEE84,irishpostpunk
4642,pop,pop,iskelma,#FFEB91,#FFEA94,iskelma
4643,pop,pop,israeli indie,#FFEB91,#FFEB78,israeliindie
4644,pop,pop,israeli mediterranean,#FFEB91,#FEF3A4,israelimediterranean
4645,pop,pop,israeli pop,#FFEB91,#FFE980,israelipop
4646,pop,pop,israeli punk,#FFEB91,#FFE495,israelipunk
4647,pop,pop,italian alternative,#FFEB91,#FFF3A3,italianalternative
4648,pop,pop,italian post-punk,#FFEB91,#FFEF85,italianpostpunk
4649,pop,pop,italo disco,#FFEB91,#FEF0A4,italodisco
4650,pop,pop,japanese electropop,#FFEB91,#FFF3A4,japaneseelectropop
4651,pop,pop,japanese girl punk,#FFEB91,#FFDE7F,japanesegirlpunk
4652,pop,pop,japanese hyperpop,#FFEB91,#FFF07C,japanesehyperpop
4653,pop,pop,japanese jazz fusion,#FFEB91,#FEE483,japanesejazzfusion
4654,pop,pop,japanese punk rock,#FFEB91,#FFEF7E,japanesepunkrock
4655,pop,pop,japanese teen pop,#FFEB91,#FEF184,japaneseteenpop
4656,pop,pop,jewish pop,#FFEB91,#FFF399,jewishpop
4657,pop,pop,j-punk,#FFEB91,#FFEF98,jpunk
4658,pop,pop,j-rock,#FFEB91,#FFF091,jrock
4659,pop,pop,junior songfestival,#FFEB91,#FFF0A3,juniorsongfestival
4660,pop,pop,kabyle moderne,#FFEB91,#FFF28F,kabylemoderne
4661,pop,pop,karaoke,#FFEB91,#FDF5A3,karaoke
4662,pop,pop,karbi pop,#FFEB91,#FEE38A,karbipop
4663,pop,pop,kelowna bc indie,#FFEB91,#FDF297,kelownabcindie
4664,pop,pop,kent indie,#FFEB91,#FFECA3,kentindie
4665,pop,pop,keroncong,#FFEB91,#FFE7A2,keroncong
4666,pop,pop,khandeshi pop,#FFEB91,#FFF390,khandeshipop
4667,pop,pop,khortha pop,#FFEB91,#FEE995,khorthapop
4668,pop,pop,kinnauri pop,#FFEB91,#FFF69B,kinnauripop
4669,pop,pop,kiwi rock,#FFEB91,#FFE47E,kiwirock
4670,pop,pop,kol isha,#FFEB91,#FFEF9E,kolisha
4671,pop,pop,kolkata indie,#FFEB91,#FFE48A,kolkataindie
4672,pop,pop,kolsche karneval,#FFEB91,#FFEF82,kolschekarneval
4673,pop,pop,korean bl ost,#FFEB91,#FDF4A5,koreanblost
4674,pop,pop,korean electropop,#FFEB91,#FFF295,koreanelectropop
4675,pop,pop,korean metal,#FFEB91,#FFDB7B,koreanmetal
4676,pop,pop,korean punk,#FFEB91,#FFF09C,koreanpunk
4677,pop,pop,kosovan indie,#FFEB91,#FFE598,kosovanindie
4678,pop,pop,k-pop,#FFEB91,#FFE193,kpop
4679,pop,pop,k-pop girl group,#FFEB91,#FFEE97,kpopgirlgroup
4680,pop,pop,k-pop reality show,#FFEB91,#FFF39B,kpoprealityshow
4681,pop,pop,krajiska muzika,#FFEB91,#FFDF88,krajiskamuzika
4682,pop,pop,k-rock,#FFEB91,#FFEC79,krock
4683,pop,pop,kurdish remix,#FFEB91,#FFE37F,kurdishremix
4684,pop,pop,ladakhi pop,#FFEB91,#FFE87C,ladakhipop
4685,pop,pop,lagu iban,#FFEB91,#FEEA9C,laguiban
4686,pop,pop,lagu jambi,#FFEB91,#FFEB7D,lagujambi
4687,pop,pop,lagu maluku,#FFEB91,#FFEB8A,lagumaluku
4688,pop,pop,lagu manado,#FFEB91,#FDE881,lagumanado
4689,pop,pop,lagu sabahan,#FFEB91,#FFDE79,lagusabahan
4690,pop,pop,lai hla,#FFEB91,#FFE5A0,laihla
4691,pop,pop,latin alternative,#FFEB91,#FFE38F,latinalternative
4692,pop,pop,latin christian,#FFEB91,#FFEBA0,latinchristian
4693,pop,pop,latin pop,#FFEB91,#FDDD8B,latinpop
4694,pop,pop,latin rock,#FFEB91,#FFF7A3,latinrock
4695,pop,pop,latin ska,#FFEB91,#FFDA79,latinska
4696,pop,pop,latvian indie,#FFEB91,#FDF2A5,latvianindie
4697,pop,pop,lebanese indie,#FFEB91,#FFF298,lebaneseindie
4698,pop,pop,leeds indie,#FFEB91,#FDE38E,leedsindie
4699,pop,pop,leicester indie,#FFEB91,#FEEA8A,leicesterindie
4700,pop,pop,leipzig indie,#FFEB91,#FFE385,leipzigindie
4701,pop,pop,lithuanian indie,#FFEB91,#FFE183,lithuanianindie
4702,pop,pop,livetronica,#FFEB91,#FEE58A,livetronica
4703,pop,pop,lo star,#FFEB91,#FFEF91,lostar
4704,pop,pop,magyar retro dance,#FFEB91,#FFE99A,magyarretrodance
4705,pop,pop,mainland chinese pop,#FFEB91,#FEE884,mainlandchinesepop
4706,pop,pop,malaysian indie,#FFEB91,#FFF279,malaysianindie
4707,pop,pop,malaysian punk,#FFEB91,#FFF5A2,malaysianpunk
4708,pop,pop,mallsoft,#FFEB91,#FFE780,mallsoft
4709,pop,pop,manchester indie,#FFEB91,#FEE983,manchesterindie
4710,pop,pop,mandopop,#FFEB91,#FFF47F,mandopop
4711,pop,pop,manso indie,#FFEB91,#FFE991,mansoindie
4712,pop,pop,melodipop,#FFEB91,#FFDE7A,melodipop
4713,pop,pop,mexican pop,#FFEB91,#FFED9B,mexicanpop
4714,pop,pop,minimal wave,#FFEB91,#FEF0A3,minimalwave
4715,pop,pop,mizo pop,#FFEB91,#FFF47F,mizopop
4716,pop,pop,mizrahi,#FFEB91,#FDEEA0,mizrahi
4717,pop,pop,modern alternative pop,#FFEB91,#FEE598,modernalternativepop
4718,pop,pop,modern dream pop,#FFEB91,#FFE6A3,moderndreampop
4719,pop,pop,modern jangle pop,#FFEB91,#FFE77B,modernjanglepop
4720,pop,pop,modern mod,#FFEB91,#FEE98A,modernmod
4721,pop,pop,modern power pop,#FFEB91,#FEDF8C,modernpowerpop
4722,pop,pop,montenegrin pop,#FFEB91,#FFEF90,montenegrinpop
4723,pop,pop,montreal indie,#FFEB91,#FFE599,montrealindie
4724,pop,pop,multidisciplinary,#FFEB91,#FEF29B,multidisciplinary
4725,pop,pop,munich indie,#FFEB91,#FDF07A,munichindie
4726,pop,pop,musica blumenauense,#FFEB91,#FFEE7A,musicablumenauense
4727,pop,pop,musica campineira,#FFEB91,#FFEB8D,musicacampineira
4728,pop,pop,musica campista,#FFEB91,#FEF4A5,musicacampista
4729,pop,pop,musica eletronica gospel,#FFEB91,#FFF07A,musicaeletronicagospel
4730,pop,pop,musica mallorquina,#FFEB91,#FDE38D,musicamallorquina
4731,pop,pop,musica puntana,#FFEB91,#FFECA3,musicapuntana
4732,pop,pop,musique mariage algerien,#FFEB91,#FFEE98,musiquemariagealgerien
4733,pop,pop,necrotrap,#FFEB91,#FEDE86,necrotrap
4734,pop,pop,neo metal,#FFEB91,#FFF7A3,neometal
4735,pop,pop,neo-synthpop,#FFEB91,#FFE49B,neosynthpop
4736,pop,pop,neo-traditional country,#FFEB91,#FEEC9C,neotraditionalcountry
4737,pop,pop,nepali indie,#FFEB91,#FEEDA4,nepaliindie
4738,pop,pop,new wave pop,#FFEB91,#FDED9D,newwavepop
4739,pop,pop,nightcore,#FFEB91,#FFECA3,nightcore
4740,pop,pop,nintendocore,#FFEB91,#FEEDA1,nintendocore
4741,pop,pop,nl folk,#FFEB91,#FEF19F,nlfolk
4742,pop,pop,north alabama indie,#FFEB91,#FDF385,northalabamaindie
4743,pop,pop,north carolina emo,#FFEB91,#FFDF7E,northcarolinaemo
4744,pop,pop,northern irish indie,#FFEB91,#FFF1A3,northernirishindie
4745,pop,pop,northwest china indie,#FFEB91,#FEF292,northwestchinaindie
4746,pop,pop,norwegian country,#FFEB91,#FEE9A4,norwegiancountry
4747,pop,pop,norwegian pop,#FFEB91,#FFF17F,norwegianpop
4748,pop,pop,nu gabber,#FFEB91,#FFEE9D,nugabber
4749,pop,pop,nu metal,#FFEB91,#FDE48C,numetal
4750,pop,pop,oc indie,#FFEB91,#FFDD7C,ocindie
4751,pop,pop,okinawan folk,#FFEB91,#FFE884,okinawanfolk
4752,pop,pop,ostrock,#FFEB91,#FFF29A,ostrock
4753,pop,pop,outsider house,#FFEB91,#FFEB9F,outsiderhouse
4754,pop,pop,pahadi pop,#FFEB91,#FFF09F,pahadipop
4755,pop,pop,pakistani indie,#FFEB91,#FFE78D,pakistaniindie
4756,pop,pop,peruvian rock,#FFEB91,#FFF17F,peruvianrock
4757,pop,pop,pink noise,#FFEB91,#FFE8A3,pinknoise
4758,pop,pop,pinoy edm,#FFEB91,#FFE599,pinoyedm
4759,pop,pop,pinoy pop punk,#FFEB91,#FFE679,pinoypoppunk
4760,pop,pop,pinoy rock,#FFEB91,#FEE49B,pinoyrock
4761,pop,pop,polish alternative,#FFEB91,#FDF2A5,polishalternative
4762,pop,pop,polish blues,#FFEB91,#FEE97F,polishblues
4763,pop,pop,polish experimental electronic,#FFEB91,#FFEA91,polishexperimentalelectronic
4764,pop,pop,polish indie rock,#FFEB91,#FFDF7E,polishindierock
4765,pop,pop,polish punk,#FFEB91,#FEE880,polishpunk
4766,pop,pop,pop,#FFEB91,#FFEB91,pop
4767,pop,pop,pop argentino,#FFEB91,#FDED9B,popargentino
4768,pop,pop,pop dance,#FFEB91,#FFDD81,popdance
4769,pop,pop,pop edm,#FFEB91,#FFE37F,popedm
4770,pop,pop,pop electronico,#FFEB91,#FFDE78,popelectronico
4771,pop,pop,pop quebecois,#FFEB91,#FFF1A1,popquebecois
4772,pop,pop,portuguese rock,#FFEB91,#FFE390,portugueserock
4773,pop,pop,post-punk argentina,#FFEB91,#FFF393,postpunkargentina
4774,pop,pop,power blues-rock,#FFEB91,#FFE480,powerbluesrock
4775,pop,pop,p-pop,#FFEB91,#FFE680,ppop
4776,pop,pop,progressive alternative,#FFEB91,#FFF07D,progressivealternative
4777,pop,pop,psychill,#FFEB91,#FFE883,psychill
4778,pop,pop,psydub,#FFEB91,#FFED8A,psydub
4779,pop,pop,pub rock,#FFEB91,#FFDC82,pubrock
4780,pop,pop,punk catala,#FFEB91,#FFE397,punkcatala
4781,pop,pop,punk colombiano,#FFEB91,#FFF2A3,punkcolombiano
4782,pop,pop,punk galego,#FFEB91,#FFF7A3,punkgalego
4783,pop,pop,punk rock italiano,#FFEB91,#FEEBA4,punkrockitaliano
4784,pop,pop,punk rock mexicano,#FFEB91,#FFF288,punkrockmexicano
4785,pop,pop,punk tico,#FFEB91,#FFEB89,punktico
4786,pop,pop,punk tuga,#FFEB91,#FDE988,punktuga
4787,pop,pop,purple sound,#FFEB91,#FEE596,purplesound
4788,pop,pop,purulia pop,#FFEB91,#FDEE95,puruliapop
4789,pop,pop,quebec punk,#FFEB91,#FFF087,quebecpunk
4790,pop,pop,reading indie,#FFEB91,#FFEF8F,readingindie
4791,pop,pop,rez country,#FFEB91,#FFF094,rezcountry
4792,pop,pop,rock alternativo espanol,#FFEB91,#FFF694,rockalternativoespanol
4793,pop,pop,rock andaluz,#FFEB91,#FFE47D,rockandaluz
4794,pop,pop,rock catarinense,#FFEB91,#FFEC7D,rockcatarinense
4795,pop,pop,rock cearense,#FFEB91,#FEF5A4,rockcearense
4796,pop,pop,rock cristao fluminense,#FFEB91,#FEE08F,rockcristaofluminense
4797,pop,pop,rock drums,#FFEB91,#FCE47E,rockdrums
4798,pop,pop,rock en asturiano,#FFEB91,#FFE179,rockenasturiano
4799,pop,pop,rock en espanol,#FFEB91,#FFE8A3,rockenespanol
4800,pop,pop,rock gaucho,#FFEB91,#FFEDA3,rockgaucho
4801,pop,pop,rock goiano,#FFEB91,#FFF2A3,rockgoiano
4802,pop,pop,rock nica,#FFEB91,#FDED83,rocknica
4803,pop,pop,rock paraense,#FFEB91,#FFE28E,rockparaense
4804,pop,pop,rockabilly en espanol,#FFEB91,#FFEF84,rockabillyenespanol
4805,pop,pop,rogaland musikk,#FFEB91,#FFF2A3,rogalandmusikk
4806,pop,pop,romantic-ballad,#FFEB91,#F8DD88,romanticballad
4807,pop,pop,rome indie,#FFEB91,#FFE57F,romeindie
4808,pop,pop,rongmei pop,#FFEB91,#FEE382,rongmeipop
4809,pop,pop,roots americana,#FFEB91,#FEDD7F,rootsamericana
4810,pop,pop,russelater,#FFEB91,#FFE591,russelater
4811,pop,pop,russian chanson,#FFEB91,#FFDD79,russianchanson
4812,pop,pop,russian electronic,#FFEB91,#FFDF7D,russianelectronic
4813,pop,pop,russian emo,#FFEB91,#FDE881,russianemo
4814,pop,pop,russian heavy metal,#FFEB91,#FFE796,russianheavymetal
4815,pop,pop,russian oi,#FFEB91,#FEF089,russianoi
4816,pop,pop,russian pop,#FFEB91,#FFE7A2,russianpop
4817,pop,pop,russian rock,#FFEB91,#FFEAA3,russianrock
4818,pop,pop,russian synthpop,#FFEB91,#FDF391,russiansynthpop
4819,pop,pop,russian trap metal,#FFEB91,#FEF5A4,russiantrapmetal
4820,pop,pop,salzburg indie,#FFEB91,#FFDA79,salzburgindie
4821,pop,pop,samurai trap,#FFEB91,#FEE59C,samuraitrap
4822,pop,pop,san diego indie,#FFEB91,#FDE685,sandiegoindie
4823,pop,pop,saxophone house,#FFEB91,#FEE884,saxophonehouse
4824,pop,pop,scandipop,#FFEB91,#FDE289,scandipop
4825,pop,pop,schlager,#FFEB91,#FFE498,schlager
4826,pop,pop,scottish rock,#FFEB91,#FEE88E,scottishrock
4827,pop,pop,shibuya-kei,#FFEB91,#FEE38C,shibuyakei
4828,pop,pop,shonen,#FFEB91,#FEE396,shonen
4829,pop,pop,shred,#FFEB91,#FFE781,shred
4830,pop,pop,singaporean electronic,#FFEB91,#FFEDA3,singaporeanelectronic
4831,pop,pop,singer/ songwriter,#FFEB91,#FFE57B,singersongwriter
4832,pop,pop,ska espanol,#FFEB91,#FFF194,skaespanol
4833,pop,pop,skate punk,#FFEB91,#FFE397,skatepunk
4834,pop,pop,slaskie piosenki,#FFEB91,#FFF283,slaskiepiosenki
4835,pop,pop,slc indie,#FFEB91,#FDDE7D,slcindie
4836,pop,pop,slovak indie,#FFEB91,#FDEA92,slovakindie
4837,pop,pop,slovak pop,#FFEB91,#FFE37D,slovakpop
4838,pop,pop,slovenian pop,#FFEB91,#FFE18C,slovenianpop
4839,pop,pop,social media pop,#FFEB91,#FFDF86,socialmediapop
4840,pop,pop,soft rock / adult contemporary,#FFEB91,#FFF182,softrockadultcontemporary
4841,pop,pop,solipsynthm,#FFEB91,#FFEE9A,solipsynthm
4842,pop,pop,sonora indie,#FFEB91,#FDEF8F,sonoraindie
4843,pop,pop,sophisti-pop,#FFEB91,#FEF09C,sophistipop
4844,pop,pop,sound team,#FFEB91,#FFEB82,soundteam
4845,pop,pop,south african punk,#FFEB91,#FFF37B,southafricanpunk
4846,pop,pop,spacesynth,#FFEB91,#FFDE78,spacesynth
4847,pop,pop,spanish electronic,#FFEB91,#FFF481,spanishelectronic
4848,pop,pop,spanish indie rock,#FFEB91,#FFF48A,spanishindierock
4849,pop,pop,spanish pop,#FFEB91,#FFE497,spanishpop
4850,pop,pop,spanish post-punk,#FFEB91,#FFE9A3,spanishpostpunk
4851,pop,pop,spanish punk,#FFEB91,#FFF19A,spanishpunk
4852,pop,pop,spanish rockabilly,#FFEB91,#FFE493,spanishrockabilly
4853,pop,pop,speedrun,#FFEB91,#FFE790,speedrun
4854,pop,pop,steampunk,#FFEB91,#FFE6A3,steampunk
4855,pop,pop,stomp pop,#FFEB91,#FFEC94,stomppop
4856,pop,pop,stutter house,#FFEB91,#FFEB94,stutterhouse
4857,pop,pop,substep,#FFEB91,#FFEF81,substep
4858,pop,pop,sunnlensk tonlist,#FFEB91,#FFF1A3,sunnlensktonlist
4859,pop,pop,suomi rock,#FFEB91,#FFE57A,suomirock
4860,pop,pop,surabaya indie,#FFEB91,#FFF17A,surabayaindie
4861,pop,pop,swedish blues,#FFEB91,#FFEF80,swedishblues
4862,pop,pop,swedish country,#FFEB91,#FFE492,swedishcountry
4863,pop,pop,swedish electropop,#FFEB91,#FDF59C,swedishelectropop
4864,pop,pop,swedish post-punk,#FFEB91,#FFEB85,swedishpostpunk
4865,pop,pop,swedish rockabilly,#FFEB91,#FFF59E,swedishrockabilly
4866,pop,pop,swedish rock-and-roll,#FFEB91,#FFEC9A,swedishrockandroll
4867,pop,pop,swedish synthpop,#FFEB91,#FDEB99,swedishsynthpop
4868,pop,pop,swiss country,#FFEB91,#FFECA3,swisscountry
4869,pop,pop,swiss punk,#FFEB91,#FFF397,swisspunk
4870,pop,pop,sydney indie,#FFEB91,#FFE69E,sydneyindie
4871,pop,pop,synthpop,#FFEB91,#FEE6A4,synthpop
4872,pop,pop,taiwan pop,#FFEB91,#FEE495,taiwanpop
4873,pop,pop,taiwanese indie,#FFEB91,#FFF27A,taiwaneseindie
4874,pop,pop,taiwanese pop,#FFEB91,#FDEA83,taiwanesepop
4875,pop,pop,tatar pop,#FFEB91,#FFE788,tatarpop
4876,pop,pop,tearout,#FFEB91,#FFE7A2,tearout
4877,pop,pop,tempe indie,#FFEB91,#FFED7C,tempeindie
4878,pop,pop,thai folk pop,#FFEB91,#FFED89,thaifolkpop
4879,pop,pop,thai indie,#FFEB91,#FFF59F,thaiindie
4880,pop,pop,thai worship,#FFEB91,#FEE595,thaiworship
4881,pop,pop,t-pop girl group,#FFEB91,#FEF292,tpopgirlgroup
4882,pop,pop,trondersk musikk,#FFEB91,#FEE392,tronderskmusikk
4883,pop,pop,tropical house,#FFEB91,#FFED9B,tropicalhouse
4884,pop,pop,tulsa indie,#FFEB91,#FFF079,tulsaindie
4885,pop,pop,turbo folk,#FFEB91,#FFE982,turbofolk
4886,pop,pop,turkish metal,#FFEB91,#FEF295,turkishmetal
4887,pop,pop,turkish rock,#FFEB91,#FFF487,turkishrock
4888,pop,pop,uae indie,#FFEB91,#FFDF8D,uaeindie
4889,pop,pop,uk dance,#FFEB91,#FFE98A,ukdance
4890,pop,pop,uk experimental electronic,#FFEB91,#FFE18B,ukexperimentalelectronic
4891,pop,pop,uk post-punk revival,#FFEB91,#FFF79E,ukpostpunkrevival
4892,pop,pop,ukrainian experimental,#FFEB91,#FFDE7C,ukrainianexperimental
4893,pop,pop,ukrainian phonk,#FFEB91,#FFE888,ukrainianphonk
4894,pop,pop,ukrainian pop,#FFEB91,#FFF4A3,ukrainianpop
4895,pop,pop,ukrainian rock,#FFEB91,#FDEA83,ukrainianrock
4896,pop,pop,uruguayan indie,#FFEB91,#FDDE8C,uruguayanindie
4897,pop,pop,vapor soul,#FFEB91,#FEF6A0,vaporsoul
4898,pop,pop,vapor twitch,#FFEB91,#FDDC7D,vaportwitch
4899,pop,pop,varmland rock,#FFEB91,#FFE88B,varmlandrock
4900,pop,pop,vegas indie,#FFEB91,#FDF180,vegasindie
4901,pop,pop,venezuelan indie,#FFEB91,#FEE988,venezuelanindie
4902,pop,pop,vienna indie,#FFEB91,#FDEC7E,viennaindie
4903,pop,pop,viet edm,#FFEB91,#FEDB7C,vietedm
4904,pop,pop,voetbal,#FFEB91,#FFF698,voetbal
4905,pop,pop,volkstumliche musik,#FFEB91,#FFEAA3,volkstumlichemusik
4906,pop,pop,weightless,#FFEB91,#FEF394,weightless
4907,pop,pop,welsh rock,#FFEB91,#FEEA81,welshrock
4908,pop,pop,world chill,#FFEB91,#FFEB7B,worldchill
4909,pop,pop,world fusion,#FFEB91,#FDF088,worldfusion
4910,pop,pop,wyoming roots,#FFEB91,#FDE499,wyomingroots
4911,pop,pop,yugoslav rock,#FFEB91,#FFDF7A,yugoslavrock
4912,pop,pop,yuri,#FFEB91,#FFF1A3,yuri
4913,pop,pop,zim gospel,#FFEB91,#FEF199,zimgospel
4914,pop,pop,zolo,#FFEB91,#FFF28F,zolo
4915,pop,pop,zomi pop,#FFEB91,#FEE48F,zomipop
4916,heavy / experimental,pop punk,canadian pop punk,#D0802F,#CE802E,canadianpoppunk
4917,heavy / experimental,pop punk,chicago pop punk,#D0802F,#CC9634,chicagopoppunk
4918,heavy / experimental,pop punk,japanese pop punk,#D0802F,#A77A22,japanesepoppunk
4919,heavy / experimental,pop punk,swedish pop punk,#D0802F,#B8852E,swedishpoppunk
4920,heavy / experimental,pop punk,texas pop punk,#D0802F,#C99432,texaspoppunk
4921,heavy / experimental,pop punk,uk pop punk,#D0802F,#B26B23,ukpoppunk
4922,rock,portuguese indie,portuguese indie rock,#DCB250,#DCA64C,portugueseindierock
4923,heavy / experimental,power metal,brazilian power metal,#D0802F,#BC4E2A,brazilianpowermetal
4924,heavy / experimental,power metal,british power metal,#D0802F,#B76A2B,britishpowermetal
4925,heavy / experimental,power metal,christian power metal,#D0802F,#A35124,christianpowermetal
4926,heavy / experimental,power metal,finnish power metal,#D0802F,#A25824,finnishpowermetal
4927,heavy / experimental,power metal,german power metal,#D0802F,#B86628,germanpowermetal
4928,heavy / experimental,power metal,italian power metal,#D0802F,#9A6127,italianpowermetal
4929,heavy / experimental,power metal,japanese power metal,#D0802F,#B3722E,japanesepowermetal
4930,heavy / experimental,power metal,melodic power metal,#D0802F,#A55222,melodicpowermetal
4931,heavy / experimental,power metal,mexican power metal,#D0802F,#BE782B,mexicanpowermetal
4932,heavy / experimental,power metal,progressive power metal,#D0802F,#A45B2A,progressivepowermetal
4933,heavy / experimental,power metal,russian power metal,#D0802F,#CD6E2E,russianpowermetal
4934,heavy / experimental,power metal,swedish power metal,#D0802F,#BF6B28,swedishpowermetal
4935,heavy / experimental,power metal,symphonic power metal,#D0802F,#BA5E2D,symphonicpowermetal
4936,heavy / experimental,power metal,us power metal,#D0802F,#B84E2A,uspowermetal
4937,rock,power pop,underground power pop,#DCB250,#E5AF58,undergroundpowerpop
4938,heavy / experimental,progressive metal,brazilian progressive metal,#D0802F,#D69E49,brazilianprogressivemetal
4939,heavy / experimental,progressive metal,finnish progressive metal,#D0802F,#D58B3E,finnishprogressivemetal
4940,heavy / experimental,progressive metal,instrumental progressive metal,#D0802F,#B9892C,instrumentalprogressivemetal
4941,heavy / experimental,progressive metal,italian progressive metal,#D0802F,#D19037,italianprogressivemetal
4942,heavy / experimental,progressive metal,melodic progressive metal,#D0802F,#C28928,melodicprogressivemetal
4943,heavy / experimental,progressive metal,swedish progressive metal,#D0802F,#D28B28,swedishprogressivemetal
4944,rock,progressive rock,finnish progressive rock,#DCB250,#D7A12C,finnishprogressiverock
4945,rock,progressive rock,italian progressive rock,#DCB250,#DBA92A,italianprogressiverock
4946,rock,psychedelic rock,greek psychedelic rock,#DCB250,#D7AE2F,greekpsychedelicrock
4947,rock,punk,argentine punk,#DCB250,#E0A94B,argentinepunk
4948,rock,punk,arizona punk,#DCB250,#E2B35C,arizonapunk
4949,rock,punk,art punk,#DCB250,#D69831,artpunk
4950,rock,punk,atlanta punk,#DCB250,#D6B02E,atlantapunk
4951,rock,punk,balkan post-punk,#DCB250,#D8B532,balkanpostpunk
4952,rock,punk,balkan punk,#DCB250,#E0A054,balkanpunk
4953,rock,punk,brisbane punk,#DCB250,#E1B04B,brisbanepunk
4954,rock,punk,danish punk,#DCB250,#DEA254,danishpunk
4955,rock,punk,deep power-pop punk,#DCB250,#D7BA3A,deeppowerpoppunk
4956,rock,punk,dutch punk,#DCB250,#DCA74C,dutchpunk
4957,rock,punk,egg punk,#DCB250,#D99A41,eggpunk
4958,rock,punk,german street punk,#DCB250,#DD8B2A,germanstreetpunk
4959,rock,punk,horror punk,#DCB250,#E3A94B,horrorpunk
4960,rock,punk,irish punk,#DCB250,#D89536,irishpunk
4961,rock,punk,italian punk,#DCB250,#DBBA34,italianpunk
4962,rock,punk,melbourne punk,#DCB250,#DABE48,melbournepunk
4963,rock,punk,punk chileno,#DCB250,#DEA026,punkchileno
4964,rock,punk,street punk espanol,#DCB250,#D9AF44,streetpunkespanol
4965,rock,punk,swedish punk,#DCB250,#D68731,swedishpunk
4966,rock,punk,turkish punk,#DCB250,#DBA640,turkishpunk
4967,rock,punk,uk post-punk,#DCB250,#DCB32C,ukpostpunk
4968,rock,punk / wave,5th wave emo,#DCB250,#D4B63B,5thwaveemo
4969,rock,punk / wave,alternative hardcore,#DCB250,#E0BD65,alternativehardcore
4970,rock,punk / wave,ambient trance,#DCB250,#D7B24B,ambienttrance
4971,rock,punk / wave,"anarcho-punk, crust, & d-beat",#DCB250,#DBC25A,"anarchopunk,crust,&dbeat"
4972,rock,punk / wave,anime latino,#DCB250,#DB9F3E,animelatino
4973,rock,punk / wave,argentine indie rock,#DCB250,#E1B655,argentineindierock
4974,rock,punk / wave,asbury park indie,#DCB250,#E0A750,asburyparkindie
4975,rock,punk / wave,auckland indie,#DCB250,#DFB14F,aucklandindie
4976,rock,punk / wave,austin rock,#DCB250,#DFC04E,austinrock
4977,rock,punk / wave,austindie,#DCB250,#D49540,austindie
4978,rock,punk / wave,australian rock,#DCB250,#D8A040,australianrock
4979,rock,punk / wave,azeri alternative,#DCB250,#D9BB42,azerialternative
4980,rock,punk / wave,basel indie,#DCB250,#E1C259,baselindie
4981,rock,punk / wave,belfast indie,#DCB250,#DCA957,belfastindie
4982,rock,punk / wave,belgian indie,#DCB250,#DABD3F,belgianindie
4983,rock,punk / wave,bisaya indie,#DCB250,#D8A43D,bisayaindie
4984,rock,punk / wave,brazilian emo,#DCB250,#DABA38,brazilianemo
4985,rock,punk / wave,brazilian hardcore,#DCB250,#DCC55A,brazilianhardcore
4986,rock,punk / wave,brazilian rockabilly,#DCB250,#D59A3A,brazilianrockabilly
4987,rock,punk / wave,brazilian stoner rock,#DCB250,#DDA659,brazilianstonerrock
4988,rock,punk / wave,candy pop,#DCB250,#D9B351,candypop
4989,rock,punk / wave,cantopop,#DCB250,#E4BB64,cantopop
4990,rock,punk / wave,cape breton indie,#DCB250,#D9AE58,capebretonindie
4991,rock,punk / wave,channel islands indie,#DCB250,#D9A436,channelislandsindie
4992,rock,punk / wave,chattanooga indie,#DCB250,#D6B63B,chattanoogaindie
4993,rock,punk / wave,chilean hardcore,#DCB250,#D9C054,chileanhardcore
4994,rock,punk / wave,chill breakcore,#DCB250,#DEA64D,chillbreakcore
4995,rock,punk / wave,chinese indie rock,#DCB250,#DEA248,chineseindierock
4996,rock,punk / wave,chinese singer-songwriter,#DCB250,#D4B83C,chinesesingersongwriter
4997,rock,punk / wave,chiptune,#DCB250,#D3A53C,chiptune
4998,rock,punk / wave,christian thrash metal,#DCB250,#D9B946,christianthrashmetal
4999,rock,punk / wave,classic bulgarian pop,#DCB250,#DEBF67,classicbulgarianpop
5000,rock,punk / wave,classic canadian rock,#DCB250,#E2B059,classiccanadianrock
5001,rock,punk / wave,classic indo pop,#DCB250,#D8BE4E,classicindopop
5002,rock,punk / wave,classic indonesian rock,#DCB250,#DAB359,classicindonesianrock
5003,rock,punk / wave,classic j-pop,#DCB250,#E1AC62,classicjpop
5004,rock,punk / wave,classic malaysian pop,#DCB250,#D9A64B,classicmalaysianpop
5005,rock,punk / wave,coldwave,#DCB250,#DBB355,coldwave
5006,rock,punk / wave,collage pop,#DCB250,#DBB937,collagepop
5007,rock,punk / wave,columbus ohio indie,#DCB250,#E0A74C,columbusohioindie
5008,rock,punk / wave,country quebecois,#DCB250,#E3C761,countryquebecois
5009,rock,punk / wave,coventry indie,#DCB250,#DFB354,coventryindie
5010,rock,punk / wave,croatian pop,#DCB250,#DCA136,croatianpop
5011,rock,punk / wave,czech indie,#DCB250,#DDB847,czechindie
5012,rock,punk / wave,czech pop,#DCB250,#E1BB55,czechpop
5013,rock,punk / wave,dallas indie,#DCB250,#DDBC61,dallasindie
5014,rock,punk / wave,danish alternative rock,#DCB250,#DCBA4D,danishalternativerock
5015,rock,punk / wave,dark pop,#DCB250,#DDAD5D,darkpop
5016,rock,punk / wave,dc indie,#DCB250,#DDBD50,dcindie
5017,rock,punk / wave,deathstep,#DCB250,#E3C85B,deathstep
5018,rock,punk / wave,delaware indie,#DCB250,#E1B358,delawareindie
5019,rock,punk / wave,devon indie,#DCB250,#DDBC4C,devonindie
5020,rock,punk / wave,diy emo,#DCB250,#E1C463,diyemo
5021,rock,punk / wave,doujin,#DCB250,#DFC360,doujin
5022,rock,punk / wave,downtempo fusion,#DCB250,#DAB037,downtempofusion
5023,rock,punk / wave,dub metal,#DCB250,#DDB061,dubmetal
5024,rock,punk / wave,dutch rock,#DCB250,#E2B862,dutchrock
5025,rock,punk / wave,el paso indie,#DCB250,#E1C25A,elpasoindie
5026,rock,punk / wave,emoplugg,#DCB250,#DBB951,emoplugg
5027,rock,punk / wave,epicore,#DCB250,#DEC261,epicore
5028,rock,punk / wave,epunk,#DCB250,#DDAE5D,epunk
5029,rock,punk / wave,etherpop,#DCB250,#DCB951,etherpop
5030,rock,punk / wave,euskal rock,#DCB250,#D8A353,euskalrock
5031,rock,punk / wave,finnish pop,#DCB250,#E2C259,finnishpop
5032,rock,punk / wave,firenze indie,#DCB250,#DFAB4B,firenzeindie
5033,rock,punk / wave,flashcore,#DCB250,#E0BC5E,flashcore
5034,rock,punk / wave,french synthpop,#DCB250,#DAB84D,frenchsynthpop
5035,rock,punk / wave,garage psych,#DCB250,#DBBB3C,garagepsych
5036,rock,punk / wave,garage rock revival,#DCB250,#DBBD37,garagerockrevival
5037,rock,punk / wave,glam metal,#DCB250,#DBA142,glammetal
5038,rock,punk / wave,glitchcore,#DCB250,#DAB347,glitchcore
5039,rock,punk / wave,gothabilly,#DCB250,#D8953A,gothabilly
5040,rock,punk / wave,greenlandic pop,#DCB250,#DDBA68,greenlandicpop
5041,rock,punk / wave,groove gospel,#DCB250,#DAB13D,groovegospel
5042,rock,punk / wave,halifax indie,#DCB250,#DFC054,halifaxindie
5043,rock,punk / wave,hamilton on indie,#DCB250,#E0AC55,hamiltononindie
5044,rock,punk / wave,hardwave,#DCB250,#D9A251,hardwave
5045,rock,punk / wave,hexd,#DCB250,#D8AF52,hexd
5046,rock,punk / wave,hong kong indie,#DCB250,#DAA44C,hongkongindie
5047,rock,punk / wave,horror punk & psychobilly,#DCB250,#E1B158,horrorpunk&psychobilly
5048,rock,punk / wave,hypertrance,#DCB250,#D8B64C,hypertrance
5049,rock,punk / wave,icelandic rock,#DCB250,#E0AD55,icelandicrock
5050,rock,punk / wave,idol,#DCB250,#DBBB62,idol
5051,rock,punk / wave,indie emo,#DCB250,#D69E39,indieemo
5052,rock,punk / wave,indie fuzzpop,#DCB250,#E0B34B,indiefuzzpop
5053,rock,punk / wave,indie nordeste argentino,#DCB250,#D99D45,indienordesteargentino
5054,rock,punk / wave,indie platense,#DCB250,#DAA63B,indieplatense
5055,rock,punk / wave,indie poblano,#DCB250,#D7B544,indiepoblano
5056,rock,punk / wave,indie poptimism,#DCB250,#DCA63C,indiepoptimism
5057,rock,punk / wave,indie tico,#DCB250,#D8B556,indietico
5058,rock,punk / wave,indie trujillano,#DCB250,#DCB757,indietrujillano
5059,rock,punk / wave,indie tucumano,#DCB250,#D89942,indietucumano
5060,rock,punk / wave,indietronica,#DCB250,#D6B542,indietronica
5061,rock,punk / wave,indonesian hardcore,#DCB250,#DA973B,indonesianhardcore
5062,rock,punk / wave,indonesian indie pop,#DCB250,#D8BC4E,indonesianindiepop
5063,rock,punk / wave,indonesian neo-psychedelia,#DCB250,#DFAA62,indonesianneopsychedelia
5064,rock,punk / wave,instrumental math rock,#DCB250,#D9C051,instrumentalmathrock
5065,rock,punk / wave,irish hardcore,#DCB250,#DFB766,irishhardcore
5066,rock,punk / wave,irish pop,#DCB250,#DDA552,irishpop
5067,rock,punk / wave,isle of wight indie,#DCB250,#E3B15D,isleofwightindie
5068,rock,punk / wave,italian emo,#DCB250,#DDBF5B,italianemo
5069,rock,punk / wave,italian ska,#DCB250,#DFB067,italianska
5070,rock,punk / wave,japanese math rock,#DCB250,#DFA951,japanesemathrock
5071,rock,punk / wave,japanese singer-songwriter,#DCB250,#DDB36C,japanesesingersongwriter
5072,rock,punk / wave,j-division,#DCB250,#E2C464,jdivision
5073,rock,punk / wave,kalmar indie,#DCB250,#E2B659,kalmarindie
5074,rock,punk / wave,kansas indie,#DCB250,#DABC3B,kansasindie
5075,rock,punk / wave,kyushu indie,#DCB250,#DFB75B,kyushuindie
5076,rock,punk / wave,lafayette indie,#DCB250,#DCC164,lafayetteindie
5077,rock,punk / wave,lagu bugis,#DCB250,#DFC067,lagubugis
5078,rock,punk / wave,lancashire indie,#DCB250,#D8A646,lancashireindie
5079,rock,punk / wave,latin arena pop,#DCB250,#DFC063,latinarenapop
5080,rock,punk / wave,latin metal,#DCB250,#DBBD61,latinmetal
5081,rock,punk / wave,latin worship,#DCB250,#D9AD4A,latinworship
5082,rock,punk / wave,little rock indie,#DCB250,#D6B33B,littlerockindie
5083,rock,punk / wave,london on indie,#DCB250,#DBB63F,londononindie
5084,rock,punk / wave,macau pop,#DCB250,#D9B33D,macaupop
5085,rock,punk / wave,macedonian rock,#DCB250,#DDC351,macedonianrock
5086,rock,punk / wave,malmo indie,#DCB250,#D3943C,malmoindie
5087,rock,punk / wave,maltese pop,#DCB250,#DCC049,maltesepop
5088,rock,punk / wave,math pop,#DCB250,#DBA858,mathpop
5089,rock,punk / wave,metal ecuatoriano,#DCB250,#D6A845,metalecuatoriano
5090,rock,punk / wave,metal guitar,#DCB250,#DFA94C,metalguitar
5091,rock,punk / wave,mexican indie,#DCB250,#D99F38,mexicanindie
5092,rock,punk / wave,mexican rock,#DCB250,#D3953F,mexicanrock
5093,rock,punk / wave,mod revival,#DCB250,#DDA543,modrevival
5094,rock,punk / wave,modern country pop,#DCB250,#DEA24A,moderncountrypop
5095,rock,punk / wave,modern southern rock,#DCB250,#DBAF54,modernsouthernrock
5096,rock,punk / wave,mongolian alternative,#DCB250,#DDB93D,mongolianalternative
5097,rock,punk / wave,monterrey indie,#DCB250,#D7A24C,monterreyindie
5098,rock,punk / wave,mumbai indie,#DCB250,#D8B246,mumbaiindie
5099,rock,punk / wave,musical advocacy,#DCB250,#E1CA5F,musicaladvocacy
5100,rock,punk / wave,neo grime,#DCB250,#E0B358,neogrime
5101,rock,punk / wave,neo mellow,#DCB250,#DDA64E,neomellow
5102,rock,punk / wave,new england emo,#DCB250,#D4A942,newenglandemo
5103,rock,punk / wave,new hampshire indie,#DCB250,#E2C958,newhampshireindie
5104,rock,punk / wave,new wave,#DCB250,#D4A540,newwave
5105,rock,punk / wave,no wave,#DCB250,#DFB75A,nowave
5106,rock,punk / wave,north east england indie,#DCB250,#D9A436,northeastenglandindie
5107,rock,punk / wave,nova musica amazonense,#DCB250,#DFC047,novamusicaamazonense
5108,rock,punk / wave,nz alternative rock,#DCB250,#D8AD4E,nzalternativerock
5109,rock,punk / wave,nz indie,#DCB250,#DFC462,nzindie
5110,rock,punk / wave,oi,#DCB250,#DEC148,oi
5111,rock,punk / wave,okinawan pop,#DCB250,#D7BD44,okinawanpop
5112,rock,punk / wave,oklahoma country,#DCB250,#DCA038,oklahomacountry
5113,rock,punk / wave,one-person band,#DCB250,#DDAA5F,onepersonband
5114,rock,punk / wave,orlando indie,#DCB250,#D8A048,orlandoindie
5115,rock,punk / wave,ottawa indie,#DCB250,#DDC063,ottawaindie
5116,rock,punk / wave,oulu indie,#DCB250,#D79D3C,ouluindie
5117,rock,punk / wave,pakistani rock,#DCB250,#DC9E35,pakistanirock
5118,rock,punk / wave,permanent wave,#DCB250,#E1B361,permanentwave
5119,rock,punk / wave,persian rock,#DCB250,#DDB25A,persianrock
5120,rock,punk / wave,perth indie,#DCB250,#D89C39,perthindie
5121,rock,punk / wave,pinoy alternative rock,#DCB250,#DABC59,pinoyalternativerock
5122,rock,punk / wave,pinoy shoegaze,#DCB250,#D8BE4D,pinoyshoegaze
5123,rock,punk / wave,pittsburgh indie rock,#DCB250,#DDC464,pittsburghindierock
5124,rock,punk / wave,polish pop,#DCB250,#DCBC58,polishpop
5125,rock,punk / wave,polish rock,#DCB250,#DFAC4E,polishrock
5126,rock,punk / wave,polish synthpop,#DCB250,#DEC360,polishsynthpop
5127,rock,punk / wave,pontianak indie,#DCB250,#DFB263,pontianakindie
5128,rock,punk / wave,portuguese indie,#DCB250,#D9A351,portugueseindie
5129,rock,punk / wave,post-punk,#DCB250,#D79A3B,postpunk
5130,rock,punk / wave,power pop,#DCB250,#E0A450,powerpop
5131,rock,punk / wave,prague indie,#DCB250,#DCB14A,pragueindie
5132,rock,punk / wave,pub rock & proto punk,#DCB250,#DBB138,pubrock&protopunk
5133,rock,punk / wave,puglia indie,#DCB250,#E2B25E,pugliaindie
5134,rock,punk / wave,punk,#DCB250,#DDA840,punk
5135,rock,punk / wave,punk rock,#DCB250,#DBAD59,punkrock
5136,rock,punk / wave,quebec indie,#DCB250,#D8BA47,quebecindie
5137,rock,punk / wave,queercore,#DCB250,#E2C25A,queercore
5138,rock,punk / wave,rebel blues,#DCB250,#E2B15C,rebelblues
5139,rock,punk / wave,rhythm game,#DCB250,#DDA941,rhythmgame
5140,rock,punk / wave,rock abc paulista,#DCB250,#DBAC3A,rockabcpaulista
5141,rock,punk / wave,rock alternatif francais,#DCB250,#DAA53A,rockalternatiffrancais
5142,rock,punk / wave,rock caipira,#DCB250,#DDB13F,rockcaipira
5143,rock,punk / wave,rock catracho,#DCB250,#E1BF5C,rockcatracho
5144,rock,punk / wave,rock potiguar,#DCB250,#DCB75D,rockpotiguar
5145,rock,punk / wave,rock sergipano,#DCB250,#D7A64D,rocksergipano
5146,rock,punk / wave,russian ccm,#DCB250,#D7B43C,russianccm
5147,rock,punk / wave,russian drain,#DCB250,#DABD4A,russiandrain
5148,rock,punk / wave,san marcos tx indie,#DCB250,#D9983B,sanmarcostxindie
5149,rock,punk / wave,seinen,#DCB250,#D6A93F,seinen
5150,rock,punk / wave,serbian indie,#DCB250,#DDC368,serbianindie
5151,rock,punk / wave,shimmer pop,#DCB250,#E0AA57,shimmerpop
5152,rock,punk / wave,shiver pop,#DCB250,#DCBE4B,shiverpop
5153,rock,punk / wave,sinaloa indie,#DCB250,#DAB456,sinaloaindie
5154,rock,punk / wave,slovenian indie,#DCB250,#D79D4C,slovenianindie
5155,rock,punk / wave,slovenian rock,#DCB250,#D79439,slovenianrock
5156,rock,punk / wave,soft rock,#DCB250,#E1B467,softrock
5157,rock,punk / wave,south borneo indie,#DCB250,#E4B161,southborneoindie
5158,rock,punk / wave,southeast asian post-rock,#DCB250,#DFC968,southeastasianpostrock
5159,rock,punk / wave,sovietwave,#DCB250,#E4B661,sovietwave
5160,rock,punk / wave,spanish folk rock,#DCB250,#D89737,spanishfolkrock
5161,rock,punk / wave,spanish pop rock,#DCB250,#DFB04F,spanishpoprock
5162,rock,punk / wave,spanish progressive rock,#DCB250,#D59E43,spanishprogressiverock
5163,rock,punk / wave,stomp and whittle,#DCB250,#E0AB5B,stompandwhittle
5164,rock,punk / wave,stuttgart indie,#DCB250,#DAB038,stuttgartindie
5165,rock,punk / wave,sulawesi indie,#DCB250,#DBA53C,sulawesiindie
5166,rock,punk / wave,swansea indie,#DCB250,#DBBE54,swanseaindie
5167,rock,punk / wave,swedish idol pop,#DCB250,#DCC669,swedishidolpop
5168,rock,punk / wave,swedish indie pop,#DCB250,#D9BF53,swedishindiepop
5169,rock,punk / wave,swedish indie rock,#DCB250,#DBA845,swedishindierock
5170,rock,punk / wave,swiss rock,#DCB250,#DEAE5E,swissrock
5171,rock,punk / wave,synthpop & new romantics,#DCB250,#D8A644,synthpop&newromantics
5172,rock,punk / wave,taiwan idol pop,#DCB250,#DEBB5D,taiwanidolpop
5173,rock,punk / wave,taiwan indie,#DCB250,#DAAA5A,taiwanindie
5174,rock,punk / wave,talent show,#DCB250,#DFBE48,talentshow
5175,rock,punk / wave,tampa indie,#DCB250,#DAA247,tampaindie
5176,rock,punk / wave,thai rock,#DCB250,#DEBC5B,thairock
5177,rock,punk / wave,thai shoegaze,#DCB250,#DFB84B,thaishoegaze
5178,rock,punk / wave,turin indie,#DCB250,#DDB63E,turinindie
5179,rock,punk / wave,turkish alternative,#DCB250,#DEAE43,turkishalternative
5180,rock,punk / wave,twin cities indie,#DCB250,#E2B85C,twincitiesindie
5181,rock,punk / wave,ukrainian ccm,#DCB250,#DFA756,ukrainianccm
5182,rock,punk / wave,umea indie,#DCB250,#DCB752,umeaindie
5183,rock,punk / wave,victoria bc indie,#DCB250,#E2B960,victoriabcindie
5184,rock,punk / wave,wave,#DCB250,#DFC360,wave
5185,rock,punk / wave,worcester ma indie,#DCB250,#E2B266,worcestermaindie
5186,rock,punk / wave,wrestling,#DCB250,#DDAC5D,wrestling
5187,rock,punk / wave,wuhan indie,#DCB250,#DCBC54,wuhanindie
5188,rock,punk / wave,york indie,#DCB250,#D7BA50,yorkindie
5189,rhythm music,r&b,afro r&b,#66CC99,#55CAA0,afror&b
5190,rhythm music,r&b,australian r&b,#66CC99,#5AD090,australianr&b
5191,rhythm music,r&b,bulgarian r&b,#66CC99,#3CBD7D,bulgarianr&b
5192,rhythm music,r&b,chill r&b,#66CC99,#56CFA0,chillr&b
5193,rhythm music,r&b,deep smooth r&b,#66CC99,#40C87C,deepsmoothr&b
5194,rhythm music,r&b,dutch r&b,#66CC99,#67CCA6,dutchr&b
5195,rhythm music,r&b,experimental r&b,#66CC99,#3DC57C,experimentalr&b
5196,rhythm music,r&b,german r&b,#66CC99,#4CCD95,germanr&b
5197,rhythm music,r&b,indie r&b,#66CC99,#45C78D,indier&b
5198,rhythm music,r&b,japanese r&b,#66CC99,#46CC9C,japaneser&b
5199,rhythm music,r&b,korean r&b,#66CC99,#3DBC90,koreanr&b
5200,rhythm music,r&b,neo r&b,#66CC99,#3AC77F,neor&b
5201,rhythm music,r&b,pinoy r&b,#66CC99,#52C98D,pinoyr&b
5202,rhythm music,r&b,pop r&b,#66CC99,#44C37C,popr&b
5203,rhythm music,r&b,r&b francais,#66CC99,#47CA9C,r&bfrancais
5204,rhythm music,r&b,scandinavian r&b,#66CC99,#41C8A0,scandinavianr&b
5205,rhythm music,r&b,south african r&b,#66CC99,#48CD98,southafricanr&b
5206,rhythm music,r&b,uk contemporary r&b,#66CC99,#52CB9B,ukcontemporaryr&b
5207,rap / hip hop,rap,aesthetic rap,#843D79,#8B4085,aestheticrap
5208,rap / hip hop,rap,afghan rap,#843D79,#823673,afghanrap
5209,rap / hip hop,rap,alabama rap,#843D79,#A3489E,alabamarap
5210,rap / hip hop,rap,anime rap,#843D79,#80337B,animerap
5211,rap / hip hop,rap,antilliaanse rap,#843D79,#8A3A89,antilliaanserap
5212,rap / hip hop,rap,baton rouge rap,#843D79,#843880,batonrougerap
5213,rap / hip hop,rap,cali rap,#843D79,#A1429A,calirap
5214,rap / hip hop,rap,chicano rap,#843D79,#873981,chicanorap
5215,rap / hip hop,rap,cincinnati rap,#843D79,#A2498D,cincinnatirap
5216,rap / hip hop,rap,comedy rap,#843D79,#88417F,comedyrap
5217,rap / hip hop,rap,dfw rap,#843D79,#924283,dfwrap
5218,rap / hip hop,rap,dirty south rap,#843D79,#8A417F,dirtysouthrap
5219,rap / hip hop,rap,dirty texas rap,#843D79,#913B81,dirtytexasrap
5220,rap / hip hop,rap,dmv rap,#843D79,#7F3570,dmvrap
5221,rap / hip hop,rap,dutch rap pop,#843D79,#914481,dutchrappop
5222,rap / hip hop,rap,florida rap,#843D79,#9E3F9B,floridarap
5223,rap / hip hop,rap,gangster rap,#843D79,#9F409E,gangsterrap
5224,rap / hip hop,rap,german cloud rap,#843D79,#994588,germancloudrap
5225,rap / hip hop,rap,houston rap,#843D79,#823980,houstonrap
5226,rap / hip hop,rap,jazz rap,#843D79,#923C8C,jazzrap
5227,rap / hip hop,rap,josei rap,#843D79,#8E4389,joseirap
5228,rap / hip hop,rap,maga rap,#843D79,#8B3D7F,magarap
5229,rap / hip hop,rap,malaysian tamil rap,#843D79,#964591,malaysiantamilrap
5230,rap / hip hop,rap,melodic rap,#843D79,#A14791,melodicrap
5231,rap / hip hop,rap,meme rap,#843D79,#7E346F,memerap
5232,rap / hip hop,rap,military rap,#843D79,#823982,militaryrap
5233,rap / hip hop,rap,new orleans rap,#843D79,#913F88,neworleansrap
5234,rap / hip hop,rap,nz gangsta rap,#843D79,#873986,nzgangstarap
5235,rap / hip hop,rap,ottawa rap,#843D79,#8F3985,ottawarap
5236,rap / hip hop,rap,pinoy alternative rap,#843D79,#983D82,pinoyalternativerap
5237,rap / hip hop,rap,polish underground rap,#843D79,#98498D,polishundergroundrap
5238,rap / hip hop,rap,pop rap,#843D79,#A24A93,poprap
5239,rap / hip hop,rap,rap burkinabe,#843D79,#7F3A71,rapburkinabe
5240,rap / hip hop,rap,rap canario,#843D79,#8B3B7A,rapcanario
5241,rap / hip hop,rap,rap cristiano,#843D79,#A54490,rapcristiano
5242,rap / hip hop,rap,rap df,#843D79,#8E437D,rapdf
5243,rap / hip hop,rap,rap ecuatoriano,#843D79,#9C4499,rapecuatoriano
5244,rap / hip hop,rap,rap femenino mexicano,#843D79,#8C408B,rapfemeninomexicano
5245,rap / hip hop,rap,rap latina,#843D79,#A54698,raplatina
5246,rap / hip hop,rap,rap maromba,#843D79,#8A3978,rapmaromba
5247,rap / hip hop,rap,rap moldovenesc,#843D79,#963C85,rapmoldovenesc
5248,rap / hip hop,rap,rap motywacja,#843D79,#9B4A8E,rapmotywacja
5249,rap / hip hop,rap,rap nacional antigo,#843D79,#994892,rapnacionalantigo
5250,rap / hip hop,rap,rap nica,#843D79,#833677,rapnica
5251,rap / hip hop,rap,rap paraguayo,#843D79,#9A428E,rapparaguayo
5252,rap / hip hop,rap,rap regio,#843D79,#93438D,rapregio
5253,rap / hip hop,rap,rap salvadoreno,#843D79,#99488C,rapsalvadoreno
5254,rap / hip hop,rap,rap sardegna,#843D79,#803B73,rapsardegna
5255,rap / hip hop,rap,rap underground mexicano,#843D79,#914580,rapundergroundmexicano
5256,rap / hip hop,rap,rap uruguayo,#843D79,#A04A92,rapuruguayo
5257,rap / hip hop,rap,san antonio rap,#843D79,#7B3B77,sanantoniorap
5258,rap / hip hop,rap,san diego rap,#843D79,#823B7D,sandiegorap
5259,rap / hip hop,rap,scam rap,#843D79,#904285,scamrap
5260,rap / hip hop,rap,schweizer rap,#843D79,#9F4392,schweizerrap
5261,rap / hip hop,rap,texas latin rap,#843D79,#9F488D,texaslatinrap
5262,rap / hip hop,rap,toronto rap,#843D79,#933C85,torontorap
5263,rap / hip hop,rap,turkce kadin rap,#843D79,#9F4393,turkcekadinrap
5264,rap / hip hop,rap,viral rap,#843D79,#7B377B,viralrap
5265,rap / hip hop,rap,west coast rap,#843D79,#9E4695,westcoastrap
5266,rap / hip hop,rap / hip hop,"(dirty) south rap, crunk & snap",#843D79,#8E4582,"dirtysouthrap,crunk&snap"
5267,rap / hip hop,rap / hip hop,(west coast) gangsta rap,#843D79,#7A3776,westcoastgangstarap
5268,rap / hip hop,rap / hip hop,acid jazz,#843D79,#8F458B,acidjazz
5269,rap / hip hop,rap / hip hop,african reggae,#843D79,#803C75,africanreggae
5270,rap / hip hop,rap / hip hop,afro soul,#843D79,#8D4688,afrosoul
5271,rap / hip hop,rap / hip hop,afrofuturismo brasileiro,#843D79,#8E3D7E,afrofuturismobrasileiro
5272,rap / hip hop,rap / hip hop,anime drill,#843D79,#7D3972,animedrill
5273,rap / hip hop,rap / hip hop,argentine reggae,#843D79,#853A74,argentinereggae
5274,rap / hip hop,rap / hip hop,azonto,#843D79,#863B79,azonto
5275,rap / hip hop,rap / hip hop,backing track,#843D79,#8F4186,backingtrack
5276,rap / hip hop,rap / hip hop,bahamian pop,#843D79,#8C3E87,bahamianpop
5277,rap / hip hop,rap / hip hop,balkan beats,#843D79,#924380,balkanbeats
5278,rap / hip hop,rap / hip hop,balkan drill,#843D79,#77376B,balkandrill
5279,rap / hip hop,rap / hip hop,baoule,#843D79,#803772,baoule
5280,rap / hip hop,rap / hip hop,beatboxing,#843D79,#8F4187,beatboxing
5281,rap / hip hop,rap / hip hop,bhangra,#843D79,#914789,bhangra
5282,rap / hip hop,rap / hip hop,bomba,#843D79,#8C3F7C,bomba
5283,rap / hip hop,rap / hip hop,brega paraense,#843D79,#8C3F82,bregaparaense
5284,rap / hip hop,rap / hip hop,canadian drill,#843D79,#8E4588,canadiandrill
5285,rap / hip hop,rap / hip hop,canadian latin,#843D79,#963F88,canadianlatin
5286,rap / hip hop,rap / hip hop,chicago drill,#843D79,#79366F,chicagodrill
5287,rap / hip hop,rap / hip hop,chopped and screwed,#843D79,#873E7E,choppedandscrewed
5288,rap / hip hop,rap / hip hop,colombian pop,#843D79,#74376F,colombianpop
5289,rap / hip hop,rap / hip hop,coupe-decale,#843D79,#793370,coupedecale
5290,rap / hip hop,rap / hip hop,cubaton,#843D79,#873975,cubaton
5291,rap / hip hop,rap / hip hop,cumbia del sureste,#843D79,#743A69,cumbiadelsureste
5292,rap / hip hop,rap / hip hop,cumbia paraguaya,#843D79,#893A82,cumbiaparaguaya
5293,rap / hip hop,rap / hip hop,cumbia pop,#843D79,#823C77,cumbiapop
5294,rap / hip hop,rap / hip hop,cumbia sonidera,#843D79,#97408B,cumbiasonidera
5295,rap / hip hop,rap / hip hop,czech drill,#843D79,#8E4888,czechdrill
5296,rap / hip hop,rap / hip hop,czsk reggae,#843D79,#803E75,czskreggae
5297,rap / hip hop,rap / hip hop,czsk viral pop,#843D79,#904387,czskviralpop
5298,rap / hip hop,rap / hip hop,dancehall chileno,#843D79,#8C417F,dancehallchileno
5299,rap / hip hop,rap / hip hop,darbuka,#843D79,#7D3F76,darbuka
5300,rap / hip hop,rap / hip hop,deep disco,#843D79,#8A407C,deepdisco
5301,rap / hip hop,rap / hip hop,deep downtempo fusion,#843D79,#914389,deepdowntempofusion
5302,rap / hip hop,rap / hip hop,deep g funk,#843D79,#713869,deepgfunk
5303,rap / hip hop,rap / hip hop,dennery segment,#843D79,#93448C,dennerysegment
5304,rap / hip hop,rap / hip hop,drill chileno,#843D79,#78386F,drillchileno
5305,rap / hip hop,rap / hip hop,drill francais,#843D79,#8A3D78,drillfrancais
5306,rap / hip hop,rap / hip hop,east coast gangsta rap,#843D79,#87437B,eastcoastgangstarap
5307,rap / hip hop,rap / hip hop,fake,#843D79,#813772,fake
5308,rap / hip hop,rap / hip hop,finnish drill,#843D79,#7E3974,finnishdrill
5309,rap / hip hop,rap / hip hop,finnish reggae,#843D79,#8C3C79,finnishreggae
5310,rap / hip hop,rap / hip hop,flamenco urbano,#843D79,#8C4081,flamencourbano
5311,rap / hip hop,rap / hip hop,florida drill,#843D79,#7A356F,floridadrill
5312,rap / hip hop,rap / hip hop,frauenrap,#843D79,#894285,frauenrap
5313,rap / hip hop,rap / hip hop,funk evangelico,#843D79,#823E7B,funkevangelico
5314,rap / hip hop,rap / hip hop,gengetone,#843D79,#954381,gengetone
5315,rap / hip hop,rap / hip hop,german drill,#843D79,#914089,germandrill
5316,rap / hip hop,rap / hip hop,german reggae,#843D79,#85397F,germanreggae
5317,rap / hip hop,rap / hip hop,glitch hop & wonky,#843D79,#783A68,glitchhop&wonky
5318,rap / hip hop,rap / hip hop,golden age rap (& hardcore rap),#843D79,#733A65,goldenagerap&hardcorerap
5319,rap / hip hop,rap / hip hop,greek drill,#843D79,#7E3873,greekdrill
5320,rap / hip hop,rap / hip hop,guyanese pop,#843D79,#8C3E88,guyanesepop
5321,rap / hip hop,rap / hip hop,haryanvi pop,#843D79,#974191,haryanvipop
5322,rap / hip hop,rap / hip hop,hip hop,#843D79,#874482,hiphop
5323,rap / hip hop,rap / hip hop,hip pop,#843D79,#733569,hippop
5324,rap / hip hop,rap / hip hop,hiplife,#843D79,#823E7D,hiplife
5325,rap / hip hop,rap / hip hop,hjemmesnekk,#843D79,#7A3A71,hjemmesnekk
5326,rap / hip hop,rap / hip hop,horrorcore,#843D79,#7E3F78,horrorcore
5327,rap / hip hop,rap / hip hop,hyphy,#843D79,#974084,hyphy
5328,rap / hip hop,rap / hip hop,indian electronic,#843D79,#7E3979,indianelectronic
5329,rap / hip hop,rap / hip hop,italian reggae,#843D79,#81386F,italianreggae
5330,rap / hip hop,rap / hip hop,japanese drill,#843D79,#8D3F7E,japanesedrill
5331,rap / hip hop,rap / hip hop,japanese dub,#843D79,#7E3872,japanesedub
5332,rap / hip hop,rap / hip hop,jawaiian,#843D79,#76376D,jawaiian
5333,rap / hip hop,rap / hip hop,jazz boom bap,#843D79,#7C396F,jazzboombap
5334,rap / hip hop,rap / hip hop,jazz rap / native tongue,#843D79,#86397A,jazzrapnativetongue
5335,rap / hip hop,rap / hip hop,j-rap,#843D79,#8E417F,jrap
5336,rap / hip hop,rap / hip hop,j-reggae,#843D79,#783668,jreggae
5337,rap / hip hop,rap / hip hop,korean drill,#843D79,#894584,koreandrill
5338,rap / hip hop,rap / hip hop,k-rap,#843D79,#7A3670,krap
5339,rap / hip hop,rap / hip hop,kwaito,#843D79,#7F3D70,kwaito
5340,rap / hip hop,rap / hip hop,latintronica,#843D79,#773772,latintronica
5341,rap / hip hop,rap / hip hop,liberian pop,#843D79,#8C427A,liberianpop
5342,rap / hip hop,rap / hip hop,malaysian tamil pop,#843D79,#82376F,malaysiantamilpop
5343,rap / hip hop,rap / hip hop,manele,#843D79,#903D81,manele
5344,rap / hip hop,rap / hip hop,melanesian pop,#843D79,#8E4382,melanesianpop
5345,rap / hip hop,rap / hip hop,meyxana,#843D79,#8B4587,meyxana
5346,rap / hip hop,rap / hip hop,miami bass & bounce,#843D79,#803774,miamibass&bounce
5347,rap / hip hop,rap / hip hop,musica campechana,#843D79,#773968,musicacampechana
5348,rap / hip hop,rap / hip hop,musica santomense,#843D79,#823F72,musicasantomense
5349,rap / hip hop,rap / hip hop,musica urbana oaxaquena,#843D79,#83387B,musicaurbanaoaxaquena
5350,rap / hip hop,rap / hip hop,musique guadeloupe,#843D79,#7F3F75,musiqueguadeloupe
5351,rap / hip hop,rap / hip hop,namibian pop,#843D79,#813C72,namibianpop
5352,rap / hip hop,rap / hip hop,neapolitan funk,#843D79,#843C77,neapolitanfunk
5353,rap / hip hop,rap / hip hop,nederreggae,#843D79,#8D427A,nederreggae
5354,rap / hip hop,rap / hip hop,neoperreo,#843D79,#8A407F,neoperreo
5355,rap / hip hop,rap / hip hop,nephop,#843D79,#8F4084,nephop
5356,rap / hip hop,rap / hip hop,nu-cumbia,#843D79,#8B3C80,nucumbia
5357,rap / hip hop,rap / hip hop,nz reggae,#843D79,#72366D,nzreggae
5358,rap / hip hop,rap / hip hop,old school nederhop,#843D79,#903E84,oldschoolnederhop
5359,rap / hip hop,rap / hip hop,old skool rap pioneers,#843D79,#89427A,oldskoolrappioneers
5360,rap / hip hop,rap / hip hop,philly drill,#843D79,#934681,phillydrill
5361,rap / hip hop,rap / hip hop,phonk brasileiro,#843D79,#7E3D79,phonkbrasileiro
5362,rap / hip hop,rap / hip hop,pinoy drill,#843D79,#84387A,pinoydrill
5363,rap / hip hop,rap / hip hop,plug brasileiro,#843D79,#8E3F83,plugbrasileiro
5364,rap / hip hop,rap / hip hop,polish drill,#843D79,#8A4281,polishdrill
5365,rap / hip hop,rap / hip hop,polish viral pop,#843D79,#783B6B,polishviralpop
5366,rap / hip hop,rap / hip hop,pop catracho,#843D79,#7F3C77,popcatracho
5367,rap / hip hop,rap / hip hop,pop reggaeton,#843D79,#733567,popreggaeton
5368,rap / hip hop,rap / hip hop,pop venezolano,#843D79,#8F4386,popvenezolano
5369,rap / hip hop,rap / hip hop,post-disco,#843D79,#8A3A81,postdisco
5370,rap / hip hop,rap / hip hop,progressive / nu skool rap,#843D79,#7E3C73,progressivenuskoolrap
5371,rap / hip hop,rap / hip hop,psychokore,#843D79,#964287,psychokore
5372,rap / hip hop,rap / hip hop,punta,#843D79,#8C4680,punta
5373,rap / hip hop,rap / hip hop,r&b en espanol,#843D79,#76396B,r&benespanol
5374,rap / hip hop,rap / hip hop,rap,#843D79,#903F86,rap
5375,rap / hip hop,rap / hip hop,rap / hip hop,#843D79,#843D79,raphiphop
5376,rap / hip hop,rap / hip hop,reggae cover,#843D79,#8C3B83,reggaecover
5377,rap / hip hop,rap / hip hop,reggae en espanol,#843D79,#814075,reggaeenespanol
5378,rap / hip hop,rap / hip hop,reggae mexicano,#843D79,#8B3E80,reggaemexicano
5379,rap / hip hop,rap / hip hop,reggae peruano,#843D79,#81387B,reggaeperuano
5380,rap / hip hop,rap / hip hop,reggae tico,#843D79,#954388,reggaetico
5381,rap / hip hop,rap / hip hop,reggae tuga,#843D79,#843977,reggaetuga
5382,rap / hip hop,rap / hip hop,reggaeton cristiano,#843D79,#7F3B79,reggaetoncristiano
5383,rap / hip hop,rap / hip hop,reggaeton flow,#843D79,#783371,reggaetonflow
5384,rap / hip hop,rap / hip hop,ritmo kombina,#843D79,#81396F,ritmokombina
5385,rap / hip hop,rap / hip hop,russian drill,#843D79,#8F3D81,russiandrill
5386,rap / hip hop,rap / hip hop,russian pixel,#843D79,#803A7A,russianpixel
5387,rap / hip hop,rap / hip hop,rva drill,#843D79,#974289,rvadrill
5388,rap / hip hop,rap / hip hop,scratch,#843D79,#91437D,scratch
5389,rap / hip hop,rap / hip hop,seggae,#843D79,#853874,seggae
5390,rap / hip hop,rap / hip hop,sepedi pop,#843D79,#894383,sepedipop
5391,rap / hip hop,rap / hip hop,seychelles pop,#843D79,#7F3675,seychellespop
5392,rap / hip hop,rap / hip hop,shib,#843D79,#8C3E7E,shib
5393,rap / hip hop,rap / hip hop,sierra leonean pop,#843D79,#8F3E80,sierraleoneanpop
5394,rap / hip hop,rap / hip hop,slow game,#843D79,#88417B,slowgame
5395,rap / hip hop,rap / hip hop,soca,#843D79,#844177,soca
5396,rap / hip hop,rap / hip hop,somali pop,#843D79,#8B3D83,somalipop
5397,rap / hip hop,rap / hip hop,south african electronic,#843D79,#974284,southafricanelectronic
5398,rap / hip hop,rap / hip hop,south sudanese pop,#843D79,#833C78,southsudanesepop
5399,rap / hip hop,rap / hip hop,southern soul blues,#843D79,#8C3C79,southernsoulblues
5400,rap / hip hop,rap / hip hop,spanish reggae,#843D79,#843A75,spanishreggae
5401,rap / hip hop,rap / hip hop,speed up brasileiro,#843D79,#813C77,speedupbrasileiro
5402,rap / hip hop,rap / hip hop,st louis drill,#843D79,#823F7E,stlouisdrill
5403,rap / hip hop,rap / hip hop,sunset lounge,#843D79,#8B4081,sunsetlounge
5404,rap / hip hop,rap / hip hop,swedish dancehall,#843D79,#954389,swedishdancehall
5405,rap / hip hop,rap / hip hop,swedish drill,#843D79,#984083,swedishdrill
5406,rap / hip hop,rap / hip hop,swedish reggae,#843D79,#8B4486,swedishreggae
5407,rap / hip hop,rap / hip hop,swiss reggae,#843D79,#7E3D77,swissreggae
5408,rap / hip hop,rap / hip hop,synth funk,#843D79,#7B3877,synthfunk
5409,rap / hip hop,rap / hip hop,traditional reggae,#843D79,#883F79,traditionalreggae
5410,rap / hip hop,rap / hip hop,trap,#843D79,#8B467B,trap
5411,rap / hip hop,rap / hip hop,trap & drill,#843D79,#873E76,trap&drill
5412,rap / hip hop,rap / hip hop,trinidadian reggae,#843D79,#863B7B,trinidadianreggae
5413,rap / hip hop,rap / hip hop,tropical alternativo,#843D79,#8C4183,tropicalalternativo
5414,rap / hip hop,rap / hip hop,turkce drill,#843D79,#7D3774,turkcedrill
5415,rap / hip hop,rap / hip hop,turntablism,#843D79,#7C3B72,turntablism
5416,rap / hip hop,rap / hip hop,ugandan pop,#843D79,#823770,ugandanpop
5417,rap / hip hop,rap / hip hop,uk dancehall,#843D79,#813C72,ukdancehall
5418,rap / hip hop,rap / hip hop,urban breaks (nu r & b ii),#843D79,#884179,urbanbreaksnur&bii
5419,rap / hip hop,rap / hip hop,urbano chileno,#843D79,#883B7E,urbanochileno
5420,rap / hip hop,rap / hip hop,urbano mexicano,#843D79,#8D4480,urbanomexicano
5421,rap / hip hop,rap / hip hop,vanuatu music,#843D79,#76336E,vanuatumusic
5422,rap / hip hop,rap / hip hop,viet remix,#843D79,#8B3C78,vietremix
5423,rap / hip hop,rap / hip hop,zhenskiy rep,#843D79,#773C73,zhenskiyrep
5424,rap / hip hop,rap / hip hop,zouglou,#843D79,#833E79,zouglou
5425,rap / hip hop,rap / hip hop,zouk riddim,#843D79,#914288,zoukriddim
5426,rap / hip hop,rap chileno,rap feminino chileno,#843D79,#934588,rapfemininochileno
5427,rap / hip hop,rap chileno,rap norteno chileno,#843D79,#99408E,rapnortenochileno
5428,rap / hip hop,rap chileno,rap sureno chileno,#843D79,#8B437F,rapsurenochileno
5429,rap / hip hop,rap espanol,rap underground espanol,#843D79,#96448D,rapundergroundespanol
5430,rap / hip hop,rap francais,cloud rap francais,#843D79,#833B7A,cloudrapfrancais
5431,rap / hip hop,rap francais,old school rap francais,#843D79,#873D75,oldschoolrapfrancais
5432,rhythm music,reggae,early reggae,#66CC99,#70CB94,earlyreggae
5433,rhythm music,reggae,french reggae,#66CC99,#55C589,frenchreggae
5434,rhythm music,reggae,modern reggae,#66CC99,#69C89D,modernreggae
5435,rhythm music,reggae,pinoy reggae,#66CC99,#6DCF9C,pinoyreggae
5436,rhythm music,reggae,reggae cristao,#66CC99,#5FCEA0,reggaecristao
5437,rhythm music,reggae,reggae do maranhao,#66CC99,#5ECBA0,reggaedomaranhao
5438,rhythm music,reggae,reggae fusion,#66CC99,#70CCA6,reggaefusion
5439,rhythm music,reggae,roots reggae,#66CC99,#7AD0B0,rootsreggae
5440,rhythm music,reggae,vintage reggae,#66CC99,#71CFA8,vintagereggae
5441,rhythm music,reggae,virgin islands reggae,#66CC99,#5EC79E,virginislandsreggae
5442,rhythm music,reggae fusion,australian reggae fusion,#66CC99,#65CB9D,australianreggaefusion
5443,rhythm music,rhythm music,blues,#4364B3,#4364B3,blues
5444,rhythm music,rhythm music,gospel,#4364B3,#4364B3,gospel
5445,rhythm music,rhythm music,jazz,#4364B3,#4364B3,jazz
5446,rhythm music,rhythm music,rhythm music,#4C80A7,#4C80A7,rhythmmusic
5447,rhythm music,rhythm music,rhythm 'n' blues,#66CC99,#66CC99,rhythm'n'blues
5448,rhythm music,rhythm 'n' blues,abstract beats,#66CC99,#52C78E,abstractbeats
5449,rhythm music,rhythm 'n' blues,abstract hip hop,#66CC99,#58C784,abstracthiphop
5450,rhythm music,rhythm 'n' blues,accordeon,#66CC99,#59C28C,accordeon
5451,rhythm music,rhythm 'n' blues,acoustic cover,#66CC99,#53C27F,acousticcover
5452,rhythm music,rhythm 'n' blues,adoracion pentecostal,#66CC99,#67CCA1,adoracionpentecostal
5453,rhythm music,rhythm 'n' blues,african gospel,#66CC99,#4EC77E,africangospel
5454,rhythm music,rhythm 'n' blues,african percussion,#66CC99,#6DC99E,africanpercussion
5455,rhythm music,rhythm 'n' blues,afro psych,#66CC99,#54C899,afropsych
5456,rhythm music,rhythm 'n' blues,afrobeat brasileiro,#66CC99,#69CC9E,afrobeatbrasileiro
5457,rhythm music,rhythm 'n' blues,afrofuturism,#66CC99,#78CFAE,afrofuturism
5458,rhythm music,rhythm 'n' blues,alaska hip hop,#66CC99,#53C689,alaskahiphop
5459,rhythm music,rhythm 'n' blues,albanian pop,#66CC99,#79D3AD,albanianpop
5460,rhythm music,rhythm 'n' blues,algerian folk,#66CC99,#64CF99,algerianfolk
5461,rhythm music,rhythm 'n' blues,ambeat,#66CC99,#79D1AF,ambeat
5462,rhythm music,rhythm 'n' blues,ambient fusion,#66CC99,#57CA93,ambientfusion
5463,rhythm music,rhythm 'n' blues,amharic pop,#66CC99,#66CF97,amharicpop
5464,rhythm music,rhythm 'n' blues,anime lo-fi,#66CC99,#54C785,animelofi
5465,rhythm music,rhythm 'n' blues,antiviral pop,#66CC99,#5ECE98,antiviralpop
5466,rhythm music,rhythm 'n' blues,arab alternative,#66CC99,#61CF92,arabalternative
5467,rhythm music,rhythm 'n' blues,arab groove,#66CC99,#6FD19F,arabgroove
5468,rhythm music,rhythm 'n' blues,arkansas country,#66CC99,#6DD2AA,arkansascountry
5469,rhythm music,rhythm 'n' blues,arpa grande,#66CC99,#5EC890,arpagrande
5470,rhythm music,rhythm 'n' blues,arpa paraguaya,#66CC99,#5CC593,arpaparaguaya
5471,rhythm music,rhythm 'n' blues,arrocha,#66CC99,#73D49F,arrocha
5472,rhythm music,rhythm 'n' blues,arunachal indie,#66CC99,#55CC86,arunachalindie
5473,rhythm music,rhythm 'n' blues,asheville indie,#66CC99,#6AC99A,ashevilleindie
5474,rhythm music,rhythm 'n' blues,assamese hip hop,#66CC99,#6AC89B,assamesehiphop
5475,rhythm music,rhythm 'n' blues,audiophile vocal,#66CC99,#7FD1A9,audiophilevocal
5476,rhythm music,rhythm 'n' blues,australian country,#66CC99,#62CD96,australiancountry
5477,rhythm music,rhythm 'n' blues,australian indigenous hip hop,#66CC99,#71CCA1,australianindigenoushiphop
5478,rhythm music,rhythm 'n' blues,australian trap,#66CC99,#63D0A2,australiantrap
5479,rhythm music,rhythm 'n' blues,austrian jazz,#66CC99,#66D08E,austrianjazz
5480,rhythm music,rhythm 'n' blues,austropop,#66CC99,#57C480,austropop
5481,rhythm music,rhythm 'n' blues,axe,#66CC99,#67CA90,axe
5482,rhythm music,rhythm 'n' blues,azontobeats,#66CC99,#71D1A7,azontobeats
5483,rhythm music,rhythm 'n' blues,bahai,#66CC99,#5BC59B,bahai
5484,rhythm music,rhythm 'n' blues,bajki,#66CC99,#54C699,bajki
5485,rhythm music,rhythm 'n' blues,balkan brass,#66CC99,#66CEA3,balkanbrass
5486,rhythm music,rhythm 'n' blues,balochi folk,#66CC99,#5CC58E,balochifolk
5487,rhythm music,rhythm 'n' blues,balochi pop,#66CC99,#58C68F,balochipop
5488,rhythm music,rhythm 'n' blues,baltic folk,#66CC99,#75CEA2,balticfolk
5489,rhythm music,rhythm 'n' blues,banda guanajuatense,#66CC99,#66CAA0,bandaguanajuatense
5490,rhythm music,rhythm 'n' blues,bandinhas,#66CC99,#76CD99,bandinhas
5491,rhythm music,rhythm 'n' blues,bangla pop,#66CC99,#5CCB8F,banglapop
5492,rhythm music,rhythm 'n' blues,bangladeshi hip hop,#66CC99,#63CE90,bangladeshihiphop
5493,rhythm music,rhythm 'n' blues,banjara pop,#66CC99,#6DD29E,banjarapop
5494,rhythm music,rhythm 'n' blues,banjo,#66CC99,#72D2A4,banjo
5495,rhythm music,rhythm 'n' blues,baps,#66CC99,#6CCA99,baps
5496,rhythm music,rhythm 'n' blues,bass trip,#66CC99,#5CCC93,basstrip
5497,rhythm music,rhythm 'n' blues,bedroom pop,#66CC99,#7DD19D,bedroompop
5498,rhythm music,rhythm 'n' blues,belarusian hip hop,#66CC99,#79D6B2,belarusianhiphop
5499,rhythm music,rhythm 'n' blues,belgian blues,#66CC99,#71D39D,belgianblues
5500,rhythm music,rhythm 'n' blues,belgian singer-songwriter,#66CC99,#77D4A5,belgiansingersongwriter
5501,rhythm music,rhythm 'n' blues,belly dance,#66CC99,#79CFA2,bellydance
5502,rhythm music,rhythm 'n' blues,belo horizonte indie,#66CC99,#56C28E,belohorizonteindie
5503,rhythm music,rhythm 'n' blues,bernu dziesmas,#66CC99,#6FD4AA,bernudziesmas
5504,rhythm music,rhythm 'n' blues,bhojpuri folk,#66CC99,#72D0A5,bhojpurifolk
5505,rhythm music,rhythm 'n' blues,bhutanese pop,#66CC99,#63CA99,bhutanesepop
5506,rhythm music,rhythm 'n' blues,birthday,#66CC99,#6BCAA3,birthday
5507,rhythm music,rhythm 'n' blues,black americana,#66CC99,#66CD95,blackamericana
5508,rhythm music,rhythm 'n' blues,bloco,#66CC99,#5BC398,bloco
5509,rhythm music,rhythm 'n' blues,blues band,#66CC99,#60C997,bluesband
5510,rhythm music,rhythm 'n' blues,blues-rock guitar,#66CC99,#72CEA7,bluesrockguitar
5511,rhythm music,rhythm 'n' blues,boeremusiek,#66CC99,#62C889,boeremusiek
5512,rhythm music,rhythm 'n' blues,boogie / electrofunk,#66CC99,#59CD8A,boogieelectrofunk
5513,rhythm music,rhythm 'n' blues,boom bap,#66CC99,#50C791,boombap
5514,rhythm music,rhythm 'n' blues,bossa nova,#66CC99,#7BD19D,bossanova
5515,rhythm music,rhythm 'n' blues,boston hip hop,#66CC99,#5FC98E,bostonhiphop
5516,rhythm music,rhythm 'n' blues,bozlak,#66CC99,#72D2A1,bozlak
5517,rhythm music,rhythm 'n' blues,brass band brasileiro,#66CC99,#60CE96,brassbandbrasileiro
5518,rhythm music,rhythm 'n' blues,brass band pop,#66CC99,#6CD0A5,brassbandpop
5519,rhythm music,rhythm 'n' blues,brazilian boogie,#66CC99,#73D299,brazilianboogie
5520,rhythm music,rhythm 'n' blues,brazilian indie,#66CC99,#5DC98F,brazilianindie
5521,rhythm music,rhythm 'n' blues,brazilian modern jazz,#66CC99,#56CA8E,brazilianmodernjazz
5522,rhythm music,rhythm 'n' blues,brazilian reggae,#66CC99,#4DCA8C,brazilianreggae
5523,rhythm music,rhythm 'n' blues,brega romantico,#66CC99,#75D4AD,bregaromantico
5524,rhythm music,rhythm 'n' blues,brisbane hip hop,#66CC99,#51C381,brisbanehiphop
5525,rhythm music,rhythm 'n' blues,british folk,#66CC99,#5FCD89,britishfolk
5526,rhythm music,rhythm 'n' blues,burundian pop,#66CC99,#5ACD8E,burundianpop
5527,rhythm music,rhythm 'n' blues,bush ballad,#66CC99,#75CDAB,bushballad
5528,rhythm music,rhythm 'n' blues,calypso,#66CC99,#59C988,calypso
5529,rhythm music,rhythm 'n' blues,canadian hip hop,#66CC99,#55C483,canadianhiphop
5530,rhythm music,rhythm 'n' blues,canadian indigenous music,#66CC99,#76CD98,canadianindigenousmusic
5531,rhythm music,rhythm 'n' blues,canadian modern jazz,#66CC99,#6BCE97,canadianmodernjazz
5532,rhythm music,rhythm 'n' blues,candomble,#66CC99,#4EC98B,candomble
5533,rhythm music,rhythm 'n' blues,canzone siciliane,#66CC99,#56CB86,canzonesiciliane
5534,rhythm music,rhythm 'n' blues,carnaval cadiz,#66CC99,#51C48C,carnavalcadiz
5535,rhythm music,rhythm 'n' blues,chaabi marocain,#66CC99,#75D399,chaabimarocain
5536,rhythm music,rhythm 'n' blues,chamame brasilero,#66CC99,#54C68C,chamamebrasilero
5537,rhythm music,rhythm 'n' blues,chamorro pop,#66CC99,#53C67F,chamorropop
5538,rhythm music,rhythm 'n' blues,chanson virale,#66CC99,#7CD0A9,chansonvirale
5539,rhythm music,rhythm 'n' blues,chechen pop,#66CC99,#64CA9C,chechenpop
5540,rhythm music,rhythm 'n' blues,chhattisgarhi pop,#66CC99,#58CA9D,chhattisgarhipop
5541,rhythm music,rhythm 'n' blues,chicago & detroit soul (motown),#66CC99,#6ECF9F,chicago&detroitsoulmotown
5542,rhythm music,rhythm 'n' blues,chicago bop,#66CC99,#59C385,chicagobop
5543,rhythm music,rhythm 'n' blues,chicago mexican,#66CC99,#58C597,chicagomexican
5544,rhythm music,rhythm 'n' blues,chicago rap,#66CC99,#64CC9C,chicagorap
5545,rhythm music,rhythm 'n' blues,chill out,#66CC99,#71D199,chillout
5546,rhythm music,rhythm 'n' blues,chill pop,#66CC99,#58CA92,chillpop
5547,rhythm music,rhythm 'n' blues,chinese bgm,#66CC99,#57C497,chinesebgm
5548,rhythm music,rhythm 'n' blues,chinese hip hop,#66CC99,#54CB98,chinesehiphop
5549,rhythm music,rhythm 'n' blues,chinese melodic rap,#66CC99,#69CDA7,chinesemelodicrap
5550,rhythm music,rhythm 'n' blues,chip hop,#66CC99,#62D09A,chiphop
5551,rhythm music,rhythm 'n' blues,christian afrobeat,#66CC99,#5ECC97,christianafrobeat
5552,rhythm music,rhythm 'n' blues,christian hip hop,#66CC99,#7ED1B1,christianhiphop
5553,rhythm music,rhythm 'n' blues,christian trap,#66CC99,#6ED299,christiantrap
5554,rhythm music,rhythm 'n' blues,classic bhangra,#66CC99,#6BD0A2,classicbhangra
5555,rhythm music,rhythm 'n' blues,classic french pop,#66CC99,#5BCE9F,classicfrenchpop
5556,rhythm music,rhythm 'n' blues,classic icelandic pop,#66CC99,#56CC8E,classicicelandicpop
5557,rhythm music,rhythm 'n' blues,classic italian folk pop,#66CC99,#7CD09C,classicitalianfolkpop
5558,rhythm music,rhythm 'n' blues,classic kollywood,#66CC99,#73D29D,classickollywood
5559,rhythm music,rhythm 'n' blues,classic nz pop,#66CC99,#6FD19D,classicnzpop
5560,rhythm music,rhythm 'n' blues,classic russian rock,#66CC99,#72CFA2,classicrussianrock
5561,rhythm music,rhythm 'n' blues,classic schlager,#66CC99,#5FCFA3,classicschlager
5562,rhythm music,rhythm 'n' blues,classic swedish pop,#66CC99,#75CDA8,classicswedishpop
5563,rhythm music,rhythm 'n' blues,classic tollywood,#66CC99,#52C691,classictollywood
5564,rhythm music,rhythm 'n' blues,classic uk pop,#66CC99,#68D0A1,classicukpop
5565,rhythm music,rhythm 'n' blues,cloud rap,#66CC99,#6CD29A,cloudrap
5566,rhythm music,rhythm 'n' blues,college marching band,#66CC99,#5AC885,collegemarchingband
5567,rhythm music,rhythm 'n' blues,concurso de talentos argentino,#66CC99,#6FD3A2,concursodetalentosargentino
5568,rhythm music,rhythm 'n' blues,congolese gospel,#66CC99,#5EC88D,congolesegospel
5569,rhythm music,rhythm 'n' blues,contemporary gospel,#66CC99,#69CB9B,contemporarygospel
5570,rhythm music,rhythm 'n' blues,contemporary vocal jazz,#66CC99,#4EC87E,contemporaryvocaljazz
5571,rhythm music,rhythm 'n' blues,cook islands pop,#66CC99,#51C681,cookislandspop
5572,rhythm music,rhythm 'n' blues,cornish folk,#66CC99,#66CDA2,cornishfolk
5573,rhythm music,rhythm 'n' blues,cristiana para ninos,#66CC99,#7AD1A4,cristianaparaninos
5574,rhythm music,rhythm 'n' blues,croatian hip hop,#66CC99,#4DC794,croatianhiphop
5575,rhythm music,rhythm 'n' blues,cuarteto,#66CC99,#78CE9D,cuarteto
5576,rhythm music,rhythm 'n' blues,cumbia boliviana,#66CC99,#5DC59B,cumbiaboliviana
5577,rhythm music,rhythm 'n' blues,cumbia chilena,#66CC99,#6DCF9F,cumbiachilena
5578,rhythm music,rhythm 'n' blues,cumbia peruana,#66CC99,#4DC97D,cumbiaperuana
5579,rhythm music,rhythm 'n' blues,cumbia ranchera,#66CC99,#77D6A1,cumbiaranchera
5580,rhythm music,rhythm 'n' blues,cumbia santafesina,#66CC99,#62C898,cumbiasantafesina
5581,rhythm music,rhythm 'n' blues,cypriot pop,#66CC99,#62CA99,cypriotpop
5582,rhythm music,rhythm 'n' blues,czech alternative rap,#66CC99,#6ACA91,czechalternativerap
5583,rhythm music,rhythm 'n' blues,czech folk rock,#66CC99,#5DCA99,czechfolkrock
5584,rhythm music,rhythm 'n' blues,czech jazz,#66CC99,#61C79A,czechjazz
5585,rhythm music,rhythm 'n' blues,czsk emo rap,#66CC99,#52CA98,czskemorap
5586,rhythm music,rhythm 'n' blues,czsk hip hop,#66CC99,#6FD49A,czskhiphop
5587,rhythm music,rhythm 'n' blues,dabke,#66CC99,#5AC99B,dabke
5588,rhythm music,rhythm 'n' blues,dangdut koplo,#66CC99,#79CFA8,dangdutkoplo
5589,rhythm music,rhythm 'n' blues,danish jazz,#66CC99,#53CA97,danishjazz
5590,rhythm music,rhythm 'n' blues,danish pop,#66CC99,#78D5AC,danishpop
5591,rhythm music,rhythm 'n' blues,dark plugg,#66CC99,#50C888,darkplugg
5592,rhythm music,rhythm 'n' blues,deep brazilian pop,#66CC99,#5DC39A,deepbrazilianpop
5593,rhythm music,rhythm 'n' blues,deep flow,#66CC99,#6CCFA7,deepflow
5594,rhythm music,rhythm 'n' blues,deep funk & nu funk,#66CC99,#4EC880,deepfunk&nufunk
5595,rhythm music,rhythm 'n' blues,deep italo disco,#66CC99,#60C78A,deepitalodisco
5596,rhythm music,rhythm 'n' blues,deep rai,#66CC99,#79D59E,deeprai
5597,rhythm music,rhythm 'n' blues,deep smooth jazz,#66CC99,#66CCA3,deepsmoothjazz
5598,rhythm music,rhythm 'n' blues,deep soft rock,#66CC99,#4EC789,deepsoftrock
5599,rhythm music,rhythm 'n' blues,denver rap,#66CC99,#67CD95,denverrap
5600,rhythm music,rhythm 'n' blues,didgeridoo,#66CC99,#55C48E,didgeridoo
5601,rhythm music,rhythm 'n' blues,dikir barat,#66CC99,#70CFAB,dikirbarat
5602,rhythm music,rhythm 'n' blues,disco,#66CC99,#58C390,disco
5603,rhythm music,rhythm 'n' blues,dominican indie,#66CC99,#5BCB9E,dominicanindie
5604,rhythm music,rhythm 'n' blues,drill,#66CC99,#7ACF9B,drill
5605,rhythm music,rhythm 'n' blues,drill italiana,#66CC99,#5DCE8A,drillitaliana
5606,rhythm music,rhythm 'n' blues,drumless hip hop,#66CC99,#64C68F,drumlesshiphop
5607,rhythm music,rhythm 'n' blues,dutch cabaret,#66CC99,#79D1AF,dutchcabaret
5608,rhythm music,rhythm 'n' blues,dytyachi pisni,#66CC99,#53CA83,dytyachipisni
5609,rhythm music,rhythm 'n' blues,early funk & p-funk,#66CC99,#6FD4A7,earlyfunk&pfunk
5610,rhythm music,rhythm 'n' blues,east coast reggae,#66CC99,#62CE90,eastcoastreggae
5611,rhythm music,rhythm 'n' blues,ecuadorian pop,#66CC99,#55C286,ecuadorianpop
5612,rhythm music,rhythm 'n' blues,egyptian traditional,#66CC99,#69CFA3,egyptiantraditional
5613,rhythm music,rhythm 'n' blues,electro-pop francais,#66CC99,#60CB91,electropopfrancais
5614,rhythm music,rhythm 'n' blues,eritrean pop,#66CC99,#7BCFA3,eritreanpop
5615,rhythm music,rhythm 'n' blues,erotica,#66CC99,#65C9A3,erotica
5616,rhythm music,rhythm 'n' blues,escape room,#66CC99,#55C499,escaperoom
5617,rhythm music,rhythm 'n' blues,esperanto,#66CC99,#65CB99,esperanto
5618,rhythm music,rhythm 'n' blues,estonian hip hop,#66CC99,#5ACB87,estonianhiphop
5619,rhythm music,rhythm 'n' blues,ethiopian pop,#66CC99,#6DCD93,ethiopianpop
5620,rhythm music,rhythm 'n' blues,euroska,#66CC99,#6DCA90,euroska
5621,rhythm music,rhythm 'n' blues,experimental hip hop,#66CC99,#64D09F,experimentalhiphop
5622,rhythm music,rhythm 'n' blues,fado,#66CC99,#7CD1B0,fado
5623,rhythm music,rhythm 'n' blues,fado instrumental,#66CC99,#67C99A,fadoinstrumental
5624,rhythm music,rhythm 'n' blues,fijian pop,#66CC99,#5CCDA1,fijianpop
5625,rhythm music,rhythm 'n' blues,finnish rockabilly,#66CC99,#5AC28D,finnishrockabilly
5626,rhythm music,rhythm 'n' blues,flick hop,#66CC99,#64CA92,flickhop
5627,rhythm music,rhythm 'n' blues,folklore venezolano,#66CC99,#73CF9B,folklorevenezolano
5628,rhythm music,rhythm 'n' blues,forro,#66CC99,#65C9A1,forro
5629,rhythm music,rhythm 'n' blues,forro de favela,#66CC99,#4FCA83,forrodefavela
5630,rhythm music,rhythm 'n' blues,forro gospel,#66CC99,#63CF90,forrogospel
5631,rhythm music,rhythm 'n' blues,forro instrumental,#66CC99,#5DC99F,forroinstrumental
5632,rhythm music,rhythm 'n' blues,forro tradicional,#66CC99,#63CC8F,forrotradicional
5633,rhythm music,rhythm 'n' blues,french folk pop,#66CC99,#74D197,frenchfolkpop
5634,rhythm music,rhythm 'n' blues,french rock,#66CC99,#61CD94,frenchrock
5635,rhythm music,rhythm 'n' blues,friese muziek,#66CC99,#58C683,friesemuziek
5636,rhythm music,rhythm 'n' blues,funk,#66CC99,#7CD09F,funk
5637,rhythm music,rhythm 'n' blues,fussball,#66CC99,#72D0A6,fussball
5638,rhythm music,rhythm 'n' blues,game mood,#66CC99,#63D09F,gamemood
5639,rhythm music,rhythm 'n' blues,garifuna folk,#66CC99,#77D09D,garifunafolk
5640,rhythm music,rhythm 'n' blues,georgian hip hop,#66CC99,#5FCA95,georgianhiphop
5641,rhythm music,rhythm 'n' blues,german jazz,#66CC99,#61CA8D,germanjazz
5642,rhythm music,rhythm 'n' blues,german rockabilly,#66CC99,#69D094,germanrockabilly
5643,rhythm music,rhythm 'n' blues,german singer-songwriter,#66CC99,#7ED2A3,germansingersongwriter
5644,rhythm music,rhythm 'n' blues,ghanaian gospel,#66CC99,#63D195,ghanaiangospel
5645,rhythm music,rhythm 'n' blues,glitch beats,#66CC99,#5DC999,glitchbeats
5646,rhythm music,rhythm 'n' blues,goa hip hop,#66CC99,#7ED1A9,goahiphop
5647,rhythm music,rhythm 'n' blues,go-go,#66CC99,#4FC580,gogo
5648,rhythm music,rhythm 'n' blues,goralski,#66CC99,#5FCD93,goralski
5649,rhythm music,rhythm 'n' blues,gospel rap,#66CC99,#73D1A7,gospelrap
5650,rhythm music,rhythm 'n' blues,gospel reggae,#66CC99,#6BCAA1,gospelreggae
5651,rhythm music,rhythm 'n' blues,grime,#66CC99,#7CD2A6,grime
5652,rhythm music,rhythm 'n' blues,grunneger muziek,#66CC99,#75CD9C,grunnegermuziek
5653,rhythm music,rhythm 'n' blues,grupera,#66CC99,#69C99B,grupera
5654,rhythm music,rhythm 'n' blues,grupero romantico,#66CC99,#66C78B,gruperoromantico
5655,rhythm music,rhythm 'n' blues,guam indie,#66CC99,#50C78F,guamindie
5656,rhythm music,rhythm 'n' blues,guatemalan pop,#66CC99,#74D0A8,guatemalanpop
5657,rhythm music,rhythm 'n' blues,gumbe,#66CC99,#5DCA9C,gumbe
5658,rhythm music,rhythm 'n' blues,gypsy fusion,#66CC99,#5FCB98,gypsyfusion
5659,rhythm music,rhythm 'n' blues,haitian dance,#66CC99,#4FC795,haitiandance
5660,rhythm music,rhythm 'n' blues,hakkapop,#66CC99,#6CCA95,hakkapop
5661,rhythm music,rhythm 'n' blues,handpan,#66CC99,#5DCE8D,handpan
5662,rhythm music,rhythm 'n' blues,hardvapour,#66CC99,#5BC685,hardvapour
5663,rhythm music,rhythm 'n' blues,haryanvi hip hop,#66CC99,#5DC788,haryanvihiphop
5664,rhythm music,rhythm 'n' blues,haryanvi ragni,#66CC99,#56C195,haryanviragni
5665,rhythm music,rhythm 'n' blues,high vibe,#66CC99,#79D09F,highvibe
5666,rhythm music,rhythm 'n' blues,hip-hop experimental,#66CC99,#68C9A3,hiphopexperimental
5667,rhythm music,rhythm 'n' blues,hk-pop,#66CC99,#63CF9F,hkpop
5668,rhythm music,rhythm 'n' blues,hmong pop,#66CC99,#7BCF9C,hmongpop
5669,rhythm music,rhythm 'n' blues,hong kong hip hop,#66CC99,#58CA94,hongkonghiphop
5670,rhythm music,rhythm 'n' blues,honky tonk,#66CC99,#78D2AB,honkytonk
5671,rhythm music,rhythm 'n' blues,hungarian pop,#66CC99,#6ACEA1,hungarianpop
5672,rhythm music,rhythm 'n' blues,huzunlu sarkilar,#66CC99,#51C584,huzunlusarkilar
5673,rhythm music,rhythm 'n' blues,hyperpop brasileiro,#66CC99,#5FCD9E,hyperpopbrasileiro
5674,rhythm music,rhythm 'n' blues,icelandic jazz,#66CC99,#57C893,icelandicjazz
5675,rhythm music,rhythm 'n' blues,ilocano pop,#66CC99,#57C986,ilocanopop
5676,rhythm music,rhythm 'n' blues,indian folk,#66CC99,#63CB92,indianfolk
5677,rhythm music,rhythm 'n' blues,indian lo-fi,#66CC99,#78D09E,indianlofi
5678,rhythm music,rhythm 'n' blues,indiana hip hop,#66CC99,#50C788,indianahiphop
5679,rhythm music,rhythm 'n' blues,indie cordoba,#66CC99,#70CB9C,indiecordoba
5680,rhythm music,rhythm 'n' blues,indie curitibano,#66CC99,#66C79B,indiecuritibano
5681,rhythm music,rhythm 'n' blues,indie electronica,#66CC99,#56C984,indieelectronica
5682,rhythm music,rhythm 'n' blues,indie folk italiano,#66CC99,#6CCDA1,indiefolkitaliano
5683,rhythm music,rhythm 'n' blues,indie jazz,#66CC99,#51CB84,indiejazz
5684,rhythm music,rhythm 'n' blues,indie napoletano,#66CC99,#4EC87F,indienapoletano
5685,rhythm music,rhythm 'n' blues,indie pop rap,#66CC99,#65C7A2,indiepoprap
5686,rhythm music,rhythm 'n' blues,indonesian jazz,#66CC99,#63CB90,indonesianjazz
5687,rhythm music,rhythm 'n' blues,indorock,#66CC99,#55C582,indorock
5688,rhythm music,rhythm 'n' blues,instrumental acoustic guitar,#66CC99,#5CCAA0,instrumentalacousticguitar
5689,rhythm music,rhythm 'n' blues,instrumental hip hop,#66CC99,#7BCFA3,instrumentalhiphop
5690,rhythm music,rhythm 'n' blues,inuit pop,#66CC99,#72CC98,inuitpop
5691,rhythm music,rhythm 'n' blues,iowa hip hop,#66CC99,#60C98B,iowahiphop
5692,rhythm music,rhythm 'n' blues,irish banjo,#66CC99,#57C797,irishbanjo
5693,rhythm music,rhythm 'n' blues,irish dance,#66CC99,#55C586,irishdance
5694,rhythm music,rhythm 'n' blues,irish folk,#66CC99,#66CD93,irishfolk
5695,rhythm music,rhythm 'n' blues,irish hip hop,#66CC99,#62CBA0,irishhiphop
5696,rhythm music,rhythm 'n' blues,irish pub song,#66CC99,#5DCBA0,irishpubsong
5697,rhythm music,rhythm 'n' blues,irish trap,#66CC99,#5FC687,irishtrap
5698,rhythm music,rhythm 'n' blues,israeli hip hop,#66CC99,#6AD0A8,israelihiphop
5699,rhythm music,rhythm 'n' blues,israeli jazz,#66CC99,#5FCA89,israelijazz
5700,rhythm music,rhythm 'n' blues,israeli trap,#66CC99,#62CE94,israelitrap
5701,rhythm music,rhythm 'n' blues,italian lounge,#66CC99,#74D5AF,italianlounge
5702,rhythm music,rhythm 'n' blues,italian rockabilly,#66CC99,#7BCF9B,italianrockabilly
5703,rhythm music,rhythm 'n' blues,jalsat,#66CC99,#6DCCA5,jalsat
5704,rhythm music,rhythm 'n' blues,japanese instrumental,#66CC99,#5DCDA1,japaneseinstrumental
5705,rhythm music,rhythm 'n' blues,japanese jazztronica,#66CC99,#4EC895,japanesejazztronica
5706,rhythm music,rhythm 'n' blues,japanese pop rap,#66CC99,#58C18A,japanesepoprap
5707,rhythm music,rhythm 'n' blues,japanese vocal jazz,#66CC99,#5FC893,japanesevocaljazz
5708,rhythm music,rhythm 'n' blues,javanese dangdut,#66CC99,#57CC8F,javanesedangdut
5709,rhythm music,rhythm 'n' blues,jaw harp,#66CC99,#78D19A,jawharp
5710,rhythm music,rhythm 'n' blues,jazz accordion,#66CC99,#61C89A,jazzaccordion
5711,rhythm music,rhythm 'n' blues,jazz fusion,#66CC99,#7AD3A6,jazzfusion
5712,rhythm music,rhythm 'n' blues,jazz organ,#66CC99,#63CB8F,jazzorgan
5713,rhythm music,rhythm 'n' blues,jazz tuba,#66CC99,#4EC98E,jazztuba
5714,rhythm music,rhythm 'n' blues,jazz worship,#66CC99,#57CB9A,jazzworship
5715,rhythm music,rhythm 'n' blues,jazztronica,#66CC99,#6ACEA3,jazztronica
5716,rhythm music,rhythm 'n' blues,jig and reel,#66CC99,#65CE8F,jigandreel
5717,rhythm music,rhythm 'n' blues,kaneka,#66CC99,#6CCFA4,kaneka
5718,rhythm music,rhythm 'n' blues,kannada hip hop,#66CC99,#73CC9E,kannadahiphop
5719,rhythm music,rhythm 'n' blues,kannada indie,#66CC99,#53C791,kannadaindie
5720,rhythm music,rhythm 'n' blues,kannada pop,#66CC99,#7ACEA7,kannadapop
5721,rhythm music,rhythm 'n' blues,karadeniz pop,#66CC99,#5BC692,karadenizpop
5722,rhythm music,rhythm 'n' blues,kasi rap,#66CC99,#5CC38D,kasirap
5723,rhythm music,rhythm 'n' blues,kazakh indie,#66CC99,#60C690,kazakhindie
5724,rhythm music,rhythm 'n' blues,kenyan pop,#66CC99,#6ECFA5,kenyanpop
5725,rhythm music,rhythm 'n' blues,khaleeji iraqi,#66CC99,#5DCE9B,khaleejiiraqi
5726,rhythm music,rhythm 'n' blues,khaliji,#66CC99,#79D5A1,khaliji
5727,rhythm music,rhythm 'n' blues,kikuyu gospel,#66CC99,#71D4A6,kikuyugospel
5728,rhythm music,rhythm 'n' blues,k-indie,#66CC99,#6ECBA0,kindie
5729,rhythm music,rhythm 'n' blues,kleinkunst,#66CC99,#50CA84,kleinkunst
5730,rhythm music,rhythm 'n' blues,klezmer,#66CC99,#60CF99,klezmer
5731,rhythm music,rhythm 'n' blues,kollywood,#66CC99,#61C98D,kollywood
5732,rhythm music,rhythm 'n' blues,kolo,#66CC99,#5DC489,kolo
5733,rhythm music,rhythm 'n' blues,kompa,#66CC99,#6ECA93,kompa
5734,rhythm music,rhythm 'n' blues,korean jazz,#66CC99,#65D1A2,koreanjazz
5735,rhythm music,rhythm 'n' blues,kosovan pop,#66CC99,#78D1A0,kosovanpop
5736,rhythm music,rhythm 'n' blues,kumaoni pop,#66CC99,#67C990,kumaonipop
5737,rhythm music,rhythm 'n' blues,kurdish pop,#66CC99,#5CC58D,kurdishpop
5738,rhythm music,rhythm 'n' blues,kurdish rock,#66CC99,#6ED1A3,kurdishrock
5739,rhythm music,rhythm 'n' blues,lagu betawi,#66CC99,#78D4A4,lagubetawi
5740,rhythm music,rhythm 'n' blues,lagu jawa,#66CC99,#77D3AD,lagujawa
5741,rhythm music,rhythm 'n' blues,lagu timur,#66CC99,#5DC89E,lagutimur
5742,rhythm music,rhythm 'n' blues,lao pop,#66CC99,#6BD1A5,laopop
5743,rhythm music,rhythm 'n' blues,lapland hip hop,#66CC99,#54C78E,laplandhiphop
5744,rhythm music,rhythm 'n' blues,latin afrobeat,#66CC99,#66CF9B,latinafrobeat
5745,rhythm music,rhythm 'n' blues,latvian hip hop,#66CC99,#52C47E,latvianhiphop
5746,rhythm music,rhythm 'n' blues,lebanese pop,#66CC99,#6ACA95,lebanesepop
5747,rhythm music,rhythm 'n' blues,lesotho traditional,#66CC99,#50C78F,lesothotraditional
5748,rhythm music,rhythm 'n' blues,lexington ky indie,#66CC99,#6CCBA1,lexingtonkyindie
5749,rhythm music,rhythm 'n' blues,libyan pop,#66CC99,#6FCE9A,libyanpop
5750,rhythm music,rhythm 'n' blues,lithuanian folk,#66CC99,#6CCF91,lithuanianfolk
5751,rhythm music,rhythm 'n' blues,lithuanian jazz,#66CC99,#73D298,lithuanianjazz
5752,rhythm music,rhythm 'n' blues,lo-fi chill,#66CC99,#67CD92,lofichill
5753,rhythm music,rhythm 'n' blues,lo-fi study,#66CC99,#63CC8E,lofistudy
5754,rhythm music,rhythm 'n' blues,lo-fi vgm,#66CC99,#6BCFA1,lofivgm
5755,rhythm music,rhythm 'n' blues,louisiana blues,#66CC99,#54C991,louisianablues
5756,rhythm music,rhythm 'n' blues,lounge house,#66CC99,#56C489,loungehouse
5757,rhythm music,rhythm 'n' blues,macedonian hip hop,#66CC99,#62CE93,macedonianhiphop
5758,rhythm music,rhythm 'n' blues,magyar musicalek,#66CC99,#5ACB9D,magyarmusicalek
5759,rhythm music,rhythm 'n' blues,maine hip hop,#66CC99,#73D0A3,mainehiphop
5760,rhythm music,rhythm 'n' blues,makossa,#66CC99,#75CE9D,makossa
5761,rhythm music,rhythm 'n' blues,malagasy folk,#66CC99,#6FD1A2,malagasyfolk
5762,rhythm music,rhythm 'n' blues,malay rap,#66CC99,#7AD4A2,malayrap
5763,rhythm music,rhythm 'n' blues,malayalam cover,#66CC99,#56C88B,malayalamcover
5764,rhythm music,rhythm 'n' blues,malayalam indie,#66CC99,#53CA8D,malayalamindie
5765,rhythm music,rhythm 'n' blues,malayalam pop,#66CC99,#63C895,malayalampop
5766,rhythm music,rhythm 'n' blues,malaysian hip hop,#66CC99,#68CA94,malaysianhiphop
5767,rhythm music,rhythm 'n' blues,maltese hip hop,#66CC99,#58C49A,maltesehiphop
5768,rhythm music,rhythm 'n' blues,manguebeat,#66CC99,#66D0A0,manguebeat
5769,rhythm music,rhythm 'n' blues,manipuri pop,#66CC99,#51C680,manipuripop
5770,rhythm music,rhythm 'n' blues,mappila paattu,#66CC99,#5DC488,mappilapaattu
5771,rhythm music,rhythm 'n' blues,marathi hip hop,#66CC99,#6DD1A1,marathihiphop
5772,rhythm music,rhythm 'n' blues,marathi pop,#66CC99,#68CF9E,marathipop
5773,rhythm music,rhythm 'n' blues,mariachi cristiano,#66CC99,#50C97E,mariachicristiano
5774,rhythm music,rhythm 'n' blues,marwadi pop,#66CC99,#59C795,marwadipop
5775,rhythm music,rhythm 'n' blues,meenawati,#66CC99,#70CA94,meenawati
5776,rhythm music,rhythm 'n' blues,meme,#66CC99,#53C688,meme
5777,rhythm music,rhythm 'n' blues,memphis / deep / southern soul,#66CC99,#78CDA0,memphisdeepsouthernsoul
5778,rhythm music,rhythm 'n' blues,mezmur,#66CC99,#69CAA3,mezmur
5779,rhythm music,rhythm 'n' blues,mezwed,#66CC99,#64D09E,mezwed
5780,rhythm music,rhythm 'n' blues,milwaukee hip hop,#66CC99,#6FCAA4,milwaukeehiphop
5781,rhythm music,rhythm 'n' blues,mising pop,#66CC99,#53C390,misingpop
5782,rhythm music,rhythm 'n' blues,modern bhajan,#66CC99,#62CBA0,modernbhajan
5783,rhythm music,rhythm 'n' blues,molam,#66CC99,#68CFA8,molam
5784,rhythm music,rhythm 'n' blues,mongolian pop,#66CC99,#60CB89,mongolianpop
5785,rhythm music,rhythm 'n' blues,montana indie,#66CC99,#56C98F,montanaindie
5786,rhythm music,rhythm 'n' blues,morna,#66CC99,#7DD29F,morna
5787,rhythm music,rhythm 'n' blues,moroccan traditional,#66CC99,#52C790,moroccantraditional
5788,rhythm music,rhythm 'n' blues,mundart,#66CC99,#52C797,mundart
5789,rhythm music,rhythm 'n' blues,musica acoriana,#66CC99,#6FD09A,musicaacoriana
5790,rhythm music,rhythm 'n' blues,musica alagoana,#66CC99,#59C899,musicaalagoana
5791,rhythm music,rhythm 'n' blues,musica amapaense,#66CC99,#6BCD9F,musicaamapaense
5792,rhythm music,rhythm 'n' blues,musica angolana,#66CC99,#7BD2A8,musicaangolana
5793,rhythm music,rhythm 'n' blues,musica aragonesa,#66CC99,#76D5A7,musicaaragonesa
5794,rhythm music,rhythm 'n' blues,musica baiana,#66CC99,#78CDA2,musicabaiana
5795,rhythm music,rhythm 'n' blues,musica cabo-verdiana,#66CC99,#58C281,musicacaboverdiana
5796,rhythm music,rhythm 'n' blues,musica calabrese,#66CC99,#7CD3AC,musicacalabrese
5797,rhythm music,rhythm 'n' blues,musica caririense,#66CC99,#76D3AA,musicacaririense
5798,rhythm music,rhythm 'n' blues,musica catarinense,#66CC99,#68D094,musicacatarinense
5799,rhythm music,rhythm 'n' blues,musica cearense,#66CC99,#57C88E,musicacearense
5800,rhythm music,rhythm 'n' blues,musica chihuahuense,#66CC99,#55C998,musicachihuahuense
5801,rhythm music,rhythm 'n' blues,musica cristiana guatemalteca,#66CC99,#53C685,musicacristianaguatemalteca
5802,rhythm music,rhythm 'n' blues,musica gaucha,#66CC99,#71D29A,musicagaucha
5803,rhythm music,rhythm 'n' blues,musica juiz-forana,#66CC99,#78D19B,musicajuizforana
5804,rhythm music,rhythm 'n' blues,musica londrinense,#66CC99,#56CC86,musicalondrinense
5805,rhythm music,rhythm 'n' blues,musica madeirense,#66CC99,#7DD0A4,musicamadeirense
5806,rhythm music,rhythm 'n' blues,musica maranhense,#66CC99,#5BC684,musicamaranhense
5807,rhythm music,rhythm 'n' blues,musica mexiquense,#66CC99,#77D19F,musicamexiquense
5808,rhythm music,rhythm 'n' blues,musica nicaraguense,#66CC99,#71CF9F,musicanicaraguense
5809,rhythm music,rhythm 'n' blues,musica occitana,#66CC99,#6ACEA6,musicaoccitana
5810,rhythm music,rhythm 'n' blues,musica paraibana,#66CC99,#7BD1AA,musicaparaibana
5811,rhythm music,rhythm 'n' blues,musica per bambini,#66CC99,#6CCAA1,musicaperbambini
5812,rhythm music,rhythm 'n' blues,musica pernambucana,#66CC99,#7BCFA4,musicapernambucana
5813,rhythm music,rhythm 'n' blues,musica piauiense,#66CC99,#54CB8A,musicapiauiense
5814,rhythm music,rhythm 'n' blues,musica popular amazonense,#66CC99,#64CA9F,musicapopularamazonense
5815,rhythm music,rhythm 'n' blues,musica popular paraense,#66CC99,#6CCE99,musicapopularparaense
5816,rhythm music,rhythm 'n' blues,musica potiguar,#66CC99,#7AD3AB,musicapotiguar
5817,rhythm music,rhythm 'n' blues,musica purepecha,#66CC99,#6DCD9E,musicapurepecha
5818,rhythm music,rhythm 'n' blues,musica queretana,#66CC99,#58CB85,musicaqueretana
5819,rhythm music,rhythm 'n' blues,musica sammarinese,#66CC99,#6ACA90,musicasammarinese
5820,rhythm music,rhythm 'n' blues,musica sergipana,#66CC99,#6ED19A,musicasergipana
5821,rhythm music,rhythm 'n' blues,musica sul-mato-grossense,#66CC99,#64C896,musicasulmatogrossense
5822,rhythm music,rhythm 'n' blues,musica tlaxcalteca,#66CC99,#79D5A4,musicatlaxcalteca
5823,rhythm music,rhythm 'n' blues,musica triste brasileira,#66CC99,#60CEA4,musicatristebrasileira
5824,rhythm music,rhythm 'n' blues,musicas espiritas,#66CC99,#78CD99,musicasespiritas
5825,rhythm music,rhythm 'n' blues,musiikkia lapista,#66CC99,#52C694,musiikkialapista
5826,rhythm music,rhythm 'n' blues,musik anak-anak,#66CC99,#6ACCA0,musikanakanak
5827,rhythm music,rhythm 'n' blues,musique acadienne,#66CC99,#5FC79A,musiqueacadienne
5828,rhythm music,rhythm 'n' blues,musique nigerienne,#66CC99,#54C982,musiquenigerienne
5829,rhythm music,rhythm 'n' blues,musique tahitienne,#66CC99,#73CD96,musiquetahitienne
5830,rhythm music,rhythm 'n' blues,muzica lautareasca,#66CC99,#63C98E,muzicalautareasca
5831,rhythm music,rhythm 'n' blues,muzica moldoveneasca,#66CC99,#57CB93,muzicamoldoveneasca
5832,rhythm music,rhythm 'n' blues,nagpuri pop,#66CC99,#55C886,nagpuripop
5833,rhythm music,rhythm 'n' blues,naija old school,#66CC99,#71D1AC,naijaoldschool
5834,rhythm music,rhythm 'n' blues,nashville sound,#66CC99,#6BCA96,nashvillesound
5835,rhythm music,rhythm 'n' blues,native american contemporary,#66CC99,#6BCA96,nativeamericancontemporary
5836,rhythm music,rhythm 'n' blues,native american hip hop,#66CC99,#5CC58A,nativeamericanhiphop
5837,rhythm music,rhythm 'n' blues,ndombolo,#66CC99,#6AC995,ndombolo
5838,rhythm music,rhythm 'n' blues,neo / nu soul,#66CC99,#7ACE9B,neonusoul
5839,rhythm music,rhythm 'n' blues,neo-manele,#66CC99,#54C987,neomanele
5840,rhythm music,rhythm 'n' blues,neo-rockabilly,#66CC99,#66CA9A,neorockabilly
5841,rhythm music,rhythm 'n' blues,neotango,#66CC99,#69CB93,neotango
5842,rhythm music,rhythm 'n' blues,nepali pop,#66CC99,#59C693,nepalipop
5843,rhythm music,rhythm 'n' blues,nerdcore,#66CC99,#52CA89,nerdcore
5844,rhythm music,rhythm 'n' blues,neue deutsche welle,#66CC99,#62CBA1,neuedeutschewelle
5845,rhythm music,rhythm 'n' blues,neue volksmusik,#66CC99,#7BCEA5,neuevolksmusik
5846,rhythm music,rhythm 'n' blues,new jack smooth,#66CC99,#4CC991,newjacksmooth
5847,rhythm music,rhythm 'n' blues,new jack swing / swingbeat,#66CC99,#68CA8F,newjackswingswingbeat
5848,rhythm music,rhythm 'n' blues,new mexico music,#66CC99,#70D4A2,newmexicomusic
5849,rhythm music,rhythm 'n' blues,new orleans blues,#66CC99,#58CC9D,neworleansblues
5850,rhythm music,rhythm 'n' blues,nhac thieu nhi,#66CC99,#61CE94,nhacthieunhi
5851,rhythm music,rhythm 'n' blues,nordnorsk rap,#66CC99,#7BCFA8,nordnorskrap
5852,rhythm music,rhythm 'n' blues,norteno-sax,#66CC99,#6ACBA3,nortenosax
5853,rhythm music,rhythm 'n' blues,norwegian hip hop,#66CC99,#50C97F,norwegianhiphop
5854,rhythm music,rhythm 'n' blues,norwegian pop rap,#66CC99,#67CD99,norwegianpoprap
5855,rhythm music,rhythm 'n' blues,nouvelle chanson francaise,#66CC99,#5BCC94,nouvellechansonfrancaise
5856,rhythm music,rhythm 'n' blues,nova mpb,#66CC99,#69CB91,novampb
5857,rhythm music,rhythm 'n' blues,nova musica carioca,#66CC99,#5CC38A,novamusicacarioca
5858,rhythm music,rhythm 'n' blues,nova musica paulista,#66CC99,#5AC48E,novamusicapaulista
5859,rhythm music,rhythm 'n' blues,nu disco & funktronica,#66CC99,#57C591,nudisco&funktronica
5860,rhythm music,rhythm 'n' blues,nu jazz,#66CC99,#69CEA4,nujazz
5861,rhythm music,rhythm 'n' blues,ny roots,#66CC99,#65CE8F,nyroots
5862,rhythm music,rhythm 'n' blues,oaxaca indie,#66CC99,#55C889,oaxacaindie
5863,rhythm music,rhythm 'n' blues,oc rap,#66CC99,#5BC392,ocrap
5864,rhythm music,rhythm 'n' blues,odia pop,#66CC99,#6ECD9E,odiapop
5865,rhythm music,rhythm 'n' blues,ohio hip hop,#66CC99,#6ACE98,ohiohiphop
5866,rhythm music,rhythm 'n' blues,oromo pop,#66CC99,#70D4AE,oromopop
5867,rhythm music,rhythm 'n' blues,orquesta cubana,#66CC99,#6ACBA4,orquestacubana
5868,rhythm music,rhythm 'n' blues,orquestas de galicia,#66CC99,#5DCE9E,orquestasdegalicia
5869,rhythm music,rhythm 'n' blues,pacific islands pop,#66CC99,#6FCBA6,pacificislandspop
5870,rhythm music,rhythm 'n' blues,pagode,#66CC99,#66CD8D,pagode
5871,rhythm music,rhythm 'n' blues,pagode novo,#66CC99,#62C791,pagodenovo
5872,rhythm music,rhythm 'n' blues,pakistani pop,#66CC99,#6CCEA3,pakistanipop
5873,rhythm music,rhythm 'n' blues,palestinian alternative,#66CC99,#5DCD96,palestinianalternative
5874,rhythm music,rhythm 'n' blues,palestinian pop,#66CC99,#54C595,palestinianpop
5875,rhythm music,rhythm 'n' blues,parody,#66CC99,#72D0A8,parody
5876,rhythm music,rhythm 'n' blues,persian melodic rap,#66CC99,#69D295,persianmelodicrap
5877,rhythm music,rhythm 'n' blues,persian trap,#66CC99,#6ECEA7,persiantrap
5878,rhythm music,rhythm 'n' blues,perth hip hop,#66CC99,#71CFA3,perthhiphop
5879,rhythm music,rhythm 'n' blues,philly soul,#66CC99,#6FCD9A,phillysoul
5880,rhythm music,rhythm 'n' blues,phleng phuea chiwit,#66CC99,#5CCB98,phlengphueachiwit
5881,rhythm music,rhythm 'n' blues,pinoy indie,#66CC99,#78D5B1,pinoyindie
5882,rhythm music,rhythm 'n' blues,pixel,#66CC99,#76D299,pixel
5883,rhythm music,rhythm 'n' blues,plugg,#66CC99,#4EC787,plugg
5884,rhythm music,rhythm 'n' blues,plugg en espanol,#66CC99,#56CB91,pluggenespanol
5885,rhythm music,rhythm 'n' blues,plugg francais,#66CC99,#5ECF94,pluggfrancais
5886,rhythm music,rhythm 'n' blues,pluggnb,#66CC99,#7AD0A8,pluggnb
5887,rhythm music,rhythm 'n' blues,plunderphonics,#66CC99,#65C79F,plunderphonics
5888,rhythm music,rhythm 'n' blues,polish hip hop,#66CC99,#71CD94,polishhiphop
5889,rhythm music,rhythm 'n' blues,polish jazz,#66CC99,#78D5AD,polishjazz
5890,rhythm music,rhythm 'n' blues,polynesian hip hop,#66CC99,#64D08F,polynesianhiphop
5891,rhythm music,rhythm 'n' blues,pop boliviano,#66CC99,#6DD0A1,popboliviano
5892,rhythm music,rhythm 'n' blues,pop flamenco,#66CC99,#62C996,popflamenco
5893,rhythm music,rhythm 'n' blues,pop nacional,#66CC99,#66C78D,popnacional
5894,rhythm music,rhythm 'n' blues,pop paraguayo,#66CC99,#65C898,popparaguayo
5895,rhythm music,rhythm 'n' blues,pop peruano,#66CC99,#55C498,popperuano
5896,rhythm music,rhythm 'n' blues,pop teen brasileiro,#66CC99,#78CFA1,popteenbrasileiro
5897,rhythm music,rhythm 'n' blues,pop virale italiano,#66CC99,#69CC90,popviraleitaliano
5898,rhythm music,rhythm 'n' blues,portuguese pop,#66CC99,#66CEA3,portuguesepop
5899,rhythm music,rhythm 'n' blues,powwow,#66CC99,#5CC48A,powwow
5900,rhythm music,rhythm 'n' blues,puerto rican pop,#66CC99,#5BCBA0,puertoricanpop
5901,rhythm music,rhythm 'n' blues,punjabi folk,#66CC99,#74D4AE,punjabifolk
5902,rhythm music,rhythm 'n' blues,punta rock,#66CC99,#60CA9B,puntarock
5903,rhythm music,rhythm 'n' blues,pygmy music,#66CC99,#5DCA94,pygmymusic
5904,rhythm music,rhythm 'n' blues,qanun,#66CC99,#74CE99,qanun
5905,rhythm music,rhythm 'n' blues,quiet storm,#66CC99,#5FC79B,quietstorm
5906,rhythm music,rhythm 'n' blues,r&b,#66CC99,#4EC995,r&b
5907,rhythm music,rhythm 'n' blues,rajasthani pop,#66CC99,#64C7A2,rajasthanipop
5908,rhythm music,rhythm 'n' blues,rap alagoano,#66CC99,#5ECC9E,rapalagoano
5909,rhythm music,rhythm 'n' blues,rap galego,#66CC99,#70D09A,rapgalego
5910,rhythm music,rhythm 'n' blues,rap genovese,#66CC99,#53C294,rapgenovese
5911,rhythm music,rhythm 'n' blues,rap guarulhense,#66CC99,#66CB9B,rapguarulhense
5912,rhythm music,rhythm 'n' blues,rap napoletano,#66CC99,#50CA9A,rapnapoletano
5913,rhythm music,rhythm 'n' blues,rap portuense,#66CC99,#6FCF98,rapportuense
5914,rhythm music,rhythm 'n' blues,rap toscana,#66CC99,#6ED3A0,raptoscana
5915,rhythm music,rhythm 'n' blues,rap uliczny,#66CC99,#61CD99,rapuliczny
5916,rhythm music,rhythm 'n' blues,rare groove,#66CC99,#75D1AD,raregroove
5917,rhythm music,rhythm 'n' blues,reggae catala,#66CC99,#60CC9C,reggaecatala
5918,rhythm music,rhythm 'n' blues,reggae gaucho,#66CC99,#7BCFAC,reggaegaucho
5919,rhythm music,rhythm 'n' blues,reggae maghreb,#66CC99,#77D2A1,reggaemaghreb
5920,rhythm music,rhythm 'n' blues,reggae rock,#66CC99,#5ACC9D,reggaerock
5921,rhythm music,rhythm 'n' blues,relaxative,#66CC99,#5BC592,relaxative
5922,rhythm music,rhythm 'n' blues,rhythm and blues,#66CC99,#68CFA7,rhythmandblues
5923,rhythm music,rhythm 'n' blues,rhythm and boogie,#66CC99,#70D4A1,rhythmandboogie
5924,rhythm music,rhythm 'n' blues,rif,#66CC99,#54C397,rif
5925,rhythm music,rhythm 'n' blues,rio grande do sul indie,#66CC99,#71D09F,riograndedosulindie
5926,rhythm music,rhythm 'n' blues,rock baiano,#66CC99,#74D39C,rockbaiano
5927,rhythm music,rhythm 'n' blues,rock catala,#66CC99,#71CC96,rockcatala
5928,rhythm music,rhythm 'n' blues,rock uruguayo,#66CC99,#69CE93,rockuruguayo
5929,rhythm music,rhythm 'n' blues,rondalla,#66CC99,#5ACD9A,rondalla
5930,rhythm music,rhythm 'n' blues,rumba,#66CC99,#67C9A1,rumba
5931,rhythm music,rhythm 'n' blues,russian experimental electronic,#66CC99,#76D4B0,russianexperimentalelectronic
5932,rhythm music,rhythm 'n' blues,russian gangster rap,#66CC99,#58C890,russiangangsterrap
5933,rhythm music,rhythm 'n' blues,russian grime,#66CC99,#57C18D,russiangrime
5934,rhythm music,rhythm 'n' blues,russian hip hop,#66CC99,#77D09A,russianhiphop
5935,rhythm music,rhythm 'n' blues,russian plugg,#66CC99,#70CDA8,russianplugg
5936,rhythm music,rhythm 'n' blues,russian reggae,#66CC99,#5BCD86,russianreggae
5937,rhythm music,rhythm 'n' blues,sad rap,#66CC99,#61CA98,sadrap
5938,rhythm music,rhythm 'n' blues,salay,#66CC99,#68CD90,salay
5939,rhythm music,rhythm 'n' blues,salsa urbana,#66CC99,#54CA85,salsaurbana
5940,rhythm music,rhythm 'n' blues,samba de roda,#66CC99,#64D0A2,sambaderoda
5941,rhythm music,rhythm 'n' blues,samba gospel,#66CC99,#59C38C,sambagospel
5942,rhythm music,rhythm 'n' blues,samba reggae,#66CC99,#72D099,sambareggae
5943,rhythm music,rhythm 'n' blues,sambalpuri pop,#66CC99,#76CCA3,sambalpuripop
5944,rhythm music,rhythm 'n' blues,samba-rock,#66CC99,#5DCD90,sambarock
5945,rhythm music,rhythm 'n' blues,samoan pop,#66CC99,#5DC893,samoanpop
5946,rhythm music,rhythm 'n' blues,sandalwood,#66CC99,#55C997,sandalwood
5947,rhythm music,rhythm 'n' blues,sanfona,#66CC99,#5BC99C,sanfona
5948,rhythm music,rhythm 'n' blues,saraiki pop,#66CC99,#58CC96,saraikipop
5949,rhythm music,rhythm 'n' blues,scottish hip hop,#66CC99,#70D3AB,scottishhiphop
5950,rhythm music,rhythm 'n' blues,sda choir,#66CC99,#59C898,sdachoir
5951,rhythm music,rhythm 'n' blues,seattle hip hop,#66CC99,#79CFAB,seattlehiphop
5952,rhythm music,rhythm 'n' blues,sebene,#66CC99,#5EC485,sebene
5953,rhythm music,rhythm 'n' blues,second line,#66CC99,#75D1AB,secondline
5954,rhythm music,rhythm 'n' blues,sega mauricien,#66CC99,#7CD2AA,segamauricien
5955,rhythm music,rhythm 'n' blues,sesotho pop,#66CC99,#55C596,sesothopop
5956,rhythm music,rhythm 'n' blues,shabad,#66CC99,#7AD1B0,shabad
5957,rhythm music,rhythm 'n' blues,shanty,#66CC99,#4EC77E,shanty
5958,rhythm music,rhythm 'n' blues,sholawat,#66CC99,#72D39D,sholawat
5959,rhythm music,rhythm 'n' blues,siberian folk,#66CC99,#63C99E,siberianfolk
5960,rhythm music,rhythm 'n' blues,sindhi,#66CC99,#55C398,sindhi
5961,rhythm music,rhythm 'n' blues,singaporean hip hop,#66CC99,#78CD9D,singaporeanhiphop
5962,rhythm music,rhythm 'n' blues,singaporean pop,#66CC99,#7FD0A4,singaporeanpop
5963,rhythm music,rhythm 'n' blues,singeli,#66CC99,#5ACD92,singeli
5964,rhythm music,rhythm 'n' blues,sinhala indie,#66CC99,#70CD9E,sinhalaindie
5965,rhythm music,rhythm 'n' blues,sinhala pop,#66CC99,#68CBA6,sinhalapop
5966,rhythm music,rhythm 'n' blues,ska argentino,#66CC99,#6DCC9B,skaargentino
5967,rhythm music,rhythm 'n' blues,slack-key guitar,#66CC99,#55CC9D,slackkeyguitar
5968,rhythm music,rhythm 'n' blues,slovak hip hop,#66CC99,#57C88A,slovakhiphop
5969,rhythm music,rhythm 'n' blues,slowed and reverb,#66CC99,#6BCC9E,slowedandreverb
5970,rhythm music,rhythm 'n' blues,smooth saxophone,#66CC99,#75D3A0,smoothsaxophone
5971,rhythm music,rhythm 'n' blues,smutny rap,#66CC99,#5FC597,smutnyrap
5972,rhythm music,rhythm 'n' blues,soul,#66CC99,#64C88B,soul
5973,rhythm music,rhythm 'n' blues,south african country,#66CC99,#6ACD93,southafricancountry
5974,rhythm music,rhythm 'n' blues,south african jazz,#66CC99,#5FCD92,southafricanjazz
5975,rhythm music,rhythm 'n' blues,south african underground rap,#66CC99,#62CAA2,southafricanundergroundrap
5976,rhythm music,rhythm 'n' blues,space age pop,#66CC99,#4FC682,spaceagepop
5977,rhythm music,rhythm 'n' blues,spanish blues,#66CC99,#63D0A0,spanishblues
5978,rhythm music,rhythm 'n' blues,speed plug brasileiro,#66CC99,#5FC98C,speedplugbrasileiro
5979,rhythm music,rhythm 'n' blues,speed up turkce,#66CC99,#72D1A4,speedupturkce
5980,rhythm music,rhythm 'n' blues,spiritual hip hop,#66CC99,#7ED0A2,spiritualhiphop
5981,rhythm music,rhythm 'n' blues,street band,#66CC99,#74D09D,streetband
5982,rhythm music,rhythm 'n' blues,string band,#66CC99,#76CD98,stringband
5983,rhythm music,rhythm 'n' blues,sudanese pop,#66CC99,#58C49B,sudanesepop
5984,rhythm music,rhythm 'n' blues,sungura,#66CC99,#75CEA7,sungura
5985,rhythm music,rhythm 'n' blues,suomirap,#66CC99,#66CFA7,suomirap
5986,rhythm music,rhythm 'n' blues,swahili gospel,#66CC99,#74CEAA,swahiligospel
5987,rhythm music,rhythm 'n' blues,swamp rock,#66CC99,#79D4A8,swamprock
5988,rhythm music,rhythm 'n' blues,swazi pop,#66CC99,#5CCC9C,swazipop
5989,rhythm music,rhythm 'n' blues,swiss hip hop,#66CC99,#58CD97,swisshiphop
5990,rhythm music,rhythm 'n' blues,swiss jazz,#66CC99,#72CF9C,swissjazz
5991,rhythm music,rhythm 'n' blues,swiss singer-songwriter,#66CC99,#55C88E,swisssingersongwriter
5992,rhythm music,rhythm 'n' blues,tahitian traditional,#66CC99,#6FD1A8,tahitiantraditional
5993,rhythm music,rhythm 'n' blues,talentos brasileiros,#66CC99,#65CF96,talentosbrasileiros
5994,rhythm music,rhythm 'n' blues,talentschau,#66CC99,#4EC781,talentschau
5995,rhythm music,rhythm 'n' blues,tamazight,#66CC99,#7BD4A9,tamazight
5996,rhythm music,rhythm 'n' blues,tamil hip hop,#66CC99,#50C695,tamilhiphop
5997,rhythm music,rhythm 'n' blues,tamil indie,#66CC99,#52C67F,tamilindie
5998,rhythm music,rhythm 'n' blues,tamil pop,#66CC99,#56CB94,tamilpop
5999,rhythm music,rhythm 'n' blues,tamil worship,#66CC99,#58C88D,tamilworship
6000,rhythm music,rhythm 'n' blues,tanzanian traditional,#66CC99,#56CC8D,tanzaniantraditional
6001,rhythm music,rhythm 'n' blues,tarantella,#66CC99,#53C287,tarantella
6002,rhythm music,rhythm 'n' blues,tecnobrega,#66CC99,#67CE90,tecnobrega
6003,rhythm music,rhythm 'n' blues,teen pop,#66CC99,#73CDA8,teenpop
6004,rhythm music,rhythm 'n' blues,telugu indie,#66CC99,#5ACC96,teluguindie
6005,rhythm music,rhythm 'n' blues,telugu remix,#66CC99,#61C88C,teluguremix
6006,rhythm music,rhythm 'n' blues,telugu worship,#66CC99,#5CCE9F,teluguworship
6007,rhythm music,rhythm 'n' blues,thai ost,#66CC99,#58C693,thaiost
6008,rhythm music,rhythm 'n' blues,tinku,#66CC99,#74CF9E,tinku
6009,rhythm music,rhythm 'n' blues,tollywood,#66CC99,#7ACFAB,tollywood
6010,rhythm music,rhythm 'n' blues,tongan pop,#66CC99,#61CA96,tonganpop
6011,rhythm music,rhythm 'n' blues,trap cristao,#66CC99,#64C98E,trapcristao
6012,rhythm music,rhythm 'n' blues,trap italiana,#66CC99,#5BC387,trapitaliana
6013,rhythm music,rhythm 'n' blues,trap maroc,#66CC99,#75D4A3,trapmaroc
6014,rhythm music,rhythm 'n' blues,trap triste,#66CC99,#62CE90,traptriste
6015,rhythm music,rhythm 'n' blues,trop rock,#66CC99,#65CA99,troprock
6016,rhythm music,rhythm 'n' blues,trova,#66CC99,#6FD196,trova
6017,rhythm music,rhythm 'n' blues,turkce slow sarkilar,#66CC99,#6ECB93,turkceslowsarkilar
6018,rhythm music,rhythm 'n' blues,turkish alt pop,#66CC99,#70D49D,turkishaltpop
6019,rhythm music,rhythm 'n' blues,turkish singer-songwriter,#66CC99,#5FC589,turkishsingersongwriter
6020,rhythm music,rhythm 'n' blues,turkish trap pop,#66CC99,#6CCCA0,turkishtrappop
6021,rhythm music,rhythm 'n' blues,uk contemporary jazz,#66CC99,#6ECA92,ukcontemporaryjazz
6022,rhythm music,rhythm 'n' blues,uk rockabilly,#66CC99,#73CEA8,ukrockabilly
6023,rhythm music,rhythm 'n' blues,umbanda,#66CC99,#60C9A0,umbanda
6024,rhythm music,rhythm 'n' blues,underground hip hop,#66CC99,#77D4AA,undergroundhiphop
6025,rhythm music,rhythm 'n' blues,urban contemporary,#66CC99,#75D1AC,urbancontemporary
6026,rhythm music,rhythm 'n' blues,urban soul / pop (nu r&b i),#66CC99,#6CCD9F,urbansoulpopnur&bi
6027,rhythm music,rhythm 'n' blues,uzbek pop,#66CC99,#74D3A6,uzbekpop
6028,rhythm music,rhythm 'n' blues,vbs,#66CC99,#5EC98A,vbs
6029,rhythm music,rhythm 'n' blues,velha guarda,#66CC99,#53C286,velhaguarda
6030,rhythm music,rhythm 'n' blues,veracruz indie,#66CC99,#5ECC93,veracruzindie
6031,rhythm music,rhythm 'n' blues,viet lo-fi,#66CC99,#79CD9D,vietlofi
6032,rhythm music,rhythm 'n' blues,vietnamese electronic,#66CC99,#5ACC9C,vietnameseelectronic
6033,rhythm music,rhythm 'n' blues,vietnamese idol pop,#66CC99,#58C299,vietnameseidolpop
6034,rhythm music,rhythm 'n' blues,vietnamese melodic rap,#66CC99,#68CBA3,vietnamesemelodicrap
6035,rhythm music,rhythm 'n' blues,vietnamese traditional,#66CC99,#7BD0A3,vietnamesetraditional
6036,rhythm music,rhythm 'n' blues,vintage swedish pop,#66CC99,#69CC92,vintageswedishpop
6037,rhythm music,rhythm 'n' blues,viola caipira,#66CC99,#64CEA1,violacaipira
6038,rhythm music,rhythm 'n' blues,viral pop,#66CC99,#5FCAA1,viralpop
6039,rhythm music,rhythm 'n' blues,virginia indie,#66CC99,#79D6B0,virginiaindie
6040,rhythm music,rhythm 'n' blues,volkspop,#66CC99,#65C98F,volkspop
6041,rhythm music,rhythm 'n' blues,v-pop,#66CC99,#70CEA4,vpop
6042,rhythm music,rhythm 'n' blues,waiata maori,#66CC99,#56C98B,waiatamaori
6043,rhythm music,rhythm 'n' blues,weirdcore,#66CC99,#75D1A6,weirdcore
6044,rhythm music,rhythm 'n' blues,welsh folk,#66CC99,#7DD1A4,welshfolk
6045,rhythm music,rhythm 'n' blues,welsh hip hop,#66CC99,#6DD2A9,welshhiphop
6046,rhythm music,rhythm 'n' blues,west coast reggae,#66CC99,#5FC699,westcoastreggae
6047,rhythm music,rhythm 'n' blues,winnipeg hip hop,#66CC99,#65CD9C,winnipeghiphop
6048,rhythm music,rhythm 'n' blues,wrock,#66CC99,#64CC8F,wrock
6049,rhythm music,rhythm 'n' blues,yacht rock,#66CC99,#57C28B,yachtrock
6050,rhythm music,rhythm 'n' blues,yakut pop,#66CC99,#76CFA7,yakutpop
6051,rhythm music,rhythm 'n' blues,yemeni pop,#66CC99,#74D0A2,yemenipop
6052,rhythm music,rhythm 'n' blues,yorkshire folk,#66CC99,#62D097,yorkshirefolk
6053,rhythm music,rhythm 'n' blues,yoruba worship,#66CC99,#57C598,yorubaworship
6054,rhythm music,rhythm 'n' blues,zambian pop,#66CC99,#63CB93,zambianpop
6055,rhythm music,rhythm 'n' blues,zillertal,#66CC99,#55C88F,zillertal
6056,rhythm music,rhythm 'n' blues,zim hip hop,#66CC99,#5DCA8D,zimhiphop
6057,rhythm music,rhythm 'n' blues,zim urban groove,#66CC99,#56C79B,zimurbangroove
6058,rhythm music,rhythm 'n' blues,zydeco,#66CC99,#6DCDA2,zydeco
6059,rock,rock,alternative rock,#DCB250,#DCB250,alternativerock
6060,rock,rock,contemporary rock,#DCB250,#DCB250,contemporaryrock
6061,rock,rock,golden age rock,#DCB250,#DCB250,goldenagerock
6062,rock,rock,hardcore punk,#DCB250,#DCB250,hardcorepunk
6063,heavy / experimental,rock,power ballad,#DCB250,#E2B95B,powerballad
6064,rock,rock,punk / wave,#DCB250,#DCB250,punkwave
6065,rock,rock,rock,#DCB250,#DCB250,rock
6066,rock,rock,rock 'n' roll,#DCB250,#DCB250,rock'n'roll
6067,pop,rock gaucho,novo rock gaucho,#FFEB91,#FEE3A4,novorockgaucho
6068,rock,rock 'n' roll,acoustic chill,#DCB250,#D7BF4E,acousticchill
6069,rock,rock 'n' roll,adelaide indie,#DCB250,#E1AF54,adelaideindie
6070,rock,rock 'n' roll,american & british folk revival,#DCB250,#DCAD57,american&britishfolkrevival
6071,rock,rock 'n' roll,american oi,#DCB250,#E0B064,americanoi
6072,rock,rock 'n' roll,anime piano,#DCB250,#DEB24F,animepiano
6073,rock,rock 'n' roll,arabic jazz,#DCB250,#E0AC5E,arabicjazz
6074,rock,rock 'n' roll,auteur-compositeur-interprete quebecois,#DCB250,#DFB249,auteurcompositeurinterpretequebecois
6075,rock,rock 'n' roll,autoharp,#DCB250,#DBAB3F,autoharp
6076,rock,rock 'n' roll,baglama,#DCB250,#DBB434,baglama
6077,rock,rock 'n' roll,bali indie,#DCB250,#E1BC5A,baliindie
6078,rock,rock 'n' roll,balinese traditional,#DCB250,#E1B35E,balinesetraditional
6079,rock,rock 'n' roll,basque folk,#DCB250,#DDC561,basquefolk
6080,rock,rock 'n' roll,belgian indie rock,#DCB250,#E1B566,belgianindierock
6081,rock,rock 'n' roll,belgian modern jazz,#DCB250,#D9BB43,belgianmodernjazz
6082,rock,rock 'n' roll,bhajan,#DCB250,#E4B964,bhajan
6083,rock,rock 'n' roll,black punk,#DCB250,#DCA33C,blackpunk
6084,rock,rock 'n' roll,blues rock,#DCB250,#E3CA61,bluesrock
6085,rock,rock 'n' roll,bouzouki,#DCB250,#DAAA37,bouzouki
6086,rock,rock 'n' roll,brass band,#DCB250,#E0BF64,brassband
6087,rock,rock 'n' roll,brighton indie,#DCB250,#DFC555,brightonindie
6088,rock,rock 'n' roll,british jazz,#DCB250,#E1AD52,britishjazz
6089,rock,rock 'n' roll,brooklyn indie,#DCB250,#D4943C,brooklynindie
6090,rock,rock 'n' roll,bruneian indie,#DCB250,#D9AB4E,bruneianindie
6091,rock,rock 'n' roll,c86,#DCB250,#DAA95D,c86
6092,rock,rock 'n' roll,chanson,#DCB250,#DCB45B,chanson
6093,rock,rock 'n' roll,chicago soul,#DCB250,#DFA446,chicagosoul
6094,rock,rock 'n' roll,chinese jazz,#DCB250,#D4A53C,chinesejazz
6095,rock,rock 'n' roll,cifteli,#DCB250,#DFC967,cifteli
6096,rock,rock 'n' roll,cincinnati indie,#DCB250,#DBA53A,cincinnatiindie
6097,rock,rock 'n' roll,classic assamese pop,#DCB250,#D9B84D,classicassamesepop
6098,rock,rock 'n' roll,classic bangla pop,#DCB250,#DDC769,classicbanglapop
6099,rock,rock 'n' roll,classic bollywood,#DCB250,#D49943,classicbollywood
6100,rock,rock 'n' roll,classic country pop,#DCB250,#DA9A34,classiccountrypop
6101,rock,rock 'n' roll,classic greek pop,#DCB250,#DFB84F,classicgreekpop
6102,rock,rock 'n' roll,classic konkani pop,#DCB250,#D9BC38,classickonkanipop
6103,rock,rock 'n' roll,classic latvian pop,#DCB250,#D6A641,classiclatvianpop
6104,rock,rock 'n' roll,classic nz country,#DCB250,#DFC865,classicnzcountry
6105,rock,rock 'n' roll,classic oklahoma country,#DCB250,#E1C364,classicoklahomacountry
6106,rock,rock 'n' roll,classic pakistani pop,#DCB250,#D8B349,classicpakistanipop
6107,rock,rock 'n' roll,classic polish pop,#DCB250,#E0C35A,classicpolishpop
6108,rock,rock 'n' roll,concepcion indie,#DCB250,#E2C261,concepcionindie
6109,rock,rock 'n' roll,contemporary folk,#DCB250,#E2B257,contemporaryfolk
6110,rock,rock 'n' roll,contemporary jazz,#DCB250,#DCBA4A,contemporaryjazz
6111,rock,rock 'n' roll,contra dance,#DCB250,#E1AF55,contradance
6112,rock,rock 'n' roll,czech singer-songwriter,#DCB250,#DAAA46,czechsingersongwriter
6113,rock,rock 'n' roll,danish modern jazz,#DCB250,#DFAF4D,danishmodernjazz
6114,rock,rock 'n' roll,deep motown,#DCB250,#DDB464,deepmotown
6115,rock,rock 'n' roll,derby indie,#DCB250,#D6A443,derbyindie
6116,rock,rock 'n' roll,doo-wop,#DCB250,#DCBF4C,doowop
6117,rock,rock 'n' roll,dutch folk,#DCB250,#D6B248,dutchfolk
6118,rock,rock 'n' roll,dutch indie rock,#DCB250,#D69E45,dutchindierock
6119,rock,rock 'n' roll,dutch jazz,#DCB250,#DCA648,dutchjazz
6120,rock,rock 'n' roll,dweilorkest,#DCB250,#DDBD40,dweilorkest
6121,rock,rock 'n' roll,east anglia indie,#DCB250,#DEC864,eastangliaindie
6122,rock,rock 'n' roll,edinburgh indie,#DCB250,#DDA856,edinburghindie
6123,rock,rock 'n' roll,estonian jazz,#DCB250,#DC9F4B,estonianjazz
6124,rock,rock 'n' roll,exotica,#DCB250,#DCA754,exotica
6125,rock,rock 'n' roll,faroese jazz,#DCB250,#DCC154,faroesejazz
6126,rock,rock 'n' roll,filmi,#DCB250,#DEAF55,filmi
6127,rock,rock 'n' roll,folk,#DCB250,#DB9C34,folk
6128,rock,rock 'n' roll,free improvisation,#DCB250,#DBBB5E,freeimprovisation
6129,rock,rock 'n' roll,galician jazz,#DCB250,#DAB157,galicianjazz
6130,rock,rock 'n' roll,garage rock,#DCB250,#D89D38,garagerock
6131,rock,rock 'n' roll,german post-rock,#DCB250,#DCA13E,germanpostrock
6132,rock,rock 'n' roll,german punk,#DCB250,#DEB964,germanpunk
6133,rock,rock 'n' roll,ghazal,#DCB250,#D6A347,ghazal
6134,rock,rock 'n' roll,gospel singers,#DCB250,#DAB64E,gospelsingers
6135,rock,rock 'n' roll,greek folk,#DCB250,#DFBD64,greekfolk
6136,rock,rock 'n' roll,greek jazz,#DCB250,#E1C559,greekjazz
6137,rock,rock 'n' roll,gujarati garba,#DCB250,#DFA34C,gujaratigarba
6138,rock,rock 'n' roll,gypsy,#DCB250,#D89C4A,gypsy
6139,rock,rock 'n' roll,hammered dulcimer,#DCB250,#DCAE37,hammereddulcimer
6140,rock,rock 'n' roll,hard chime,#DCB250,#DBB24B,hardchime
6141,rock,rock 'n' roll,harmonikka,#DCB250,#D9AA52,harmonikka
6142,rock,rock 'n' roll,indie dream pop,#DCB250,#DCC457,indiedreampop
6143,rock,rock 'n' roll,indonesian alternative rock,#DCB250,#E2C857,indonesianalternativerock
6144,rock,rock 'n' roll,instrumental worship,#DCB250,#DFBD65,instrumentalworship
6145,rock,rock 'n' roll,inuit traditional,#DCB250,#E2C75F,inuittraditional
6146,rock,rock 'n' roll,irish accordion,#DCB250,#D7A84B,irishaccordion
6147,rock,rock 'n' roll,irish modern jazz,#DCB250,#E1B85A,irishmodernjazz
6148,rock,rock 'n' roll,italian folk,#DCB250,#DEA749,italianfolk
6149,rock,rock 'n' roll,jain bhajan,#DCB250,#DABF4E,jainbhajan
6150,rock,rock 'n' roll,japanese dream pop,#DCB250,#D7AA40,japanesedreampop
6151,rock,rock 'n' roll,japanese jazz,#DCB250,#E0B463,japanesejazz
6152,rock,rock 'n' roll,jazz chileno,#DCB250,#D49640,jazzchileno
6153,rock,rock 'n' roll,jazz composition,#DCB250,#DFBA53,jazzcomposition
6154,rock,rock 'n' roll,jazz mexicano,#DCB250,#DAAB3D,jazzmexicano
6155,rock,rock 'n' roll,jazz pop,#DCB250,#DC9F40,jazzpop
6156,rock,rock 'n' roll,judaica,#DCB250,#DFC356,judaica
6157,rock,rock 'n' roll,kinderchor,#DCB250,#DABF5B,kinderchor
6158,rock,rock 'n' roll,korean indie folk,#DCB250,#D9A23E,koreanindiefolk
6159,rock,rock 'n' roll,korean minyo,#DCB250,#E0B55B,koreanminyo
6160,rock,rock 'n' roll,kritika,#DCB250,#D5B946,kritika
6161,rock,rock 'n' roll,kurdish folk,#DCB250,#D9B058,kurdishfolk
6162,rock,rock 'n' roll,limerick indie,#DCB250,#E0B463,limerickindie
6163,rock,rock 'n' roll,liverpool indie,#DCB250,#D8B238,liverpoolindie
6164,rock,rock 'n' roll,marching band,#DCB250,#DBA54A,marchingband
6165,rock,rock 'n' roll,mariachi,#DCB250,#D99D48,mariachi
6166,rock,rock 'n' roll,min'yo,#DCB250,#DDBF50,min'yo
6167,rock,rock 'n' roll,modern big band,#DCB250,#DAAC46,modernbigband
6168,rock,rock 'n' roll,modern old-time,#DCB250,#DDAA61,modernoldtime
6169,rock,rock 'n' roll,movie tunes,#DCB250,#D9B451,movietunes
6170,rock,rock 'n' roll,musica de intervencao,#DCB250,#DFB45C,musicadeintervencao
6171,rock,rock 'n' roll,musica menorquina,#DCB250,#DFC45F,musicamenorquina
6172,rock,rock 'n' roll,musica timor-leste,#DCB250,#E0AD5B,musicatimorleste
6173,rock,rock 'n' roll,muzica maramureseana,#DCB250,#DEA44E,muzicamaramureseana
6174,rock,rock 'n' roll,muzica populara,#DCB250,#D99F46,muzicapopulara
6175,rock,rock 'n' roll,naat,#DCB250,#DAB055,naat
6176,rock,rock 'n' roll,nasheed,#DCB250,#D9A557,nasheed
6177,rock,rock 'n' roll,neo-proto,#DCB250,#E0C35F,neoproto
6178,rock,rock 'n' roll,new orleans americana,#DCB250,#DBBC5C,neworleansamericana
6179,rock,rock 'n' roll,newcastle nsw indie,#DCB250,#DB9F43,newcastlenswindie
6180,rock,rock 'n' roll,norske viser,#DCB250,#E1C75A,norskeviser
6181,rock,rock 'n' roll,north carolina roots,#DCB250,#D99D47,northcarolinaroots
6182,rock,rock 'n' roll,nueva trova chilena,#DCB250,#D9BF57,nuevatrovachilena
6183,rock,rock 'n' roll,odia bhajan,#DCB250,#DCB14F,odiabhajan
6184,rock,rock 'n' roll,old-time fiddle,#DCB250,#DCAE51,oldtimefiddle
6185,rock,rock 'n' roll,oxford indie,#DCB250,#DCAD5E,oxfordindie
6186,rock,rock 'n' roll,pakistani folk,#DCB250,#DFC860,pakistanifolk
6187,rock,rock 'n' roll,palestinian traditional,#DCB250,#D8B54C,palestiniantraditional
6188,rock,rock 'n' roll,papuan traditional,#DCB250,#D7AE3D,papuantraditional
6189,rock,rock 'n' roll,pashto pop,#DCB250,#D9A946,pashtopop
6190,rock,rock 'n' roll,pasodobles,#DCB250,#D7BA43,pasodobles
6191,rock,rock 'n' roll,peruvian punk,#DCB250,#DDA53A,peruvianpunk
6192,rock,rock 'n' roll,phoenix indie,#DCB250,#E1A758,phoenixindie
6193,rock,rock 'n' roll,pirate,#DCB250,#D8A850,pirate
6194,rock,rock 'n' roll,pittsburgh rock,#DCB250,#D6BB49,pittsburghrock
6195,rock,rock 'n' roll,poezja spiewana,#DCB250,#E0C24B,poezjaspiewana
6196,rock,rock 'n' roll,portsmouth indie,#DCB250,#D9B856,portsmouthindie
6197,rock,rock 'n' roll,prepared piano,#DCB250,#D49A3D,preparedpiano
6198,rock,rock 'n' roll,progressive bluegrass,#DCB250,#DBA650,progressivebluegrass
6199,rock,rock 'n' roll,psicodelia chilena,#DCB250,#E0B359,psicodeliachilena
6200,rock,rock 'n' roll,psychobilly,#DCB250,#DEBA69,psychobilly
6201,rock,rock 'n' roll,qawwali,#DCB250,#D69D40,qawwali
6202,rock,rock 'n' roll,rajasthani folk,#DCB250,#D99D4B,rajasthanifolk
6203,rock,rock 'n' roll,rock brasiliense,#DCB250,#E1B360,rockbrasiliense
6204,rock,rock 'n' roll,rock campineiro,#DCB250,#D9A33D,rockcampineiro
6205,rock,rock 'n' roll,rock dominicano,#DCB250,#DEBC59,rockdominicano
6206,rock,rock 'n' roll,rock gospel brasileiro,#DCB250,#D99A41,rockgospelbrasileiro
6207,rock,rock 'n' roll,rock nacional,#DCB250,#DAB951,rocknacional
6208,rock,rock 'n' roll,rock pernambucano,#DCB250,#E2C264,rockpernambucano
6209,rock,rock 'n' roll,rockabilly,#DCB250,#DCAE54,rockabilly
6210,rock,rock 'n' roll,rockabilly & rock ‘n’ roll,#DCB250,#D69C45,rockabilly&rock‘n’roll
6211,rock,rock 'n' roll,rock-and-roll,#DCB250,#D7BA44,rockandroll
6212,rock,rock 'n' roll,romanian folk,#DCB250,#DABA4F,romanianfolk
6213,rock,rock 'n' roll,sacramento indie,#DCB250,#DFA946,sacramentoindie
6214,rock,rock 'n' roll,santoor,#DCB250,#D8AB51,santoor
6215,rock,rock 'n' roll,sardinia indie,#DCB250,#DDC14B,sardiniaindie
6216,rock,rock 'n' roll,schwyzerorgeli,#DCB250,#E1BB56,schwyzerorgeli
6217,rock,rock 'n' roll,scottish indie,#DCB250,#D9B352,scottishindie
6218,rock,rock 'n' roll,seemannslieder,#DCB250,#DCBA52,seemannslieder
6219,rock,rock 'n' roll,skiffle (revival),#DCB250,#DCB547,skifflerevival
6220,rock,rock 'n' roll,song poem,#DCB250,#D9B73B,songpoem
6221,rock,rock 'n' roll,sotalaulut,#DCB250,#DCB74A,sotalaulut
6222,rock,rock 'n' roll,south african choral,#DCB250,#E1C064,southafricanchoral
6223,rock,rock 'n' roll,south african modern jazz,#DCB250,#E3C65C,southafricanmodernjazz
6224,rock,rock 'n' roll,south dakota indie,#DCB250,#D69C4C,southdakotaindie
6225,rock,rock 'n' roll,spiritual jazz,#DCB250,#DB9F35,spiritualjazz
6226,rock,rock 'n' roll,stockholm indie,#DCB250,#E4B464,stockholmindie
6227,rock,rock 'n' roll,sung poetry,#DCB250,#DFBA5D,sungpoetry
6228,rock,rock 'n' roll,surf rock,#DCB250,#E0BC50,surfrock
6229,rock,rock 'n' roll,swiss folk,#DCB250,#D8AD4F,swissfolk
6230,rock,rock 'n' roll,swiss worship,#DCB250,#E2B361,swissworship
6231,rock,rock 'n' roll,thai instrumental,#DCB250,#DDB055,thaiinstrumental
6232,rock,rock 'n' roll,thai psychedelic,#DCB250,#DAB84E,thaipsychedelic
6233,rock,rock 'n' roll,tijuana indie,#DCB250,#DBA556,tijuanaindie
6234,rock,rock 'n' roll,turkish modern jazz,#DCB250,#D8B552,turkishmodernjazz
6235,rock,rock 'n' roll,vgm instrumental,#DCB250,#DD9C3E,vgminstrumental
6236,rock,rock 'n' roll,windsor on indie,#DCB250,#DCB35C,windsoronindie
6237,rock,rock 'n' roll,ye ye,#DCB250,#DCB75A,yeye
6238,rock,rock 'n' roll,yogyakarta indie,#DCB250,#D7AA50,yogyakartaindie
6239,rock,rock 'n' roll,zikir,#DCB250,#DBAE5E,zikir
6240,electronic music,romanian pop,classic romanian pop,#D52633,#CD2629,classicromanianpop
6241,pop,russian pop,russian alt pop,#FFEB91,#FFD38B,russianaltpop
6242,pop,russian rock,russian folk rock,#FFEB91,#FDE198,russianfolkrock
6243,rhythm music,sad rap,persian sad rap,#66CC99,#5ECC88,persiansadrap
6244,electronic music,scottish folk,scottish indie folk,#FF227A,#FD0C7C,scottishindiefolk
6245,rhythm music,sinhala pop,classic sinhala pop,#66CC99,#5ACA92,classicsinhalapop
6246,rhythm music,ska,australian ska,#66CC99,#72CB96,australianska
6247,rhythm music,ska,jamaican ska,#66CC99,#5ECA8B,jamaicanska
6248,rhythm music,ska,ska jazz,#66CC99,#78D29B,skajazz
6249,rhythm music,ska,ska mexicano,#66CC99,#67CAA1,skamexicano
6250,rhythm music,ska,ska revival,#66CC99,#5AC88B,skarevival
6251,rhythm music,ska,traditional ska,#66CC99,#63CFA0,traditionalska
6252,country / folk,ska punk,modern ska punk,#BDCC66,#C5D168,modernskapunk
6253,rhythm music,son cubano,son cubano clasico,#4364B3,#4159AB,soncubanoclasico
6254,rhythm music,soul,blue eyed soul,#64C88B,#70D19A,blueeyedsoul
6255,rhythm music,soul,brazilian soul,#66CC99,#72CC91,braziliansoul
6256,rhythm music,soul,british soul,#66CC99,#56C188,britishsoul
6257,rhythm music,soul,deep northern soul,#66CC99,#65CE8C,deepnorthernsoul
6258,rhythm music,soul,finnish soul,#66CC99,#4AC07B,finnishsoul
6259,rhythm music,soul,indie soul,#66CC99,#65CA97,indiesoul
6260,rhythm music,soul,neo soul-jazz,#66CC99,#61CA82,neosouljazz
6261,rhythm music,soul,psychedelic soul,#66CC99,#6BCF87,psychedelicsoul
6262,rhythm music,soul,smooth soul,#66CC99,#67CB90,smoothsoul
6263,rhythm music,soul,soul blues,#66CC99,#65C790,soulblues
6264,rhythm music,soul,swedish soul,#66CC99,#6BCC9B,swedishsoul
6265,rhythm music,soul,trap soul,#66CC99,#6FCB9F,trapsoul
6266,electronic music,south african deep house,south african soulful deep house,#D52633,#E03B41,southafricansoulfuldeephouse
6267,country / folk,southern soul,deep southern soul,#BDCC66,#AABF40,deepsouthernsoul
6268,rock,space rock,deep space rock,#DCB250,#DAA750,deepspacerock
6269,pop,spanish pop,spanish noise pop,#FFEB91,#FFE3A3,spanishnoisepop
6270,heavy / experimental,speed metal,black speed metal,#D0802F,#B36E2D,blackspeedmetal
6271,heavy / experimental,speed metal,new wave of speed metal,#D0802F,#CD992E,newwaveofspeedmetal
6272,rock,stoner rock,dutch stoner rock,#DCB250,#DBA459,dutchstonerrock
6273,rock,stoner rock,hard stoner rock,#DCB250,#E1AD74,hardstonerrock
6274,rock,straight edge,vegan straight edge,#DCB250,#DCB45C,veganstraightedge
6275,electronic music,string quartet,historic string quartet,#FF227A,#FF4BA7,historicstringquartet
6276,electronic music,string quartet,modern string quartet,#FF227A,#FC3C6C,modernstringquartet
6277,rhythm music,swedish jazz,swedish jazz orkester,#4364B3,#4985C3,swedishjazzorkester
6278,heavy / experimental,swedish metal,swedish heavy metal,#D0802F,#C9622E,swedishheavymetal
6279,heavy / experimental,symphonic black metal,deep symphonic black metal,#D0802F,#D1934D,deepsymphonicblackmetal
6280,heavy / experimental,symphonic metal,christian symphonic metal,#D0802F,#D2A458,christiansymphonicmetal
6281,heavy / experimental,symphonic metal,gothic symphonic metal,#D0802F,#CB973F,gothicsymphonicmetal
6282,rock,talent show,deep talent show,#DCB250,#DBA240,deeptalentshow
6283,rhythm music,talentos brasileiros,novos talentos brasileiros,#66CC99,#58C68E,novostalentosbrasileiros
6284,electronic music,tech house,brazilian tech house,#D52633,#DB2F42,braziliantechhouse
6285,electronic music,tech house,deep tech house,#D52633,#BD2E29,deeptechhouse
6286,electronic music,tech house,dutch tech house,#D52633,#B02440,dutchtechhouse
6287,electronic music,tech house,french tech house,#D52633,#CE352F,frenchtechhouse
6288,electronic music,tech house,funky tech house,#D52633,#AE2446,funkytechhouse
6289,electronic music,tech house,german tech house,#D52633,#C12B2A,germantechhouse
6290,electronic music,tech house,italian tech house,#D52633,#A82427,italiantechhouse
6291,electronic music,tech house,latin tech house,#D52633,#B82828,latintechhouse
6292,electronic music,tech house,mexican tech house,#D52633,#C12235,mexicantechhouse
6293,electronic music,tech house,minimal tech house,#D52633,#C52644,minimaltechhouse
6294,electronic music,tech house,uk tech house,#D52633,#D23831,uktechhouse
6295,heavy / experimental,technical death metal,progressive technical death metal,#D0802F,#B56C2C,progressivetechnicaldeathmetal
6296,electronic music,techno,(free-) tek(k)no,#D52633,#D92A30,freetekkno
6297,electronic music,techno,2-step,#D52633,#D83A3E,2step
6298,electronic music,techno,afro house,#D52633,#DE3A4E,afrohouse
6299,electronic music,techno,amapiano,#D52633,#D12C2A,amapiano
6300,electronic music,techno,ambient techno & idm,#D52633,#DA2130,ambienttechno&idm
6301,electronic music,techno,australian house,#D52633,#D22829,australianhouse
6302,electronic music,techno,australian techno,#D52633,#D53237,australiantechno
6303,electronic music,techno,barcadi,#D52633,#DE2537,barcadi
6304,electronic music,techno,bass house,#D52633,#C02826,basshouse
6305,electronic music,techno,bosnian electronic,#D52633,#E0363F,bosnianelectronic
6306,electronic music,techno,brazilian bass,#D52633,#D9272F,brazilianbass
6307,electronic music,techno,brazilian house,#D52633,#DA2537,brazilianhouse
6308,electronic music,techno,brazilian techno,#D52633,#D42A3F,braziliantechno
6309,electronic music,techno,bulgarian electronic,#D52633,#D93636,bulgarianelectronic
6310,electronic music,techno,canadian house,#D52633,#DB273C,canadianhouse
6311,electronic music,techno,chicago house,#D52633,#D7343F,chicagohouse
6312,electronic music,techno,circuit,#D52633,#DC233B,circuit
6313,electronic music,techno,cosmic uplifting trance,#D52633,#D12525,cosmicupliftingtrance
6314,electronic music,techno,croatian electronic,#D52633,#BD2332,croatianelectronic
6315,electronic music,techno,dark disco,#D52633,#D73E38,darkdisco
6316,electronic music,techno,dark progressive house,#D52633,#DA3853,darkprogressivehouse
6317,electronic music,techno,deep deep house,#D52633,#DF393F,deepdeephouse
6318,electronic music,techno,deep disco house,#D52633,#C02745,deepdiscohouse
6319,electronic music,techno,deep euro house,#D52633,#DB2C3F,deepeurohouse
6320,electronic music,techno,deep funk house,#D52633,#D62D46,deepfunkhouse
6321,electronic music,techno,deep progressive house,#D52633,#CD2822,deepprogressivehouse
6322,electronic music,techno,deep techno,#D52633,#CD2B23,deeptechno
6323,electronic music,techno,detroit house,#D52633,#D6393D,detroithouse
6324,electronic music,techno,detroit techno,#D52633,#CB2729,detroittechno
6325,electronic music,techno,drill beats,#D52633,#D52942,drillbeats
6326,electronic music,techno,dub reggae,#D52633,#CC2724,dubreggae
6327,electronic music,techno,electronica peruana,#D52633,#CC263F,electronicaperuana
6328,electronic music,techno,electronica venezuela,#D52633,#DB3940,electronicavenezuela
6329,electronic music,techno,ethnotronica,#D52633,#D93C4F,ethnotronica
6330,electronic music,techno,focus trance,#D52633,#C6263C,focustrance
6331,electronic music,techno,french techno,#D52633,#D8312B,frenchtechno
6332,electronic music,techno,funky house,#D52633,#C32437,funkyhouse
6333,electronic music,techno,fvnky rimex,#D52633,#CE252B,fvnkyrimex
6334,electronic music,techno,ghettotech,#D52633,#D22C25,ghettotech
6335,electronic music,techno,greek house,#D52633,#BC2536,greekhouse
6336,electronic music,techno,greek techno,#D52633,#D72A24,greektechno
6337,electronic music,techno,groove room,#D52633,#DE2947,grooveroom
6338,electronic music,techno,guaracha,#D52633,#CD302A,guaracha
6339,electronic music,techno,hard dance,#D52633,#DD2E38,harddance
6340,electronic music,techno,hardgroove,#D52633,#D73B3F,hardgroove
6341,electronic music,techno,high-tech minimal,#D52633,#E0324E,hightechminimal
6342,electronic music,techno,house argentino,#D52633,#CC223F,houseargentino
6343,electronic music,techno,hungarian edm,#D52633,#BF1F34,hungarianedm
6344,electronic music,techno,hungarian techno,#D52633,#D02625,hungariantechno
6345,electronic music,techno,indian techno,#D52633,#D32A2D,indiantechno
6346,electronic music,techno,indonesian viral pop,#D52633,#BE233B,indonesianviralpop
6347,electronic music,techno,industrial techno & schranz,#D52633,#D8453F,industrialtechno&schranz
6348,electronic music,techno,irish techno,#D52633,#BD2635,irishtechno
6349,electronic music,techno,israeli techno,#D52633,#D9384D,israelitechno
6350,electronic music,techno,italian techno,#D52633,#D83B45,italiantechno
6351,electronic music,techno,jackin' house,#D52633,#C0243A,jackin'house
6352,electronic music,techno,jazz house,#D52633,#D1232F,jazzhouse
6353,electronic music,techno,jumptek,#D52633,#CA2038,jumptek
6354,electronic music,techno,kids dance party,#D52633,#DC3D44,kidsdanceparty
6355,electronic music,techno,kuduro,#D52633,#D72B2D,kuduro
6356,electronic music,techno,leipzig electronic,#D52633,#BB232F,leipzigelectronic
6357,electronic music,techno,luxembourgian electronic,#D52633,#D92E48,luxembourgianelectronic
6358,electronic music,techno,mega funk,#D52633,#D92F4F,megafunk
6359,electronic music,techno,melodic techno,#D52633,#D32B48,melodictechno
6360,electronic music,techno,mexican techno,#D52633,#C8212E,mexicantechno
6361,electronic music,techno,military cadence,#D52633,#DB272D,militarycadence
6362,electronic music,techno,minimal techno,#D52633,#DB273A,minimaltechno
6363,electronic music,techno,munich electronic,#D52633,#CE2035,munichelectronic
6364,electronic music,techno,organic house,#D52633,#CD263F,organichouse
6365,electronic music,techno,perreo,#D52633,#C42631,perreo
6366,electronic music,techno,piano house,#D52633,#C42224,pianohouse
6367,electronic music,techno,progressive psytrance,#D52633,#C82238,progressivepsytrance
6368,electronic music,techno,psytech,#D52633,#CD2A23,psytech
6369,electronic music,techno,re:techno,#D52633,#CB2223,re:techno
6370,electronic music,techno,rkt,#D52633,#D52C27,rkt
6371,electronic music,techno,romanian electronic,#D52633,#D73742,romanianelectronic
6372,electronic music,techno,rominimal,#D52633,#D62240,rominimal
6373,electronic music,techno,russian techno,#D52633,#DC354F,russiantechno
6374,electronic music,techno,scottish techno,#D52633,#C11F37,scottishtechno
6375,electronic music,techno,serbian electronic,#D52633,#D83849,serbianelectronic
6376,electronic music,techno,sgija,#D52633,#CF252C,sgija
6377,electronic music,techno,skweee,#D52633,#D32137,skweee
6378,electronic music,techno,soulful house,#D52633,#CC3028,soulfulhouse
6379,electronic music,techno,spanish techno,#D52633,#BF2037,spanishtechno
6380,electronic music,techno,swedish electronic,#D52633,#D6374B,swedishelectronic
6381,electronic music,techno,swiss house,#D52633,#CD2A43,swisshouse
6382,electronic music,techno,swiss techno,#D52633,#DA2743,swisstechno
6383,electronic music,techno,tech house,#D52633,#C22737,techhouse
6384,electronic music,techno,tech trance,#D52633,#DD283E,techtrance
6385,electronic music,techno,trance mexicano,#D52633,#D72821,trancemexicano
6386,electronic music,techno,tribal house,#D52633,#D12431,tribalhouse
6387,electronic music,techno,uk dub,#D52633,#BF2122,ukdub
6388,electronic music,techno,uk house,#D52633,#D12942,ukhouse
6389,electronic music,techno,underground amapiano,#D52633,#CF2425,undergroundamapiano
6390,electronic music,techno,zenonesque,#D52633,#DA2226,zenonesque
6391,rhythm music,teen pop,thai teen pop,#66CC99,#78CEA9,thaiteenpop
6392,country / folk,texas country,classic texas country,#BDCC66,#BDCA63,classictexascountry
6393,pop,thai pop,classic thai pop,#FFEB91,#F9F08B,classicthaipop
6394,heavy / experimental,thrash metal,australian thrash metal,#D0802F,#C67F2F,australianthrashmetal
6395,heavy / experimental,thrash metal,brazilian thrash metal,#D0802F,#BB5F30,brazilianthrashmetal
6396,heavy / experimental,thrash metal,german thrash metal,#D0802F,#B65C2B,germanthrashmetal
6397,heavy / experimental,thrash metal,new wave of thrash metal,#D0802F,#CE8A3A,newwaveofthrashmetal
6398,heavy / experimental,thrash metal,polish thrash metal,#D0802F,#AD5F2E,polishthrashmetal
6399,heavy / experimental,thrash metal,russian thrash metal,#D0802F,#AE532C,russianthrashmetal
6400,rhythm music,traditional folk,traditional english folk,#4364B3,#4C85C4,traditionalenglishfolk
6401,rhythm music,traditional folk,traditional southern folk,#4364B3,#5B84C3,traditionalsouthernfolk
6402,electronic music,trance,classic & acid trance,#D52633,#C52D29,classic&acidtrance
6403,electronic music,trance,classic hardstyle,#D52633,#CB2421,classichardstyle
6404,electronic music,trance,dancefloor dnb,#D52633,#C6211F,dancefloordnb
6405,electronic music,trance,dark electro-industrial,#D52633,#C42840,darkelectroindustrial
6406,electronic music,trance,dark synthpop,#D52633,#C52841,darksynthpop
6407,electronic music,trance,deep big room,#D52633,#DC3954,deepbigroom
6408,electronic music,trance,doomcore,#D52633,#C73029,doomcore
6409,electronic music,trance,electropowerpop,#D52633,#D84052,electropowerpop
6410,electronic music,trance,eurobeat,#D52633,#DB3B50,eurobeat
6411,electronic music,trance,eurotrance & vocal,#D52633,#DC3043,eurotrance&vocal
6412,electronic music,trance,frenchcore,#D52633,#D83C55,frenchcore
6413,electronic music,trance,goa trance & psytrance,#D52633,#D63444,goatrance&psytrance
6414,electronic music,trance,ibiza & dream trance / house,#D52633,#DE373C,ibiza&dreamtrancehouse
6415,electronic music,trance,indonesian idol pop,#D52633,#CB222E,indonesianidolpop
6416,electronic music,trance,industrial hardcore,#D52633,#D22427,industrialhardcore
6417,electronic music,trance,industrial pop,#D52633,#D84340,industrialpop
6418,electronic music,trance,neo-trance,#D52633,#CD2140,neotrance
6419,electronic music,trance,popwave,#D52633,#D63232,popwave
6420,electronic music,trance,progressive trance,#D52633,#E03656,progressivetrance
6421,electronic music,trance,russian trance,#D52633,#D4263C,russiantrance
6422,electronic music,trance,synthwave,#D52633,#DD3651,synthwave
6423,electronic music,trance,uplifting / epic trance,#D52633,#CB232C,upliftingepictrance
6424,electronic music,trance,uplifting trance,#D52633,#DA3137,upliftingtrance
6425,electronic music,trance,uptempo hardcore,#D52633,#DC2927,uptempohardcore
6426,electronic music,trance,vocal trance,#D52633,#C3272A,vocaltrance
6427,rap / hip hop,trap,atl trap,#843D79,#86467A,atltrap
6428,rap / hip hop,trap,balkan trap,#843D79,#86457D,balkantrap
6429,rap / hip hop,trap,canadian trap,#843D79,#95528C,canadiantrap
6430,rap / hip hop,trap,deep southern trap,#843D79,#9C4C86,deepsoutherntrap
6431,rap / hip hop,trap,desi trap,#843D79,#9B5186,desitrap
6432,rap / hip hop,trap,detroit trap,#843D79,#934784,detroittrap
6433,rap / hip hop,trap,dutch trap,#843D79,#994C8C,dutchtrap
6434,rap / hip hop,trap,german trap,#843D79,#8E477B,germantrap
6435,rap / hip hop,trap,greek trap,#843D79,#975184,greektrap
6436,rap / hip hop,trap,korean trap,#843D79,#9D4E85,koreantrap
6437,rap / hip hop,trap,magyar trap,#843D79,#86487E,magyartrap
6438,rap / hip hop,trap,norwegian trap,#843D79,#834671,norwegiantrap
6439,rap / hip hop,trap,pinoy trap,#843D79,#974A82,pinoytrap
6440,rap / hip hop,trap,polish trap,#843D79,#8A4478,polishtrap
6441,rap / hip hop,trap,romanian trap,#843D79,#9A4E8D,romaniantrap
6442,rap / hip hop,trap,russian trap,#843D79,#793C69,russiantrap
6443,rap / hip hop,trap,slovak trap,#843D79,#843F6C,slovaktrap
6444,rap / hip hop,trap,swedish trap,#843D79,#974A80,swedishtrap
6445,rap / hip hop,trap,swiss trap,#843D79,#954D7F,swisstrap
6446,rap / hip hop,trap,thai trap,#843D79,#7C3E67,thaitrap
6447,rap / hip hop,trap,trap argentino,#843D79,#7D4070,trapargentino
6448,rap / hip hop,trap,trap boliviano,#843D79,#8B417B,trapboliviano
6449,rap / hip hop,trap,trap boricua,#843D79,#773E6A,trapboricua
6450,rap / hip hop,trap,trap carioca,#843D79,#97538A,trapcarioca
6451,rap / hip hop,trap,trap chileno,#843D79,#7D3F6B,trapchileno
6452,rap / hip hop,trap,trap colombiano,#843D79,#793D69,trapcolombiano
6453,rap / hip hop,trap,trap cristiano,#843D79,#85457A,trapcristiano
6454,rap / hip hop,trap,trap kreyol,#843D79,#864375,trapkreyol
6455,rap / hip hop,trap,trap mexicano,#843D79,#994D7F,trapmexicano
6456,rap / hip hop,trap,trap pesado,#843D79,#7B3969,trappesado
6457,rap / hip hop,trap,turkish trap,#843D79,#78426E,turkishtrap
6458,rap / hip hop,trap,ua trap,#843D79,#7F3D6C,uatrap
6459,rap / hip hop,trap,vietnamese trap,#843D79,#7A3B66,vietnamesetrap
6460,rap / hip hop,trap,viral trap,#843D79,#854178,viraltrap
6461,rap / hip hop,trap,west coast trap,#843D79,#803E6C,westcoasttrap
6462,rock,turkish alternative,turkish alternative rock,#DCB250,#E5BF51,turkishalternativerock
6463,rock,twee pop,twee indie pop,#DCB250,#D3B034,tweeindiepop
6464,rap / hip hop,uk hip hop,uk alternative hip hop,#843D79,#8F4385,ukalternativehiphop
6465,pop,ukrainian rock,ukrainian alternative rock,#FFEB91,#FEE98C,ukrainianalternativerock
6466,rhythm music,underground hip hop,bc underground hip hop,#66CC99,#69D2A9,bcundergroundhiphop
6467,rhythm music,underground hip hop,italian underground hip hop,#66CC99,#8ADAAD,italianundergroundhiphop
6468,rhythm music,underground hip hop,persian underground hip hop,#66CC99,#82D7B2,persianundergroundhiphop
6469,rhythm music,underground rap,greek underground rap,#4364B3,#5564C2,greekundergroundrap
6470,rhythm music,underground rap,irish underground rap,#4364B3,#4966BE,irishundergroundrap
6471,rhythm music,underground rap,japanese underground rap,#4364B3,#4B66BA,japaneseundergroundrap
6472,rhythm music,underground rap,russian underground rap,#4364B3,#4548AC,russianundergroundrap
6473,rhythm music,vintage jazz,vintage finnish jazz,#4364B3,#385896,vintagefinnishjazz
6474,rhythm music,viral pop,chinese viral pop,#66CC99,#51C98E,chineseviralpop
6475,rhythm music,viral pop,thai viral pop,#66CC99,#57C29A,thaiviralpop
6476,rhythm music,viral pop,ukrainian viral pop,#66CC99,#53CAA0,ukrainianviralpop
6477,rap / hip hop,viral rap,polish viral rap,#843D79,#8B3C88,polishviralrap
6478,heavy / experimental,virginia metal,west virginia metal,#D0802F,#C16530,westvirginiametal
6479,rhythm music,vocal jazz,deep vocal jazz,#4364B3,#4E7FBB,deepvocaljazz
