General Style,ID,Style,Secondary routes,Tempo / key,Mood arc,Vocal cue,Core palette,Template
Cinematic Orchestral & Epic,choral-ambient-new-age_0001,Choral / Ambient / New Age,electronic-synth-ambient-pop,71 BPM; Bb major,"The piece opens with a serene, meditative stillness established by a solo voice and soft pads.",Singer A (Female) and a Mixed Choir (Male and Female).,"A warm, evolving synthesizer pad serves as the foundational harmonic bed, present from the very beginning to the end.",templates/choral-ambient-new-age_0001.txt
Cinematic Orchestral & Epic,choral-orchestral-march-patriotic-anthem_0001,Choral / Orchestral March / Patriotic Anthem,general-pop-ballad,111 BPM; Eb major,"The piece opens with a stately, ceremonial grandeur that immediately establishes a tone of solemn determination.",A large mixed choir comprising both male and female voices.,"A full symphonic brass section (trumpets, trombones, French horns) serves as the primary melodic and harmonic driver alongside the choir, present from the very first bar to the final chord, providing fanfare-like…",templates/choral-orchestral-march-patriotic-anthem_0001.txt
Cinematic Orchestral & Epic,cinematic-orchestral-ballad_0001,Cinematic / Orchestral Ballad,general-pop-ballad,66 BPM; F minor,"The piece opens with a solitary, mysterious, and contemplative atmosphere, establishing a sense of isolation.",Singer A (Male).,"A grand piano provides the foundational harmonic structure throughout the entire track, playing arpeggiated figures in the verses and block chords in the choruses.",templates/cinematic-orchestral-ballad_0001.txt
Cinematic Orchestral & Epic,cinematic-orchestral-spoken-word_0001,Cinematic / Orchestral Spoken Word,general-pop-ballad,82 BPM; E minor,"The piece opens with a mysterious and contemplative atmosphere, anchored by a solitary piano and deep spoken narration.",Singer A (Male) and Singer B (Female).,"A melancholic acoustic piano serves as the harmonic backbone, playing arpeggiated figures from the Intro through to the Outro, anchoring the piece's tonal center.",templates/cinematic-orchestral-spoken-word_0001.txt
Cinematic Orchestral & Epic,cinematic-sacred-choral-ambient_0001,Cinematic / Sacred Choral / Ambient,"general-pop-ballad, electronic-synth-ambient-pop",64 BPM; Bb major,"The piece opens with a profound sense of reverence and solitude, establishing a solemn atmosphere through a solitary voice.",Singer A (Male) and a Mixed Choir.,"A deep, evolving synthesizer pad serves as the harmonic bedrock, present from the very first second to the last.",templates/cinematic-sacred-choral-ambient_0001.txt
Cinematic Orchestral & Epic,cinematic-spoken-word-orchestral-ambient_0001,Cinematic / Spoken Word / Orchestral Ambient,electronic-synth-ambient-pop,80 BPM; D minor,"The piece opens with a somber, ominous atmosphere that establishes a sense of ancient tragedy and loss.",Singer A (Male).,"A lush string ensemble section serves as the harmonic backbone, present from the very beginning to the end.",templates/cinematic-spoken-word-orchestral-ambient_0001.txt
Cinematic Orchestral & Epic,cinematic-orchestral-chinese-traditional-fusion_0001,Cinematic Orchestral / Chinese Traditional Fusion,roots-traditional-global,76 BPM; D minor,"The piece opens with a majestic and solemn atmosphere, establishing a sense of historical grandeur.",Singer A (Male).,"A lush string ensemble serves as the primary harmonic bed throughout the track, shifting from slow, legato bowing in the intro to rapid, staccato ostinatos during the high-energy sections.",templates/cinematic-orchestral-chinese-traditional-fusion_0001.txt
Cinematic Orchestral & Epic,cinematic-orchestral-chinese-traditional-fusion_0002,Cinematic Orchestral / Chinese Traditional Fusion,roots-traditional-global,118 BPM; Eb minor,"The piece opens with a solitary, mournful atmosphere that gradually builds tension through the addition of rhythmic elements and harmonic density.",Singer A (Female).,"A solo traditional bowed string instrument (resembling an Erhu) carries the main melodic motif from the Intro, weaving through the verses and returning prominently in the Outro.",templates/cinematic-orchestral-chinese-traditional-fusion_0002.txt
Cinematic Orchestral & Epic,cinematic-orchestral-chinese-traditional-fusion_0003,Cinematic Orchestral / Chinese Traditional Fusion,roots-traditional-global,120 BPM; D minor,"The piece opens with a solitary, mournful atmosphere that evokes deep nostalgia and introspection.",Singer A (Male).,"A solo Erhu (Chinese two-stringed fiddle) serves as the primary melodic voice in the intro and verses, delivering a plaintive, singing tone.",templates/cinematic-orchestral-chinese-traditional-fusion_0003.txt
Cinematic Orchestral & Epic,cinematic-orchestral-choral-epic_0001,Cinematic Orchestral / Choral Epic,general-pop-ballad,76 BPM; Bb major,"The piece opens with a serene, ethereal stillness that evokes a sense of quiet awakening.",Singer A (Female) and Ensemble B (Mixed Choir).,"A grand piano with a bright, resonant tone establishes the harmonic foundation in the intro and remains present throughout, anchoring the chord progressions even when obscured by the orchestra.",templates/cinematic-orchestral-choral-epic_0001.txt
Cinematic Orchestral & Epic,cinematic-orchestral-choral-epic_0002,Cinematic Orchestral / Choral Epic,general-pop-ballad,77 BPM; Ab major,"The piece opens with a delicate, wistful melancholy driven by solo strings, which gradually swells into a majestic and awe-inspiring climax as the full orchestra and choir unite.","A mixed SATB choir (Soprano, Alto, Tenor, Bass).","A lush string section (violins, violas, cellos) serves as the harmonic and melodic core, present from the very beginning with a solo violin line that expands into full section swells, carrying through to the final fade.",templates/cinematic-orchestral-choral-epic_0002.txt
Cinematic Orchestral & Epic,cinematic-orchestral-choral-fantasy_0001,Cinematic Orchestral / Choral Fantasy,general-pop-ballad,71 BPM; G major,"The piece opens with a hushed, mysterious atmosphere that evokes a sense of ancient stillness.",Singer A (Male) and Ensemble B (Mixed Choir).,"A string ensemble (violins, violas, cellos) serves as the harmonic backbone throughout, starting with sparse, sustained notes and evolving into sweeping, rhythmic ostinatos and broad melodic lines.",templates/cinematic-orchestral-choral-fantasy_0001.txt
Cinematic Orchestral & Epic,cinematic-orchestral-epic-anthem_0001,Cinematic Orchestral / Epic Anthem,general-pop-ballad,86 BPM; D minor,"The piece opens with a solemn, atmospheric grandeur that establishes a sense of historical weight.",Singer A (Female).,"A full string section (violins, violas, cellos) serves as the harmonic backbone throughout, providing sweeping legato lines in the verses and driving staccato rhythms in the choruses.",templates/cinematic-orchestral-epic-anthem_0001.txt
Cinematic Orchestral & Epic,cinematic-orchestral-epic-anthem_0002,Cinematic Orchestral / Epic Anthem,general-pop-ballad,78 BPM; Eb major,"The piece opens with a solemn and majestic atmosphere, establishing a sense of grandeur through sustained orchestral textures.",Singer A (Male) and a Large Mixed Choir.,"A full string section serves as the harmonic backbone, playing sweeping legato lines in the intro and transitioning to rhythmic, staccato ostinatos during the driving sections.",templates/cinematic-orchestral-epic-anthem_0002.txt
Cinematic Orchestral & Epic,cinematic-orchestral-epic-ballad_0001,Cinematic Orchestral / Epic Ballad,general-pop-ballad,107 BPM; Eb major,"The piece opens with a solemn and majestic atmosphere, establishing a sense of grandeur through slow-moving orchestral swells.",Singer A (Female).,"A full string section serves as the primary harmonic and melodic driver, present from the very beginning with sustained pads that evolve into rhythmic ostinatos during the build-up.",templates/cinematic-orchestral-epic-ballad_0001.txt
Cinematic Orchestral & Epic,cinematic-orchestral-epic-ballad_0002,Cinematic Orchestral / Epic Ballad,general-pop-ballad,120 BPM; Eb major,"The piece opens with a solitary, mournful atmosphere that gradually expands into a sense of vast wonder and introspection.",Singer A (Male).,"A solo bowed string instrument (resembling an Erhu or Cello) carries the main melodic motif from the Intro through the first verse, establishing the melancholic tone.",templates/cinematic-orchestral-epic-ballad_0002.txt
Cinematic Orchestral & Epic,cinematic-orchestral-epic-ballad_0003,Cinematic Orchestral / Epic Ballad,general-pop-ballad,100 BPM; C minor,"The piece opens with a solemn and majestic atmosphere, establishing a sense of grandeur through slow-moving orchestral textures.",Singer A (Male).,"A grand piano plays arpeggiated figures and chordal support from the Intro through the Outro, serving as the harmonic anchor.",templates/cinematic-orchestral-epic-ballad_0003.txt
Cinematic Orchestral & Epic,cinematic-orchestral-epic-c-pop_0001,Cinematic Orchestral / Epic C-Pop,east-asian-ballad-heritage,81 BPM; C minor,"The piece opens with a serene, contemplative atmosphere evoking vastness and history, gradually building tension through layered instrumentation.","Singer A (Male) possesses a clear, resonant tenor voice with a warm, storytelling quality in the verses that transforms into a powerful, belting delivery in the choruses.","A traditional Chinese bamboo flute (Dizi) carries the main melodic motif in the intro and verses, later joined by a sweeping string section that takes over the primary harmonic drive in the choruses.",templates/cinematic-orchestral-epic-c-pop_0001.txt
Cinematic Orchestral & Epic,cinematic-orchestral-epic-chinese-folk-fusion_0001,Cinematic Orchestral / Epic Chinese Folk Fusion,roots-traditional-global,128 BPM; Eb minor,"The piece opens with a solitary, mournful atmosphere that establishes a sense of ancient vastness.",Singer A (Male).,"A traditional bowed string instrument (resembling an Erhu) carries the main melodic motif throughout the track, appearing in the intro, bridging sections, and soaring over the chorus.",templates/cinematic-orchestral-epic-chinese-folk-fusion_0001.txt
Cinematic Orchestral & Epic,cinematic-orchestral-epic-choral_0001,Cinematic Orchestral / Epic Choral,general-pop-ballad,102 BPM; C minor,"The piece opens with a stately, marching grandeur that immediately establishes a sense of monumental scale.","A large mixed-gender choir serves as the primary vocal force, characterized by a rich, resonant, and unified timbre that spans from deep basses to soaring sopranos.","A full symphonic string section provides the core harmonic movement, utilizing sweeping legato lines in the verses and aggressive, rhythmic staccato patterns in the choruses.",templates/cinematic-orchestral-epic-choral_0001.txt
Cinematic Orchestral & Epic,cinematic-orchestral-epic-choral_0002,Cinematic Orchestral / Epic Choral,general-pop-ballad,115 BPM; Bb minor,"The piece opens with a solitary, mournful vocal line that establishes a sense of vast solitude and ancient history.",Singer A (Male) and a Large Male Choir.,"A massive male choir serves as the central harmonic and rhythmic engine, present from the first verse through the finale, shifting between chanting and soaring melodies.",templates/cinematic-orchestral-epic-choral_0002.txt
Cinematic Orchestral & Epic,cinematic-orchestral-epic-choral_0003,Cinematic Orchestral / Epic Choral,general-pop-ballad,120 BPM; Bb minor,"The piece opens with a solemn, reverent atmosphere that gradually builds in intensity through sweeping orchestral swells.",Singer A (Female) and Ensemble B (Mixed Choir).,"A full string section serves as the harmonic backbone throughout the track, playing sweeping legato lines in the verses and rhythmic, staccato ostinatos during the climactic build-ups.",templates/cinematic-orchestral-epic-choral_0003.txt
Cinematic Orchestral & Epic,cinematic-orchestral-epic-choral_0004,Cinematic Orchestral / Epic Choral,general-pop-ballad,67 BPM; Bb major,"The piece opens with a solemn, majestic grandeur that establishes a sense of historical weight and reverence.","The track features a mixed ensemble comprising Singer A (Male Lead), Singer B (Female Lead), and a large Satb Choir.","A full string section (violins, violas, cellos, basses) serves as the harmonic backbone, playing sweeping legato lines in the intro and shifting to driving, rhythmic ostinatos during the high-energy sections.",templates/cinematic-orchestral-epic-choral_0004.txt
Cinematic Orchestral & Epic,cinematic-orchestral-epic-choral_0005,Cinematic Orchestral / Epic Choral,general-pop-ballad,143 BPM; D minor,"The piece opens with a solemn, majestic grandeur that immediately establishes a sense of historical weight.",Singer A (Male) and a Large Mixed Choir.,"A full symphonic string section serves as the primary harmonic and melodic driver, present from the Intro to the Outro.",templates/cinematic-orchestral-epic-choral_0005.txt
Cinematic Orchestral & Epic,cinematic-orchestral-epic-choral_0006,Cinematic Orchestral / Epic Choral,general-pop-ballad,80-145 BPM; key/scale unspecified,"The piece opens with a somber, mysterious, and atmospheric tone that gradually builds tension through a narrative verse.",Singer A (Male) and Ensemble B (Mixed Choir).,"A lush string section serves as the harmonic backbone throughout, starting with sustained, low-register pads and evolving into rapid, rhythmic ostinatos during the climax.",templates/cinematic-orchestral-epic-choral_0006.txt
Cinematic Orchestral & Epic,cinematic-orchestral-epic-choral-pop_0001,Cinematic Orchestral / Epic Choral Pop,general-pop-ballad,76 BPM; D minor,"The piece opens with a solemn, reflective atmosphere that gradually builds tension through swelling strings and choir layers.",Singer A (Male) and a Large Mixed Choir.,"A grand piano plays arpeggiated figures in the intro and verses, establishing the harmonic foundation, while a full string section (violins, violas, cellos) provides sweeping melodic lines and rhythmic ostinatos that…",templates/cinematic-orchestral-epic-choral-pop_0001.txt
Cinematic Orchestral & Epic,cinematic-orchestral-epic-soundtrack_0001,Cinematic Orchestral / Epic Soundtrack,general-pop-ballad,125 BPM; Eb minor,"The piece opens with a solitary, mournful atmosphere that gradually builds tension through the introduction of rhythmic pulses and layered strings.",Singer A (Female) and Singer B (Male).,"A solo bowed string instrument (likely an Erhu or Cello) carries the main melodic motif from the Intro through the first verse, establishing the emotional core.",templates/cinematic-orchestral-epic-soundtrack_0001.txt
Cinematic Orchestral & Epic,cinematic-orchestral-epic-soundtrack_0002,Cinematic Orchestral / Epic Soundtrack,general-pop-ballad,118 BPM; Eb minor,"The piece opens with a solemn, reverent atmosphere that establishes a sense of ancient history and duty.","Singer A (Male) possesses a rich, resonant baritone capable of both soft, narrative delivery and powerful, operatic projection.","A grand piano introduces the harmonic foundation with sparse, resonant chords, which is later joined and eventually overtaken by a full string section (violins, violas, cellos) playing sweeping legato lines and…",templates/cinematic-orchestral-epic-soundtrack_0002.txt
Cinematic Orchestral & Epic,cinematic-orchestral-musical-theatre_0001,Cinematic Orchestral / Musical Theatre,traditional-vocal-stage,81 BPM; E minor,"The piece opens with a brooding, ominous atmosphere established by low strings and brass, creating a sense of impending dread.",Singer A (Male).,"A full string ensemble serves as the harmonic backbone throughout, starting with a rhythmic, staccato ostinato in the lower registers and expanding into sweeping, legato melodic lines during the climax.",templates/cinematic-orchestral-musical-theatre_0001.txt
Cinematic Orchestral & Epic,cinematic-orchestral-musical-theatre-ballad_0001,Cinematic Orchestral / Musical Theatre Ballad,traditional-vocal-stage,85 BPM; Eb minor,"The piece opens with a mysterious and submerged atmosphere, characterized by low-frequency tension and restraint.",Singer A (Male).,"A full string ensemble serves as the harmonic backbone, starting with sustained, low-register pads that create tension, then expanding into sweeping, high-register melodic lines during the climax.",templates/cinematic-orchestral-musical-theatre-ballad_0001.txt
Cinematic Orchestral & Epic,cinematic-orchestral-musical-theatre-ballad_0002,Cinematic Orchestral / Musical Theatre Ballad,traditional-vocal-stage,71 BPM; Bb major,"The piece opens with a somber, mysterious atmosphere that establishes a sense of isolation and depth.",Singer A (Male).,"A lush string section serves as the harmonic backbone, starting with sustained, low-register pads and evolving into sweeping, high-register melodic lines that drive the emotional arc.",templates/cinematic-orchestral-musical-theatre-ballad_0002.txt
Cinematic Orchestral & Epic,cinematic-orchestral-musical-theatre-ballad_0003,Cinematic Orchestral / Musical Theatre Ballad,traditional-vocal-stage,62 BPM; Bb minor,"The piece opens with a fragile, melancholic stillness that gradually accumulates tension through swelling strings and rising melodic lines.",Singer A (Female).,"A solo piano provides the initial harmonic foundation with sparse, arpeggiated figures, present from the Intro through the first verse.",templates/cinematic-orchestral-musical-theatre-ballad_0003.txt
Cinematic Orchestral & Epic,cinematic-orchestral-traditional-chinese-folk-fusion_0001,Cinematic Orchestral / Traditional Chinese Folk Fusion,roots-traditional-global,122 BPM; Bb major,"The piece opens with a grand, sweeping orchestral flourish that immediately establishes an epic and majestic tone.",Singer A (Female).,"A lush string section (violins, violas, cellos) serves as the harmonic backbone throughout the entire track, providing sweeping legato lines in the intro and choruses, and soft pads during the verses.",templates/cinematic-orchestral-traditional-chinese-folk-fusion_0001.txt
Cinematic Orchestral & Epic,cinematic-orchestral-world-folk-fusion_0001,Cinematic Orchestral / World Folk Fusion,roots-traditional-global,70 BPM; Eb major,"The piece opens with a serene, atmospheric introduction that evokes a sense of vastness and mystery.",Singer A (Male).,"A sweeping string section serves as the primary harmonic and melodic driver throughout the track, providing legato lines in the verses and staccato rhythmic pulses in the choruses.",templates/cinematic-orchestral-world-folk-fusion_0001.txt
Cinematic Orchestral & Epic,contemporary-classical-ambient-ballad_0001,Contemporary Classical / Ambient Ballad,electronic-synth-ambient-pop,76 BPM; Bb major,"The piece opens with a solitary, reflective atmosphere that gradually deepens into a poignant sense of longing as the string section swells.",Singer A (Male).,"A grand piano with a felted, soft tone serves as the harmonic backbone, playing arpeggiated figures and sustained chords from the very beginning to the end.",templates/contemporary-classical-ambient-ballad_0001.txt
Cinematic Orchestral & Epic,orchestral-choral-patriotic-anthem_0001,Orchestral Choral / Patriotic Anthem,general-pop-ballad,105 BPM; Bb major,"The piece opens with a stately, martial grandeur that establishes a sense of historical weight and solemnity.",Singer A (Male) and a Mixed Choir (Male/Female).,A full Symphonic Orchestra acts as the core foundation.,templates/orchestral-choral-patriotic-anthem_0001.txt
Cinematic Orchestral & Epic,orchestral-march-patriotic-anthem_0001,Orchestral March / Patriotic Anthem,general-pop-ballad,113 BPM; Eb major,"The piece opens with a commanding, martial introduction that immediately establishes a tone of grandeur and solemnity.",Singer A (Male) and a Male Choir Ensemble.,"A full symphonic brass section (trumpets, trombones, French horns) serves as the core melodic and harmonic driver, present from the opening fanfare through to the final cadence, delivering bold, heroic motifs.",templates/orchestral-march-patriotic-anthem_0001.txt
Cinematic Orchestral & Epic,orchestral-pop-cinematic-anthem_0001,Orchestral Pop / Cinematic Anthem,general-pop-ballad,103 BPM; G major,"The piece opens with a serene, majestic atmosphere that evokes a sense of timeless grandeur.","The track features a mixed ensemble including Singer A (Male Lead), Singer B (Female Lead), and a large Mixed Choir.","A grand piano serves as the harmonic anchor, playing arpeggiated figures in the intro and verses, shifting to broad, chordal strikes in the choruses.",templates/orchestral-pop-cinematic-anthem_0001.txt
Cinematic Orchestral & Epic,orchestral-pop-cinematic-anthem_0002,Orchestral Pop / Cinematic Anthem,general-pop-ballad,72 BPM; Bb major,"The piece opens with a solemn and reflective atmosphere, establishing a sense of grandeur through sustained orchestral textures.",Singer A (Male) and a Large Mixed Choir.,"A grand piano serves as the initial harmonic anchor, playing arpeggiated figures in the intro and verses, while a full string section (violins, violas, cellos) takes over the primary melodic and harmonic weight during…",templates/orchestral-pop-cinematic-anthem_0002.txt
Cinematic Orchestral & Epic,orchestral-pop-cinematic-ballad_0001,Orchestral Pop / Cinematic Ballad,cinematic-pop-ballad,105 BPM; Eb major,"The piece opens with a stately, marching grandeur that quickly settles into a restrained and melancholic narrative tone during the verses.",Singer A (Male).,"A piano provides the core harmonic foundation, playing arpeggiated figures in the verses and block chords in the choruses, present from the Intro to the Outro.",templates/orchestral-pop-cinematic-ballad_0001.txt
Cinematic Orchestral & Epic,orchestral-pop-cinematic-musical-theatre_0001,Orchestral Pop / Cinematic Musical Theatre,traditional-vocal-stage,79 BPM; B minor,"The piece opens with a solemn, narrative gravity that gradually accumulates tension through swelling orchestration.","Singer A (Male) possesses a resonant, operatic tenor timbre with a clear, projecting quality capable of sustained high notes.","A grand piano and a lush string section (violins, violas, cellos) form the harmonic backbone throughout, shifting from sparse arpeggios in the intro to sweeping, legato chords in the climax.",templates/orchestral-pop-cinematic-musical-theatre_0001.txt
Cinematic Orchestral & Epic,spoken-word-ambient-cinematic_0001,Spoken Word / Ambient Cinematic,electronic-synth-ambient-pop,90 BPM; Eb major,"The piece opens with a fragile, contemplative atmosphere established by sparse piano arpeggios and a solitary voice.",Singer A (Male).,"A solo acoustic piano plays gentle, rolling arpeggios that serve as the harmonic backbone from the very beginning to the final fade-out.",templates/spoken-word-ambient-cinematic_0001.txt
index-cinematic-pop-ballad,cinematic-ballad-ambient-pop_0001,Cinematic Ballad / Ambient Pop,electronic-synth-ambient-pop,70 BPM; Bb minor,"The piece opens with a fragile, intimate melancholy that gradually expands into a sweeping, sorrowful grandeur during the central section.","A single female vocalist delivers the performance with a clear, crystalline soprano timbre.","A grand piano serves as the foundational harmonic instrument, playing arpeggiated figures and sustained chords from the very beginning to the end.",templates/cinematic-ballad-ambient-pop_0001.txt
index-cinematic-pop-ballad,cinematic-ballad-chinese-traditional-fusion_0001,Cinematic Ballad / Chinese Traditional Fusion,roots-traditional-global,77 BPM; D minor,"The piece opens with a solitary, mournful atmosphere that feels vast and introspective.",Singer A (Female).,"A solo bowed string instrument (resembling an Erhu) carries the main melodic motif from the Intro through the Verses, establishing the traditional tonal character.",templates/cinematic-ballad-chinese-traditional-fusion_0001.txt
index-cinematic-pop-ballad,cinematic-ballad-chinese-traditional-fusion_0002,Cinematic Ballad / Chinese Traditional Fusion,roots-traditional-global,65 BPM; Eb major,"The piece opens with a solitary, ethereal melancholy that establishes a sense of ancient longing.",Singer A (Female).,"A solo bamboo flute (Dizi) carries the main melodic motif in the introduction and interludes, characterized by its breathy, expressive tone.",templates/cinematic-ballad-chinese-traditional-fusion_0002.txt
index-cinematic-pop-ballad,cinematic-ballad-choral-pop_0001,Cinematic Ballad / Choral Pop,general-pop-ballad,65 BPM; Ab major,"The piece opens with a solitary, ethereal atmosphere that feels fragile and introspective.",Singer A (Female) and a Mixed Choir (Male and Female).,"A resonant grand piano serves as the harmonic backbone, playing arpeggiated figures in the intro and verses, shifting to broad, sustained chords during the choruses to support the vocal weight.",templates/cinematic-ballad-choral-pop_0001.txt
index-cinematic-pop-ballad,cinematic-ballad-choral-pop_0002,Cinematic Ballad / Choral Pop,general-pop-ballad,71 BPM; Eb major,"The piece opens with a serene, contemplative atmosphere that feels vast and solitary.",Singer A (Female) and a Mixed Choir.,"A grand piano with a warm, felt-muted tone serves as the harmonic backbone, present from the very beginning to the end.",templates/cinematic-ballad-choral-pop_0002.txt
index-cinematic-pop-ballad,cinematic-ballad-contemporary-musical-theatre_0001,Cinematic Ballad / Contemporary Musical Theatre,traditional-vocal-stage,74 BPM; Eb minor,"The piece opens with a fragile, intimate vulnerability, establishing a tone of supplication and quiet anticipation.","A solo Male vocalist delivers the performance with a rich, resonant baritone-to-tenor range.",A grand piano serves as the harmonic and rhythmic backbone throughout the entire track.,templates/cinematic-ballad-contemporary-musical-theatre_0001.txt
index-cinematic-pop-ballad,cinematic-ballad-ethereal-pop_0001,Cinematic Ballad / Ethereal Pop,general-pop-ballad,70 BPM; F minor,"The piece opens with a solitary, meditative stillness that evokes a sense of vast emptiness.","A single female vocalist delivers the performance with a pure, crystalline soprano timbre.","A deep, sustained synthesizer pad serves as the harmonic bedrock from the very beginning, evolving slowly in timbre to mirror the song's emotional arc.",templates/cinematic-ballad-ethereal-pop_0001.txt
index-cinematic-pop-ballad,cinematic-ballad-ethereal-world-music_0001,Cinematic Ballad / Ethereal World Music,general-pop-ballad,67 BPM; C minor,"The piece opens with a solitary, meditative stillness that gradually expands into a majestic and solemn grandeur.",Singer A (Female).,"A resonant piano provides the core harmonic structure, playing slow, arpeggiated figures that persist from the Intro through the Outro, anchoring the melodic progression.",templates/cinematic-ballad-ethereal-world-music_0001.txt
index-cinematic-pop-ballad,cinematic-ballad-indie-folk_0001,Cinematic Ballad / Indie Folk,contemporary-folk-acoustic,83 BPM; Bb major,"The piece opens with a fragile, intimate melancholy, establishing a sense of solitude and stillness.","A solo female vocalist delivers the performance with a clear, pure, and slightly breathy timbre.","A finger-picked acoustic guitar serves as the foundational harmonic instrument, present from the very beginning and continuing through to the end, providing a consistent rhythmic and melodic anchor.",templates/cinematic-ballad-indie-folk_0001.txt
index-cinematic-pop-ballad,cinematic-ballad-musical-theatre_0001,Cinematic Ballad / Musical Theatre,traditional-vocal-stage,71 BPM; Bb major,"The piece opens with a fragile, intimate melancholy, establishing a sense of vulnerability.",Singer A (Male).,"A grand piano serves as the harmonic and melodic anchor, present from the very beginning to the end.",templates/cinematic-ballad-musical-theatre_0001.txt
index-cinematic-pop-ballad,cinematic-ballad-musical-theatre_0002,Cinematic Ballad / Musical Theatre,traditional-vocal-stage,71 BPM; Bb major,"The piece opens with a delicate, wondrous atmosphere, evoking a sense of quiet discovery and innocence.",Singer A (Female).,"A resonant grand piano serves as the harmonic backbone, present from the very beginning to the end.",templates/cinematic-ballad-musical-theatre_0002.txt
index-cinematic-pop-ballad,cinematic-ballad-musical-theatre_0003,Cinematic Ballad / Musical Theatre,traditional-vocal-stage,76 BPM; Bb major,"The piece opens with a delicate, wistful atmosphere that suggests longing and introspection.",Singer A (Female).,"A grand piano provides the foundational harmonic structure, playing arpeggiated figures in the verses and shifting to broad, chordal block patterns during the climactic sections.",templates/cinematic-ballad-musical-theatre_0003.txt
index-cinematic-pop-ballad,cinematic-ballad-orchestral-folk_0001,Cinematic Ballad / Orchestral Folk,roots-traditional-global,86 BPM; D major,"The piece opens with a serene, almost magical stillness, establishing a contemplative and gentle mood.",Singer A (Female).,"A harp and acoustic piano form the harmonic core, present from the Intro through the Outro.",templates/cinematic-ballad-orchestral-folk_0001.txt
index-cinematic-pop-ballad,cinematic-ballad-orchestral-pop_0001,Cinematic Ballad / Orchestral Pop,cinematic-orchestral-epic,140 BPM; A minor,"The piece opens with a fragile, intimate melancholy, establishing a sense of quiet solitude.",Singer A (Female).,"A grand piano serves as the harmonic and melodic anchor, playing sparse, resonant chords in the intro and evolving into a fuller, rolling accompaniment as the track builds.",templates/cinematic-ballad-orchestral-pop_0001.txt
index-cinematic-pop-ballad,cinematic-ballad-orchestral-pop_0002,Cinematic Ballad / Orchestral Pop,cinematic-orchestral-epic,75 BPM; F minor,"The piece opens with a fragile, contemplative mood established by sparse instrumentation and soft vocals.",Singer A (Female).,"A grand piano serves as the harmonic backbone, playing arpeggiated figures in the verses and shifting to broad, sustained chords in the choruses.",templates/cinematic-ballad-orchestral-pop_0002.txt
index-cinematic-pop-ballad,cinematic-ballad-orchestral-pop_0003,Cinematic Ballad / Orchestral Pop,cinematic-orchestral-epic,67 BPM; D minor,"The piece opens with a serene, intimate, and contemplative mood, evoking a sense of wonder and vastness.","A solo female vocalist delivers the performance with a clear, pure, and ethereal soprano timbre.","A grand piano serves as the harmonic and rhythmic anchor, present from the very beginning to the end.",templates/cinematic-ballad-orchestral-pop_0003.txt
index-cinematic-pop-ballad,cinematic-ballad-orchestral-pop_0004,Cinematic Ballad / Orchestral Pop,cinematic-orchestral-epic,86 BPM; Bb major,"The piece opens with a delicate, wistful atmosphere that suggests introspection and quiet longing.","Singer A (Female) possesses a clear, pure soprano timbre with a slightly breathy quality in the lower register that transitions to a bright, resonant tone in the upper register.","A grand piano serves as the harmonic backbone throughout the entire track, playing arpeggiated figures in the verses and broad, sustained chords in the choruses.",templates/cinematic-ballad-orchestral-pop_0004.txt
index-cinematic-pop-ballad,cinematic-ballad-orchestral-pop_0005,Cinematic Ballad / Orchestral Pop,cinematic-orchestral-epic,81 BPM; Bb minor,"The piece opens with a delicate, introspective melancholy, establishing a sense of solitude and quiet reflection.","A solo female vocalist delivers the performance with a clear, pure, and slightly breathy soprano timbre.","A grand piano serves as the harmonic backbone throughout the entire track, playing arpeggiated figures in the verses and shifting to broader, chordal block patterns during the choruses to drive the emotional arc.",templates/cinematic-ballad-orchestral-pop_0005.txt
index-cinematic-pop-ballad,cinematic-ballad-orchestral-pop_0006,Cinematic Ballad / Orchestral Pop,cinematic-orchestral-epic,87 BPM; Bb major,"The piece opens with a fragile, introspective melancholy, establishing a sense of solitude that persists through the initial verses.",Singer A (Female).,"A grand piano serves as the harmonic backbone, playing arpeggiated figures in the verses and shifting to broad, sustained chords in the choruses.",templates/cinematic-ballad-orchestral-pop_0006.txt
index-cinematic-pop-ballad,cinematic-ballad-orchestral-pop_0007,Cinematic Ballad / Orchestral Pop,cinematic-orchestral-epic,91 BPM; G minor,"The piece opens with a fragile, contemplative atmosphere that gradually swells into a majestic and sweeping emotional peak.",Singer A (Male).,"A grand piano serves as the harmonic backbone, playing arpeggiated figures in the intro and shifting to broad, chordal support during the choruses, present from start to finish.",templates/cinematic-ballad-orchestral-pop_0007.txt
index-cinematic-pop-ballad,cinematic-ballad-orchestral-pop_0008,Cinematic Ballad / Orchestral Pop,cinematic-orchestral-epic,71 BPM; Eb major,"The piece opens with a fragile, ethereal stillness that gradually accumulates emotional weight through the verses.",Singer A (Male).,"A delicate harp arpeggio and a solo flute establish the melodic motif in the intro, remaining central to the texture until the full orchestral swell.",templates/cinematic-ballad-orchestral-pop_0008.txt
index-cinematic-pop-ballad,cinematic-orchestral-pop-anthem_0001,Cinematic Orchestral Pop / Anthem,general-pop-ballad,95 BPM; Bb major,"The piece opens with a majestic and stately atmosphere, establishing a sense of grandeur through choral chanting.",Singer A (Male) and a Large Mixed Choir.,"A full string section (violins, violas, cellos) serves as the harmonic backbone, playing sweeping legato lines in the verses and driving staccato rhythms in the choruses.",templates/cinematic-orchestral-pop-anthem_0001.txt
index-cinematic-pop-ballad,cinematic-orchestral-pop-anthem-ballad_0001,Cinematic Orchestral Pop / Anthem Ballad,general-pop-ballad,62 BPM; Bb major,"The piece opens with a solemn, reflective atmosphere that gradually builds in intensity through the verses.",Singer A (Female).,"A grand piano serves as the harmonic anchor, playing arpeggiated figures in the intro and verses, transitioning to full, resonant chords in the choruses.",templates/cinematic-orchestral-pop-anthem-ballad_0001.txt
index-cinematic-pop-ballad,cinematic-orchestral-pop-chinese-traditional-fusion_0001,Cinematic Orchestral Pop / Chinese Traditional Fusion,roots-traditional-global,77 BPM; Eb major,"The piece opens with a solitary, mournful atmosphere that feels ancient and desolate.",Singer A (Female).,"A solo bamboo flute (Dizi) introduces the main melodic motif, setting the tonal color before being joined by a grand piano that provides the core harmonic structure from the first verse through to the outro.",templates/cinematic-orchestral-pop-chinese-traditional-fusion_0001.txt
index-cinematic-pop-ballad,cinematic-orchestral-pop-epic-anthem_0001,Cinematic Orchestral Pop / Epic Anthem,general-pop-ballad,63 BPM; D major,"The piece opens with a majestic and solemn atmosphere, establishing a sense of historical grandeur through choral textures.",Singer A (Male) and a Mixed Choir.,"A grand piano serves as the harmonic anchor in the verses, playing arpeggiated figures that transition into block chords during the choruses.",templates/cinematic-orchestral-pop-epic-anthem_0001.txt
index-cinematic-pop-ballad,cinematic-orchestral-pop-epic-anthem_0002,Cinematic Orchestral Pop / Epic Anthem,general-pop-ballad,91 BPM; C minor,"The piece opens with a solemn, majestic grandeur established by choral textures and heavy percussion, creating an atmosphere of ancient wisdom.",Singer A (Male) and a Large Mixed Choir.,"A full String Section (violins, violas, cellos) acts as the harmonic backbone, playing sweeping legato lines in the verses and driving staccato rhythms in the choruses, present from start to finish.",templates/cinematic-orchestral-pop-epic-anthem_0002.txt
index-cinematic-pop-ballad,cinematic-orchestral-pop-epic-anthem_0003,Cinematic Orchestral Pop / Epic Anthem,general-pop-ballad,78 BPM; Eb major,"The piece opens with a majestic and solemn atmosphere, establishing a sense of grandeur through orchestral swells.","The track features a mixed ensemble including Singer A (Male) and Singer B (Female), supported by a large choir.","A full string section (violins, violas, cellos) serves as the harmonic backbone, playing sweeping legato lines in the intro and transitioning to rhythmic, staccato ostinatos during the high-energy choruses.",templates/cinematic-orchestral-pop-epic-anthem_0003.txt
index-cinematic-pop-ballad,cinematic-orchestral-pop-epic-soundtrack_0001,Cinematic Orchestral Pop / Epic Soundtrack,general-pop-ballad,72 BPM; Eb minor,"The piece opens with a solitary, melancholic piano motif that establishes a sense of quiet introspection and solemnity.",Singer A (Male) and Singer B (Female).,"A grand piano serves as the harmonic anchor, playing arpeggiated figures in the intro and verses, shifting to block chords in the choruses.",templates/cinematic-orchestral-pop-epic-soundtrack_0001.txt
index-cinematic-pop-ballad,cinematic-orchestral-pop-epic-world-fusion_0001,Cinematic Orchestral Pop / Epic World Fusion,general-pop-ballad,95 BPM; E minor,"The piece opens with an ethereal, mystical atmosphere that quickly surges into a heroic and majestic declaration.",Singer A (Female).,"A full string section (violins, violas, cellos) serves as the harmonic backbone, present from the intro to the outro, providing sweeping legato lines in the verses and staccato rhythmic drive in the choruses.",templates/cinematic-orchestral-pop-epic-world-fusion_0001.txt
index-cinematic-pop-ballad,cinematic-orchestral-pop-spiritual-ballad_0001,Cinematic Orchestral Pop / Spiritual Ballad,general-pop-ballad,78 BPM; Eb major,"The piece opens with a serene, meditative stillness that gradually accumulates emotional weight through the verses.",Singer A (Male) and a Mixed Choir (Singers B).,"A grand piano serves as the harmonic backbone, playing arpeggiated figures in the intro and verses, shifting to broad, resonant chords during the choruses.",templates/cinematic-orchestral-pop-spiritual-ballad_0001.txt
index-cinematic-pop-ballad,cinematic-pop-electronic-ballad_0001,Cinematic Pop / Electronic Ballad,electronic-synth-ambient-pop,80 BPM; B major,"The piece opens with a spacious, reflective melancholy, establishing a sense of longing through sparse instrumentation.",Singer A (Female).,"A grand piano serves as the harmonic backbone, playing arpeggiated figures in the intro and verses, shifting to broad, sustained chords in the choruses.",templates/cinematic-pop-electronic-ballad_0001.txt
index-cinematic-pop-ballad,cinematic-pop-epic-orchestral_0001,Cinematic Pop / Epic Orchestral,general-pop-ballad,75 BPM; B major,"The piece opens with a somber, reflective atmosphere that gradually accumulates tension through the verses.",Singer A (Male).,"A grand piano establishes the harmonic foundation in the intro and verses, later joined by a full string section (violins, cellos) that carries the main melodic motifs during the choruses and climax.",templates/cinematic-pop-epic-orchestral_0001.txt
index-cinematic-pop-ballad,cinematic-pop-epic-orchestral-rock_0001,Cinematic Pop / Epic Orchestral Rock,pop-alternative-rock,91 BPM; A minor,"The piece opens with a solemn, atmospheric stillness that gradually accumulates tension through rhythmic layering.",Singer A (Male).,"A grand piano provides the initial harmonic foundation, playing sparse, melancholic chords in the intro and verses.",templates/cinematic-pop-epic-orchestral-rock_0001.txt
index-cinematic-pop-ballad,cinematic-pop-epic-soul_0001,Cinematic Pop / Epic Soul,soul-blues-gospel,146 BPM; Eb minor,The piece opens with an ethereal and solitary atmosphere that quickly establishes a tone of determined resilience.,Singer A (Male) and Singer B (Female).,"A grand piano serves as the initial harmonic anchor, playing sparse chords in the intro before evolving into a driving, rhythmic block-chord pattern that persists through the verses and choruses.",templates/cinematic-pop-epic-soul_0001.txt
index-cinematic-pop-ballad,cinematic-pop-musical-theatre_0001,Cinematic Pop / Musical Theatre,traditional-vocal-stage,207 BPM; F minor,"The piece opens with a mysterious and slightly melancholic atmosphere, establishing a narrative tone.",Singer A (Male) and Singer B (Female).,"A grand piano serves as the harmonic backbone throughout, playing arpeggiated figures in the verses and shifting to powerful, rhythmic chords in the choruses.",templates/cinematic-pop-musical-theatre_0001.txt
index-cinematic-pop-ballad,cinematic-pop-musical-theatre-ballad_0001,Cinematic Pop / Musical Theatre Ballad,traditional-vocal-stage,150 BPM; Eb major,"The piece begins with a hushed, introspective stillness that suggests dormant potential, gradually accumulating tension through the verses.",A solo female vocalist delivers the performance.,"A grand piano serves as the harmonic anchor throughout the entire track, playing sparse arpeggios in the intro and evolving into driving, rhythmic block chords during the high-energy sections.",templates/cinematic-pop-musical-theatre-ballad_0001.txt
index-cinematic-pop-ballad,cinematic-pop-orchestral-anthem_0001,Cinematic Pop / Orchestral Anthem,general-pop-ballad,128 BPM; D minor,"The piece opens with a solemn, majestic grandeur that establishes a sense of historical weight and reverence.",Singer A (Male) and a Large Mixed Choir.,"A grand piano and a lush string section serve as the harmonic backbone, present from the Intro through to the Outro.",templates/cinematic-pop-orchestral-anthem_0001.txt
index-cinematic-pop-ballad,cinematic-pop-orchestral-ballad_0001,Cinematic Pop / Orchestral Ballad,general-pop-ballad,71 BPM; C# major,"The piece opens with a serene and contemplative atmosphere, establishing a sense of vastness through sparse instrumentation.",Singer A (Male) and Singer B (Female).,"A grand piano serves as the harmonic backbone, playing arpeggiated figures in the intro and verses, shifting to broad, sustained chords in the choruses.",templates/cinematic-pop-orchestral-ballad_0001.txt
index-cinematic-pop-ballad,cinematic-pop-orchestral-ballad_0002,Cinematic Pop / Orchestral Ballad,general-pop-ballad,76 BPM; Bb major,"The piece opens with a fragile, introspective melancholy, establishing a sense of solitude.",Singer A (Female).,"A grand piano serves as the harmonic backbone, playing arpeggiated figures in the verses and shifting to broad, sustained block chords in the choruses, present from the Intro to the Outro.",templates/cinematic-pop-orchestral-ballad_0002.txt
index-cinematic-pop-ballad,cinematic-pop-orchestral-ballad_0003,Cinematic Pop / Orchestral Ballad,general-pop-ballad,72 BPM; Bb minor,"The piece opens with a solemn, atmospheric stillness that evokes a sense of ancient history and quiet contemplation.",Singer A (Male).,"A grand piano plays arpeggiated figures and block chords, serving as the harmonic anchor from the Intro through the Outro.",templates/cinematic-pop-orchestral-ballad_0003.txt
index-cinematic-pop-ballad,cinematic-pop-orchestral-ballad_0004,Cinematic Pop / Orchestral Ballad,general-pop-ballad,70 BPM; F# major,"The piece opens with a solitary, melancholic atmosphere that gradually accumulates tension through the verses.",Singer A (Male).,"A grand piano serves as the harmonic anchor, playing arpeggiated figures in the intro and verses, shifting to block chords and rhythmic accents in the choruses.",templates/cinematic-pop-orchestral-ballad_0004.txt
index-cinematic-pop-ballad,cinematic-pop-orchestral-ballad_0005,Cinematic Pop / Orchestral Ballad,general-pop-ballad,120 BPM; Eb minor,"The piece opens with an ethereal, solitary atmosphere that gradually builds a sense of mystery and anticipation.",Singer A (Female).,"A resonant grand piano serves as the harmonic anchor, present from the very beginning and continuing through to the end, providing the core chordal structure.",templates/cinematic-pop-orchestral-ballad_0005.txt
index-cinematic-pop-ballad,cinematic-pop-orchestral-ballad_0006,Cinematic Pop / Orchestral Ballad,general-pop-ballad,75 BPM; Bb major,"The piece opens with a delicate, contemplative atmosphere that gradually builds into a sweeping, majestic emotional peak.",Singer A (Female).,"A grand piano serves as the harmonic backbone, playing arpeggiated figures in the intro and verses, shifting to broad, chordal support in the choruses.",templates/cinematic-pop-orchestral-ballad_0006.txt
index-cinematic-pop-ballad,cinematic-pop-orchestral-ballad_0007,Cinematic Pop / Orchestral Ballad,general-pop-ballad,118 BPM; F# major,"The piece opens with a fragile, intimate atmosphere that suggests quiet anticipation.","A single male vocalist delivers the performance with a clear, resonant baritone timbre that carries a slight breathiness in the lower register and gains a ringing clarity in the upper range.","A grand piano serves as the harmonic backbone, playing arpeggiated figures in the verses that transition to broad, block chords in the choruses, remaining present from start to finish.",templates/cinematic-pop-orchestral-ballad_0007.txt
index-cinematic-pop-ballad,cinematic-pop-orchestral-ballad_0008,Cinematic Pop / Orchestral Ballad,general-pop-ballad,74 BPM; C# major,"The piece opens with a solitary, melancholic atmosphere that gradually builds tension through the verses.",Singer A (Male).,"A grand piano serves as the harmonic anchor, playing arpeggiated figures in the verses and shifting to broad, sustained chords in the choruses, present from the Intro to the Outro.",templates/cinematic-pop-orchestral-ballad_0008.txt
index-cinematic-pop-ballad,cinematic-pop-orchestral-ballad_0009,Cinematic Pop / Orchestral Ballad,general-pop-ballad,74 BPM; Eb major,"The piece opens with a serene, ethereal atmosphere that feels vast and contemplative.",Singer A (Female) and a Mixed Choir.,"A grand piano serves as the harmonic backbone, playing arpeggiated figures in the intro and verses, transitioning to broad, chordal strikes in the choruses.",templates/cinematic-pop-orchestral-ballad_0009.txt
index-cinematic-pop-ballad,cinematic-pop-orchestral-ballad_0010,Cinematic Pop / Orchestral Ballad,general-pop-ballad,77 BPM; Eb major,"The piece opens with a fragile, intimate atmosphere that gradually expands into a sweeping, majestic emotional peak.","A solo female vocalist delivers the performance with a clear, crystalline soprano timbre.","A grand piano serves as the harmonic backbone, playing arpeggiated figures in the verses that shift to broad, block chords in the choruses.",templates/cinematic-pop-orchestral-ballad_0010.txt
index-cinematic-pop-ballad,cinematic-pop-orchestral-ballad_0011,Cinematic Pop / Orchestral Ballad,general-pop-ballad,71 BPM; Eb minor,"The piece opens with a sweeping, melancholic grandeur that immediately establishes a sense of vastness and longing.",Singer A (Female).,"A grand piano serves as the harmonic anchor, playing arpeggiated figures in the verses and shifting to broad, chordal blocks in the choruses.",templates/cinematic-pop-orchestral-ballad_0011.txt
index-cinematic-pop-ballad,cinematic-pop-orchestral-ballad_0012,Cinematic Pop / Orchestral Ballad,general-pop-ballad,70 BPM; Bb major,"The piece opens with a serene, almost spiritual stillness that gradually accumulates emotional weight through the verses.",Singer A (Male) and Singer B (Female).,"A grand piano serves as the initial harmonic anchor, playing arpeggiated figures in the intro and verses, transitioning to broad, chordal strikes in the choruses.",templates/cinematic-pop-orchestral-ballad_0012.txt
index-cinematic-pop-ballad,cinematic-pop-orchestral-ballad_0013,Cinematic Pop / Orchestral Ballad,general-pop-ballad,71 BPM; Bb major,"The piece opens with a serene and contemplative atmosphere, establishing a sense of vastness and quiet reverence.",Singer A (Female).,"A grand piano serves as the harmonic backbone, playing arpeggiated figures in the intro and verses, shifting to broad, rhythmic chords in the choruses, and remaining present until the outro.",templates/cinematic-pop-orchestral-ballad_0013.txt
index-cinematic-pop-ballad,cinematic-pop-orchestral-fusion_0001,Cinematic Pop / Orchestral Fusion,general-pop-ballad,128 BPM; Eb major,"The piece opens with a majestic and contemplative atmosphere, establishing a sense of grandeur through sweeping orchestration.",Singer A (Male).,"A lush string section (violins, violas, cellos) serves as the harmonic backbone throughout the entire track, providing sweeping legato lines in the intro and driving rhythmic ostinatos in the choruses.",templates/cinematic-pop-orchestral-fusion_0001.txt
index-cinematic-pop-ballad,cinematic-pop-orchestral-rock_0001,Cinematic Pop / Orchestral Rock,pop-alternative-rock,67 BPM; G minor,"The piece opens with a somber, introspective atmosphere defined by sparse instrumentation and restrained vocals.",Singer A (Male) and Singer B (Female).,"A grand piano provides the initial harmonic foundation, playing arpeggiated figures in the intro and verses.",templates/cinematic-pop-orchestral-rock_0001.txt
index-cinematic-pop-ballad,cinematic-pop-power-ballad_0001,Cinematic Pop / Power Ballad,general-pop-ballad,71 BPM; Eb major,"The piece opens with a fragile, introspective melancholy, establishing a sense of vulnerability through sparse instrumentation.","A single male vocalist delivers the performance with a rich, resonant baritone that possesses a slightly raspy, textured quality.","A grand piano serves as the harmonic backbone, playing arpeggiated figures in the verses and shifting to broad, sustained chords in the choruses.",templates/cinematic-pop-power-ballad_0001.txt
index-cinematic-pop-ballad,cinematic-pop-power-ballad_0002,Cinematic Pop / Power Ballad,general-pop-ballad,72 BPM; F# major,"The piece opens with a solitary, introspective melancholy that gradually accumulates tension through the verses.",A solo female vocalist delivers the performance.,"A grand piano serves as the harmonic backbone throughout the entire track, playing arpeggiated figures in the verses and shifting to bold, rhythmic block chords in the choruses.",templates/cinematic-pop-power-ballad_0002.txt
"Club, EDM, House & Trance",deep-house-chill-electronic_0001,Deep House / Chill Electronic,electronic-synth-ambient-pop,100 BPM; F# minor,"The piece opens with an ethereal and longing atmosphere, establishing a sense of spacious melancholy.","A single female vocalist delivers the performance with a soft, breathy, and airy timbre.","A warm, plucked synthesizer arpeggio serves as the central melodic hook, present from the introduction and continuing through most of the track, providing the main harmonic movement.",templates/deep-house-chill-electronic_0001.txt
"Club, EDM, House & Trance",electronic-dance-music-edm-c-pop_0001,Electronic Dance Music (EDM) / C-Pop,east-asian-ballad-heritage,136 BPM; A minor,"The track opens with an atmospheric and slightly mysterious tone, quickly building anticipation through a rhythmic verse.",Singer A (Female).,"A bright, saw-wave synthesizer lead carries the main melodic hook, entering forcefully at the first chorus and recurring throughout the track as the central melodic driver.",templates/electronic-dance-music-edm-c-pop_0001.txt
"Club, EDM, House & Trance",electronic-dance-music-edm-cantopop_0001,Electronic Dance Music (EDM) / Cantopop,east-asian-ballad-heritage,130 BPM; A minor,"The track opens with a driving, rhythmic urgency that establishes an immediate sense of forward momentum.",Singer A (Male).,"A bright, saw-wave lead synthesizer carries the main melodic hook, entering fully in the first chorus and recurring as the dominant motif throughout the track.",templates/electronic-dance-music-edm-cantopop_0001.txt
"Club, EDM, House & Trance",electronic-dance-music-edm-hardstyle-infused-c-pop_0001,Electronic Dance Music (EDM) / Hardstyle-infused C-Pop,east-asian-ballad-heritage,136 BPM; D minor,"The track launches immediately with high-octane intensity, establishing a combative and heroic atmosphere from the outset.",Singer A (Male).,"A aggressive, saw-wave lead synthesizer carries the main melodic hook, present throughout the track but most dominant during the choruses and drops.",templates/electronic-dance-music-edm-hardstyle-infused-c-pop_0001.txt
"Club, EDM, House & Trance",electronic-dance-music-big-room-house_0001,Electronic Dance Music / Big Room House,—,128 BPM; F minor,"The track opens with a mysterious and atmospheric tension, gradually building anticipation through rhythmic layering.",Singer A (Male).,"A massive, detuned saw-wave synthesizer serves as the core melodic driver, dominating the arrangement during the drop sections with a powerful, distorted lead line.",templates/electronic-dance-music-big-room-house_0001.txt
"Club, EDM, House & Trance",electronic-dance-music-hardstyle-infused-pop_0001,Electronic Dance Music / Hardstyle-infused Pop,—,136 BPM; C# minor,The piece opens with an atmospheric and slightly melancholic tone that quickly builds anticipation through rising tension.,Singer A (Male).,"A massive, distorted saw-wave synthesizer lead serves as the core melodic hook, entering forcefully at the first drop and recurring as the dominant voice in all high-energy sections.",templates/electronic-dance-music-hardstyle-infused-pop_0001.txt
"Club, EDM, House & Trance",electronic-dance-music-progressive-house_0001,Electronic Dance Music / Progressive House,—,136 BPM; E major,The track opens with an intimate and atmospheric tension that gradually builds through rhythmic layering.,"A single female vocalist delivers the performance with a clear, bright, and slightly breathy soprano timbre.","A bright, detuned supersaw synthesizer serves as the core melodic hook, dominating the choruses and drops with a wide, shimmering presence.",templates/electronic-dance-music-progressive-house_0001.txt
"Club, EDM, House & Trance",electronic-dance-music-progressive-house_0002,Electronic Dance Music / Progressive House,—,133 BPM; F major,"The track opens with a sense of anticipation and restrained hope, gradually building tension through the verses.",Singer A (Female).,"A bright, saw-wave lead synthesizer carries the main melodic hook, entering fully during the first chorus and dominating the instrumental drop with a catchy, repetitive motif.",templates/electronic-dance-music-progressive-house_0002.txt
"Club, EDM, House & Trance",eurodance-trance-pop_0001,Eurodance / Trance-Pop,—,133 BPM; G major,"The track opens with an ethereal and anticipatory atmosphere that quickly builds into a high-energy, euphoric state.",Singer A (Female).,"A bright, saw-wave lead synthesizer carries the main melodic hook, entering fully in the first chorus and recurring throughout the track as the central melodic identity.",templates/eurodance-trance-pop_0001.txt
"Club, EDM, House & Trance",happy-hardcore-electronic-pop_0001,Happy Hardcore / Electronic Pop,electronic-synth-ambient-pop,182 BPM; F major,"The track opens with a dreamy, atmospheric tension that quickly accelerates into a high-energy, euphoric release.",Singer A (Female).,"A supersaw lead synthesizer carries the main melodic hook, entering forcefully at the first chorus and defining the track's high-energy identity throughout the drops.",templates/happy-hardcore-electronic-pop_0001.txt
"Club, EDM, House & Trance",hardstyle-euphoric-hardstyle_0001,Hardstyle / Euphoric Hardstyle,—,150 BPM; F# minor,"The piece opens with a commanding, atmospheric tension that immediately establishes a sense of vastness.",Singer A (Male).,"A heavily distorted, screeching lead synthesizer carries the main melodic hook during the drops, characterized by sharp attack and sustained high-frequency energy.",templates/hardstyle-euphoric-hardstyle_0001.txt
"Club, EDM, House & Trance",hardstyle-melodic-hard-dance_0001,Hardstyle / Melodic Hard Dance,—,143 BPM; Ab major,"The track opens with an ethereal, cinematic atmosphere that gradually builds tension through rising melodic layers and rhythmic anticipation.",Singer A (Female).,"A signature distorted hardstyle kick drum serves as the rhythmic and harmonic anchor during the drops, providing both the bassline pulse and the percussive drive.",templates/hardstyle-melodic-hard-dance_0001.txt
"Club, EDM, House & Trance",industrial-techno-cinematic-electronic_0001,Industrial Techno / Cinematic Electronic,electronic-synth-ambient-pop,146 BPM; Eb major,"The piece opens with a foreboding, narrative-driven tension that feels cinematic and ominous.",Singer A (Male).,"A massive, distorted saw-wave synthesizer bass serves as the core melodic and rhythmic driver, entering forcefully after the spoken intro and sustaining through the main drop with a repetitive, grinding motif.",templates/industrial-techno-cinematic-electronic_0001.txt
"Club, EDM, House & Trance",melodic-dubstep-electronic-pop_0001,Melodic Dubstep / Electronic Pop,electronic-synth-ambient-pop,171 BPM; A minor,"The track opens with an ethereal and vulnerable atmosphere, establishing a sense of longing through sparse instrumentation.","A single female vocalist delivers the performance with a clear, breathy, and emotive timbre.","A bright, plucked synthesizer arpeggio serves as the main melodic motif in the intro and verses, providing a delicate harmonic bed.",templates/melodic-dubstep-electronic-pop_0001.txt
"Club, EDM, House & Trance",melodic-dubstep-future-bass_0001,Melodic Dubstep / Future Bass,general-pop-ballad,171 BPM; A major,"The track opens with a spacious, introspective atmosphere that gradually builds tension through layered textures.",Singer A (Female).,"A lush, evolving synthesizer pad serves as the harmonic bedrock from the Intro to the Outro, shifting from warm, sustained chords in the verses to bright, modulated supersaw textures in the drops.",templates/melodic-dubstep-future-bass_0001.txt
"Club, EDM, House & Trance",progressive-house-electronic-pop_0001,Progressive House / Electronic Pop,electronic-synth-ambient-pop,128 BPM; Bb major,"The track opens with a sense of longing and atmospheric tension, characterized by sparse instrumentation and an intimate vocal delivery.",Singer A (Male).,"A bright, saw-wave lead synthesizer carries the main melodic hook, entering fully in the first chorus and recurring throughout the drops with slight variations in filter cutoff and modulation.",templates/progressive-house-electronic-pop_0001.txt
"Club, EDM, House & Trance",progressive-house-melodic-edm_0001,Progressive House / Melodic EDM,—,122 BPM; Bb major,"The track opens with an ethereal and spacious atmosphere, establishing a sense of longing and introspection.",Singer A (Male).,"A bright, plucked synthesizer arpeggio serves as the main melodic hook, present from the intro and continuing through most sections, evolving in complexity during the drops.",templates/progressive-house-melodic-edm_0001.txt
"Club, EDM, House & Trance",progressive-house-melodic-edm_0002,Progressive House / Melodic EDM,—,136 BPM; Bb major,"The track opens with a somber and introspective mood, establishing a sense of vulnerability through sparse instrumentation.",Singer A (Male).,"A bright, plucked synthesizer lead carries the main melodic hook, entering subtly in the intro and becoming the dominant force during the drops and choruses.",templates/progressive-house-melodic-edm_0002.txt
"Club, EDM, House & Trance",progressive-house-melodic-electronic_0001,Progressive House / Melodic Electronic,electronic-synth-ambient-pop,128 BPM; G minor,"The track opens with a spacious, melancholic atmosphere that gradually accumulates tension through layered textures.",Singer A (Male).,"A bright, saw-wave lead synthesizer carries the main melodic hook, entering fully during the choruses and drops with a distinct, cutting presence.",templates/progressive-house-melodic-electronic_0001.txt
"Club, EDM, House & Trance",progressive-house-melodic-trance_0001,Progressive House / Melodic Trance,—,130 BPM; Eb major,"The track opens with a wistful and atmospheric melancholy, establishing a sense of longing through sparse instrumentation.",Singer A (Female).,"A lush, evolving supersaw synthesizer pad serves as the harmonic backbone, present from the Intro through the Outro, shifting from a soft, filtered tone in the verses to a bright, full-frequency presence in the choruses.",templates/progressive-house-melodic-trance_0001.txt
"Club, EDM, House & Trance",progressive-house-vocal-dance_0001,Progressive House / Vocal Dance,—,133 BPM; A minor,"The track opens with a moody, atmospheric tension that gradually builds through the verses, creating a sense of anticipation.",Singer A (Female).,"A bright, saw-wave synthesizer lead carries the main melodic hook, entering fully in the first chorus and recurring throughout the track with slight variations in filter cutoff and modulation.",templates/progressive-house-vocal-dance_0001.txt
"Club, EDM, House & Trance",progressive-house-vocal-trance_0001,Progressive House / Vocal Trance,—,133 BPM; Eb major,"The track opens with an ethereal and spacious atmosphere, establishing a sense of cosmic wonder.",Singer A (Male) and Singer B (Female).,"A supersaw-style lead synthesizer serves as the core melodic driver during the choruses and drops, characterized by a bright, detuned, and soaring timbre.",templates/progressive-house-vocal-trance_0001.txt
"Club, EDM, House & Trance",progressive-house-vocal-trance_0002,Progressive House / Vocal Trance,—,140 BPM; C major,"The track opens with a spacious, atmospheric melancholy that gradually builds tension through layered instrumentation.",Singer A (Female).,"A bright, saw-wave lead synthesizer carries the main melodic hook during the drops, characterized by a sharp attack and long release.",templates/progressive-house-vocal-trance_0002.txt
"Club, EDM, House & Trance",progressive-house-vocal-trance_0003,Progressive House / Vocal Trance,—,128 BPM; Bb major,"The track opens with an atmospheric and slightly melancholic mood, establishing a sense of anticipation.","A female lead vocalist delivers the performance with a clear, breathy, and emotive timbre.","A bright, supersaw-style synthesizer serves as the primary melodic driver during the choruses and drops, delivering the main hook with a wide, detuned stereo image.",templates/progressive-house-vocal-trance_0003.txt
"Club, EDM, House & Trance",progressive-house-vocal-trance_0004,Progressive House / Vocal Trance,—,130 BPM; B major,"The track opens with a somber, atmospheric melancholy that gradually builds tension through the verses.",Singer A (Female).,"A bright, supersaw lead synthesizer carries the main melodic hook, entering forcefully at the first drop and recurring as the central motif throughout the track.",templates/progressive-house-vocal-trance_0004.txt
"Club, EDM, House & Trance",trance-c-pop-electronic_0001,Trance / C-Pop Electronic,east-asian-modern,140 BPM; A major,"The track opens with an atmospheric and anticipatory mood, gradually layering rhythmic elements to build kinetic energy.",Singer A (Male).,"A bright, saw-wave lead synthesizer carries the main melodic hook, entering fully at the first chorus and returning for every subsequent peak section.",templates/trance-c-pop-electronic_0001.txt
"Club, EDM, House & Trance",trance-hard-dance_0001,Trance / Hard Dance,—,140 BPM; C minor,"The track opens with an atmospheric and commanding mood, establishing a sense of grandeur through echoing vocals and swelling pads.",Singer A (Male).,"A supersaw lead synthesizer with a sharp attack and wide stereo spread serves as the main melodic hook, entering forcefully at the first drop and recurring throughout the high-energy sections.",templates/trance-hard-dance_0001.txt
"Club, EDM, House & Trance",trance-vocal-electronic-dance-music_0001,Trance / Vocal Electronic Dance Music,—,136 BPM; C# minor,"The piece opens with an ethereal and spacious atmosphere, establishing a sense of cosmic wonder that remains restrained during the verses.",Singer A (Female).,"A bright, saw-wave lead synthesizer carries the main melodic hook, entering fully in the first chorus and recurring as the dominant melodic voice throughout the track.",templates/trance-vocal-electronic-dance-music_0001.txt
"Club, EDM, House & Trance",trance-vocal-trance_0001,Trance / Vocal Trance,—,140 BPM; F# minor,"The piece opens with a submerged, atmospheric melancholy that gradually builds tension through swelling textures.",Singer A (Male).,"A bright, supersaw lead synthesizer carries the main melodic hook, entering forcefully at the first drop and returning for every subsequent chorus.",templates/trance-vocal-trance_0001.txt
Contemporary Folk & Acoustic,acoustic-folk-mandopop-ballad_0001,Acoustic Folk / Mandopop Ballad,east-asian-ballad-heritage,146 BPM; Bb major,"The piece opens with a solitary, contemplative mood established by sparse instrumentation.",Singer A (Male).,"A steel-string acoustic guitar plays a finger-picked arpeggio pattern, serving as the harmonic and rhythmic backbone from the very beginning to the end of the track.",templates/acoustic-folk-mandopop-ballad_0001.txt
Contemporary Folk & Acoustic,acoustic-folk-singer-songwriter_0001,Acoustic Folk / Singer-Songwriter,general-pop-ballad,128 BPM; C minor,"The piece opens with a solitary, contemplative atmosphere established by a lone acoustic instrument, creating an intimate and slightly melancholic mood.",Singer A (Male).,"A steel-string acoustic guitar serves as the sole harmonic and rhythmic foundation, present from the very first second to the final fade.",templates/acoustic-folk-singer-songwriter_0001.txt
Contemporary Folk & Acoustic,acoustic-folk-singer-songwriter_0002,Acoustic Folk / Singer-Songwriter,general-pop-ballad,82 BPM; C# minor,"The piece opens with a solitary, contemplative mood established by sparse instrumentation, creating an intimate and vulnerable atmosphere.",Singer A (Male).,"An acoustic guitar with a bright, finger-picked pattern serves as the harmonic and rhythmic backbone, present from the very first second through to the outro, occasionally shifting to strummed chords for emphasis.",templates/acoustic-folk-singer-songwriter_0002.txt
Contemporary Folk & Acoustic,acoustic-folk-singer-songwriter_0003,Acoustic Folk / Singer-Songwriter,general-pop-ballad,87 BPM; E major,"The piece opens with a quiet, introspective melancholy that remains consistent throughout the verses, creating a sense of stillness and reflection.","A single male vocalist delivers the lyrics with a soft, gentle baritone timbre that feels close and personal, characterized by a smooth, breathy quality.","A finger-picked acoustic guitar serves as the central harmonic and rhythmic foundation, present from the very beginning and continuing through to the end, providing a steady, arpeggiated pattern.",templates/acoustic-folk-singer-songwriter_0003.txt
Contemporary Folk & Acoustic,acoustic-folk-singer-songwriter_0004,Acoustic Folk / Singer-Songwriter,general-pop-ballad,72 BPM; C major,"The piece opens with a quiet, contemplative narrative tone that remains consistent throughout the verses, fostering an intimate storytelling atmosphere.","A solo male vocalist delivers the performance with a warm, slightly husky baritone timbre.","A single nylon-string acoustic guitar serves as the sole harmonic and rhythmic foundation, present from the very first second to the final fade-out.",templates/acoustic-folk-singer-songwriter_0004.txt
Contemporary Folk & Acoustic,acoustic-pop-folk-ballad_0001,Acoustic Pop / Folk Ballad,roots-traditional-global,182 BPM; A minor,"The piece opens with a gentle, intimate melancholy, establishing a reflective mood through sparse instrumentation.",Singer A (Male).,"A nylon-string acoustic guitar serves as the harmonic and rhythmic backbone, utilizing intricate finger-picking patterns in the verses and transitioning to fuller strumming in the choruses.",templates/acoustic-pop-folk-ballad_0001.txt
Contemporary Folk & Acoustic,acoustic-pop-singer-songwriter_0001,Acoustic Pop / Singer-Songwriter,general-pop-ballad,82 BPM; Eb major,"The piece opens with a solitary, haunting vulnerability that gradually accumulates emotional weight through the verses.","A single female vocalist delivers the performance with a clear, breathy timbre in the lower register that transitions into a powerful, resonant belt in the upper register.",A steel-string acoustic guitar provides the core harmonic and rhythmic foundation throughout the entire track.,templates/acoustic-pop-singer-songwriter_0001.txt
Contemporary Folk & Acoustic,contemporary-folk-chamber-folk_0001,Contemporary Folk / Chamber Folk,roots-traditional-global,136 BPM; C minor,"The piece opens with a somber, reflective atmosphere established by a solitary bowed instrument, setting a tone of quiet introspection.",Singer A (Male).,A solo cello serves as the harmonic and melodic anchor throughout the entire track.,templates/contemporary-folk-chamber-folk_0001.txt
Contemporary Folk & Acoustic,contemporary-folk-chamber-pop_0001,Contemporary Folk / Chamber Pop,general-pop-ballad,120 BPM; Bb major,"The piece opens with a gentle, narrative intimacy that feels reflective and storytelling-focused.",Singer A (Male).,"A piano serves as the harmonic anchor, playing arpeggiated figures and chordal support from the very beginning to the end.",templates/contemporary-folk-chamber-pop_0001.txt
Contemporary Folk & Acoustic,contemporary-folk-gospel-influenced-ballad_0001,Contemporary Folk / Gospel-Influenced Ballad,soul-blues-gospel,78 BPM; C major,"The piece opens with a serene, contemplative atmosphere that suggests safety and reflection.","The track features a Lead Male Vocalist with a warm, resonant baritone texture that conveys sincerity and stability.","An acoustic piano serves as the harmonic backbone throughout the entire track, playing arpeggiated figures in the verses and transitioning to fuller, block chords in the choruses to drive the emotional momentum.",templates/contemporary-folk-gospel-influenced-ballad_0001.txt
Contemporary Folk & Acoustic,contemporary-folk-indie-pop_0001,Contemporary Folk / Indie Pop,general-pop-ballad,88 BPM; Bb major,"The piece opens with an intimate, reflective vulnerability that gradually gathers momentum through the pre-chorus.",Singer A (Male).,"An acoustic guitar serves as the harmonic backbone, starting with a delicate finger-picked pattern in the intro and verses, then transitioning to a vigorous, rhythmic strumming technique that drives the energy in the…",templates/contemporary-folk-indie-pop_0001.txt
Contemporary Folk & Acoustic,contemporary-folk-singer-songwriter_0001,Contemporary Folk / Singer-Songwriter,general-pop-ballad,86 BPM; C minor,"The piece opens with a solitary, contemplative mood that gradually expands into a warm, hopeful narrative as the arrangement thickens.",Singer A (Male).,"An acoustic guitar played with a delicate finger-picking pattern serves as the harmonic and rhythmic backbone, present from the very beginning and continuing through to the end.",templates/contemporary-folk-singer-songwriter_0001.txt
Contemporary Folk & Acoustic,contemporary-folk-singer-songwriter_0002,Contemporary Folk / Singer-Songwriter,general-pop-ballad,115 BPM; D major,"The piece opens with a contemplative and grounded intimacy, establishing a narrative tone that feels both ancient and immediate.","A single male vocalist delivers the performance with a warm, resonant baritone timbre.","A grand piano serves as the harmonic backbone, playing arpeggiated figures and block chords from the very beginning to the end.",templates/contemporary-folk-singer-songwriter_0002.txt
Contemporary Folk & Acoustic,contemporary-folk-singer-songwriter_0003,Contemporary Folk / Singer-Songwriter,general-pop-ballad,171 BPM; C# major,"The piece opens with a serene, contemplative mood that evokes a sense of freedom and vastness.","A single male vocalist delivers the performance with a warm, clear baritone timbre that carries a gentle, weathered texture suitable for storytelling.","An acoustic guitar serves as the harmonic backbone throughout the entire track, utilizing a mix of finger-picking patterns in the verses and fuller strumming techniques in the choruses to drive the dynamic shifts.",templates/contemporary-folk-singer-songwriter_0003.txt
Contemporary Folk & Acoustic,contemporary-folk-singer-songwriter_0004,Contemporary Folk / Singer-Songwriter,general-pop-ballad,158 BPM; Eb major,"The piece opens with a gentle, wistful introspection that remains consistent through the verses, evoking a sense of quiet longing.",Singer A (Male).,"A steel-string acoustic guitar played with a delicate finger-picking technique serves as the harmonic and rhythmic backbone, present from the very first second through to the final fade.",templates/contemporary-folk-singer-songwriter_0004.txt
Contemporary Folk & Acoustic,folk-pop-acoustic-ballad_0001,Folk Pop / Acoustic Ballad,roots-traditional-global,72 BPM; Bb major,"The piece opens with a solitary, introspective mood that feels fragile and quiet.",Singer A (Female).,"A steel-string acoustic guitar played with a delicate finger-picking technique serves as the harmonic and rhythmic backbone, present from the very first second and continuing uninterrupted through to the outro.",templates/folk-pop-acoustic-ballad_0001.txt
Contemporary Folk & Acoustic,folk-pop-acoustic-ballad_0002,Folk Pop / Acoustic Ballad,roots-traditional-global,73 BPM; Bb major,"The piece opens with a gentle, storytelling atmosphere that feels intimate and slightly wistful.",Singer A (Male).,"A finger-picked acoustic guitar serves as the harmonic and rhythmic backbone, present from the very beginning to the end.",templates/folk-pop-acoustic-ballad_0002.txt
Contemporary Folk & Acoustic,folk-pop-acoustic-ballad_0003,Folk Pop / Acoustic Ballad,roots-traditional-global,71 BPM; C major,"The piece opens with a solitary, intimate melancholy, establishing a reflective tone that remains consistent through the initial verses.",Singer A (Male).,"A finger-picked acoustic guitar serves as the foundational harmonic and melodic instrument, present from the very beginning and continuing through to the end, providing a steady, arpeggiated pulse.",templates/folk-pop-acoustic-ballad_0003.txt
Contemporary Folk & Acoustic,folk-pop-acoustic-ballad_0004,Folk Pop / Acoustic Ballad,roots-traditional-global,83 BPM; Bb major,"The piece opens with a solitary, introspective mood that feels like a quiet confession.",Singer A (Male).,"An acoustic guitar with a bright, finger-picked pattern serves as the harmonic backbone, present from the very beginning and continuing through to the end.",templates/folk-pop-acoustic-ballad_0004.txt
Contemporary Folk & Acoustic,folk-pop-children-s-music_0001,Folk Pop / Children's Music,general-pop-ballad,133 BPM; Eb major,"The track opens with a whimsical and narrative tone, establishing a storytelling atmosphere that feels both gentle and engaging.",Singer A (Male).,"A bright acoustic piano serves as the harmonic backbone throughout the entire track, playing rhythmic chord stabs in the verses and flowing arpeggios in the choruses.",templates/folk-pop-children-s-music_0001.txt
Contemporary Folk & Acoustic,folk-pop-indie-acoustic_0001,Folk Pop / Indie Acoustic,roots-traditional-global,130 BPM; G major,"The track opens with a breezy, optimistic atmosphere that establishes a sense of adventure.",Singer A (Male).,"A bright, strummed acoustic guitar serves as the rhythmic and harmonic backbone, present from the very first second and driving the song through to the end.",templates/folk-pop-indie-acoustic_0001.txt
Contemporary Folk & Acoustic,folk-pop-soft-rock-ballad_0001,Folk Pop / Soft Rock Ballad,pop-alternative-rock,94 BPM; D major,"The piece opens with a wistful and dreamlike atmosphere, establishing a sense of quiet longing through sparse instrumentation.",Singer A (Male) and Singer B (Female).,"A nylon-string acoustic guitar plays a delicate, finger-picked arpeggio pattern that serves as the harmonic backbone from the Intro through the Outro, providing a constant, rhythmic pulse.",templates/folk-pop-soft-rock-ballad_0001.txt
Contemporary Folk & Acoustic,indie-folk-acoustic-ballad_0001,Indie Folk / Acoustic Ballad,roots-traditional-global,78 BPM; C major,"The piece opens with a somber, intimate atmosphere that gradually builds in intensity and urgency as the arrangement thickens.",Singer A (Male).,"A finger-picked acoustic guitar serves as the harmonic and rhythmic backbone, present from the very beginning and continuing through to the end, providing a consistent, grounding pulse.",templates/indie-folk-acoustic-ballad_0001.txt
Contemporary Folk & Acoustic,indie-folk-acoustic-ballad_0002,Indie Folk / Acoustic Ballad,roots-traditional-global,87 BPM; Bb major,"The piece opens with a hushed, solitary atmosphere that establishes a tone of quiet melancholy.",Singer A (Male).,"A finger-picked acoustic guitar serves as the harmonic and rhythmic backbone, present from the very beginning and continuing through to the end, providing a steady, arpeggiated pattern.",templates/indie-folk-acoustic-ballad_0002.txt
Contemporary Folk & Acoustic,indie-folk-acoustic-ballad_0003,Indie Folk / Acoustic Ballad,roots-traditional-global,75 BPM; C major,"The piece opens with a solitary, contemplative mood established by sparse instrumentation, maintaining a sense of quiet introspection throughout the verses.",Singer A (Male).,"A finger-picked acoustic guitar serves as the harmonic and rhythmic backbone, present from the very beginning and continuing uninterrupted through to the end of the track.",templates/indie-folk-acoustic-ballad_0003.txt
Contemporary Folk & Acoustic,indie-folk-acoustic-ballad_0004,Indie Folk / Acoustic Ballad,roots-traditional-global,60 BPM; G major,"The piece opens with a solitary, intimate melancholy, establishing a tone of quiet reflection.",Singer A (Male).,"A finger-picked acoustic guitar serves as the core harmonic and rhythmic foundation, present from the very first second and continuing uninterrupted through to the final fade-out.",templates/indie-folk-acoustic-ballad_0004.txt
Contemporary Folk & Acoustic,indie-folk-acoustic-ballad_0005,Indie Folk / Acoustic Ballad,roots-traditional-global,78 BPM; Bb major,"The piece opens with a hushed, introspective melancholy, establishing a sense of solitude and stillness.",Singer A (Male).,"A finger-picked acoustic guitar serves as the harmonic and rhythmic backbone, present from the very beginning and continuing throughout the entire track, providing a steady, flowing arpeggio pattern.",templates/indie-folk-acoustic-ballad_0005.txt
Contemporary Folk & Acoustic,indie-folk-acoustic-ballad_0006,Indie Folk / Acoustic Ballad,roots-traditional-global,60 BPM; Bb major,"The piece opens with a hushed, intimate melancholy, establishing a sense of quiet solitude.","A single female vocalist delivers the performance with a soft, breathy, and crystalline timbre.","A finger-picked acoustic guitar serves as the harmonic backbone, present from the very first second and continuing through to the final fade-out, providing a consistent rhythmic and melodic pulse.",templates/indie-folk-acoustic-ballad_0006.txt
Contemporary Folk & Acoustic,indie-folk-acoustic-ballad_0007,Indie Folk / Acoustic Ballad,roots-traditional-global,87 BPM; C# major,"The piece opens with a somber, intimate atmosphere established by sparse instrumentation, maintaining a restrained and reflective tone through the verses.",Singer A (Male).,"A finger-picked acoustic guitar serves as the harmonic backbone, present from the very beginning to the end, providing a steady, arpeggiated pattern that drives the song's pulse.",templates/indie-folk-acoustic-ballad_0007.txt
Contemporary Folk & Acoustic,indie-folk-acoustic-ballad_0008,Indie Folk / Acoustic Ballad,roots-traditional-global,56 BPM; Bb major,"The piece opens with a solitary, introspective mood established by sparse instrumentation, creating a sense of quiet vulnerability.",Singer A (Female).,"A finger-picked acoustic guitar serves as the harmonic and rhythmic backbone, present from the very first second and continuing unbroken through to the outro.",templates/indie-folk-acoustic-ballad_0008.txt
Contemporary Folk & Acoustic,indie-folk-acoustic-pop_0001,Indie Folk / Acoustic Pop,—,150 BPM; Bb major,"The piece opens with a solitary, introspective mood that feels grounded and quiet.",Singer A (Male).,"An acoustic guitar with a finger-picked pattern serves as the harmonic and rhythmic backbone, present from the very beginning to the end.",templates/indie-folk-acoustic-pop_0001.txt
Contemporary Folk & Acoustic,indie-folk-acoustic-pop_0002,Indie Folk / Acoustic Pop,—,167 BPM; Eb major,"The piece opens with a solitary, introspective atmosphere that gradually accumulates emotional weight through the verses.","A single male vocalist delivers the performance with a clear, warm tenor timbre that carries a slight rasp, adding texture and emotional grit.","A steel-string acoustic guitar serves as the harmonic backbone, present from the very first second.",templates/indie-folk-acoustic-pop_0002.txt
Contemporary Folk & Acoustic,indie-folk-acoustic-pop_0003,Indie Folk / Acoustic Pop,—,87 BPM; G major,"The piece opens with a solitary, intimate atmosphere that feels contemplative and slightly melancholic.",Singer A (Male).,"An acoustic guitar with a finger-picked pattern serves as the harmonic backbone, present from the Intro through the Outro.",templates/indie-folk-acoustic-pop_0003.txt
Contemporary Folk & Acoustic,indie-folk-acoustic-pop_0004,Indie Folk / Acoustic Pop,—,158 BPM; Eb major,"The piece opens with a gentle, introspective mood established by sparse instrumentation, gradually building warmth and narrative depth as the arrangement thickens in the verses.",Singer A (Male).,"A finger-picked acoustic guitar serves as the harmonic backbone, present from the Intro through the Outro, providing a steady rhythmic and melodic foundation.",templates/indie-folk-acoustic-pop_0004.txt
Contemporary Folk & Acoustic,indie-folk-acoustic-pop_0005,Indie Folk / Acoustic Pop,—,79 BPM; Bb major,"The piece opens with a solitary, introspective mood that feels intimate and vulnerable.","A single male vocalist delivers the performance with a soft, breathy, and gentle tenor timbre.","A finger-picked acoustic guitar serves as the foundational harmonic and rhythmic element, present from the very beginning and continuing through to the end.",templates/indie-folk-acoustic-pop_0005.txt
Contemporary Folk & Acoustic,indie-folk-acoustic-pop_0006,Indie Folk / Acoustic Pop,—,158 BPM; C major,"The piece opens with a solitary, introspective mood established by sparse instrumentation, gradually building a sense of hopeful determination as the arrangement thickens.",Singer A (Male).,A steel-string acoustic guitar serves as the harmonic backbone throughout the entire track.,templates/indie-folk-acoustic-pop_0006.txt
Contemporary Folk & Acoustic,indie-folk-acoustic-pop_0007,Indie Folk / Acoustic Pop,—,158 BPM; G major,"The piece opens with a gentle, intimate atmosphere that gradually builds into an uplifting and reassuring anthem.",Singer A (Male) and Singer B (Female).,"A bright, finger-picked acoustic guitar serves as the harmonic backbone, present from the Intro to the Outro, providing a steady rhythmic pulse and melodic embellishments.",templates/indie-folk-acoustic-pop_0007.txt
Contemporary Folk & Acoustic,indie-folk-acoustic-pop_0008,Indie Folk / Acoustic Pop,—,90 BPM; F major,"The piece opens with a gentle, inquisitive atmosphere that feels like a personal discovery, maintaining a steady, narrative-driven warmth through the verses.",Singer A (Male).,"A bright, strummed ukulele serves as the core harmonic and rhythmic driver, present from the very first second and continuing uninterrupted through to the end, providing the song's characteristic buoyant pulse.",templates/indie-folk-acoustic-pop_0008.txt
Contemporary Folk & Acoustic,indie-folk-acoustic-pop_0009,Indie Folk / Acoustic Pop,—,167 BPM; A major,"The piece opens with a gentle, intimate atmosphere that feels reflective and slightly wistful.",Singer A (Female).,"A nylon-string acoustic guitar plays a consistent, finger-picked arpeggio pattern throughout the entire track, serving as the harmonic and rhythmic backbone.",templates/indie-folk-acoustic-pop_0009.txt
Contemporary Folk & Acoustic,indie-folk-acoustic-pop_0010,Indie Folk / Acoustic Pop,—,80 BPM; E major,"The piece opens with a solitary, contemplative mood that gradually expands into a warm, uplifting atmosphere as additional layers join.",Singer A (Male).,"An acoustic guitar playing a delicate finger-picked pattern serves as the harmonic and rhythmic backbone, present from the very beginning and continuing through to the end.",templates/indie-folk-acoustic-pop_0010.txt
Contemporary Folk & Acoustic,indie-folk-acoustic-pop_0011,Indie Folk / Acoustic Pop,—,167 BPM; Bb major,"The piece opens with a solitary, introspective melancholy, establishing a quiet and vulnerable atmosphere.",Singer A (Male).,"A finger-picked acoustic guitar serves as the harmonic and melodic backbone, present from the very beginning and continuing through to the end.",templates/indie-folk-acoustic-pop_0011.txt
Contemporary Folk & Acoustic,indie-folk-acoustic-pop_0012,Indie Folk / Acoustic Pop,—,176 BPM; Bb major,"The piece opens with a gentle, whimsical innocence that establishes a storytelling atmosphere.",Singer A (Female).,"A ukulele provides the core harmonic and rhythmic foundation, playing a steady, syncopated strumming pattern from the very beginning to the end of the track.",templates/indie-folk-acoustic-pop_0012.txt
Contemporary Folk & Acoustic,indie-folk-acoustic-pop_0013,Indie Folk / Acoustic Pop,—,176 BPM; Bb major,"The piece opens with a solitary, introspective melancholy that gradually accumulates layers of emotional weight.",Singer A (Female).,"An acoustic guitar provides the foundational harmonic rhythm with a gentle finger-picking pattern, present from the very beginning and continuing through the entire track as the structural backbone.",templates/indie-folk-acoustic-pop_0013.txt
Contemporary Folk & Acoustic,indie-folk-acoustic-pop_0014,Indie Folk / Acoustic Pop,—,100 BPM; Bb major,"The piece opens with a solitary, introspective mood that feels grounded and earthy.",Singer A (Female).,A steel-string acoustic guitar serves as the harmonic backbone throughout the entire track.,templates/indie-folk-acoustic-pop_0014.txt
Contemporary Folk & Acoustic,indie-folk-acoustic-pop_0015,Indie Folk / Acoustic Pop,—,90 BPM; Eb major,"The piece opens with a gentle, intimate melancholy that gradually swells into a hopeful and expansive emotional peak during the choruses.",Singer A (Male) and Singer B (Female).,"A finger-picked acoustic guitar serves as the harmonic backbone, present from the very beginning and continuing through to the end, providing a consistent rhythmic pulse.",templates/indie-folk-acoustic-pop_0015.txt
Contemporary Folk & Acoustic,indie-folk-acoustic-pop_0016,Indie Folk / Acoustic Pop,—,85 BPM; Bb major,"The piece opens with a solitary, introspective mood that gradually accumulates layers of warmth and communal resonance.","A single Male vocalist delivers the performance with a soft, breathy baritone timbre that feels intimate and close-miked.","A finger-picked acoustic guitar serves as the harmonic and rhythmic backbone, present from the very first second and continuing through to the final fade-out.",templates/indie-folk-acoustic-pop_0016.txt
Contemporary Folk & Acoustic,indie-folk-acoustic-singer-songwriter_0001,Indie Folk / Acoustic Singer-Songwriter,roots-traditional-global,83 BPM; Eb major,"The piece opens with a solitary, contemplative mood that feels intimate and slightly melancholic.",Singer A (Male).,"A finger-picked acoustic guitar serves as the harmonic and rhythmic backbone, present from the very beginning and continuing through to the end, providing a consistent, flowing arpeggio pattern.",templates/indie-folk-acoustic-singer-songwriter_0001.txt
Contemporary Folk & Acoustic,indie-folk-acoustic-singer-songwriter_0002,Indie Folk / Acoustic Singer-Songwriter,roots-traditional-global,63 BPM; C major,"The piece opens with a solitary, contemplative mood that feels intimate and grounded.",Singer A (Male) and Singer B (Female).,"A finger-picked acoustic guitar serves as the foundational harmonic and melodic instrument, present from the Intro through to the Outro, providing a steady, rhythmic pulse.",templates/indie-folk-acoustic-singer-songwriter_0002.txt
Contemporary Folk & Acoustic,indie-folk-acoustic-singer-songwriter_0003,Indie Folk / Acoustic Singer-Songwriter,roots-traditional-global,92 BPM; Bb minor,"The piece opens with a fragile, introspective melancholy, establishing a sense of solitude through sparse instrumentation.","A solo female vocalist delivers the performance with a soft, breathy, and clear timbre that feels intimate and vulnerable.","A finger-picked acoustic guitar serves as the harmonic and rhythmic backbone, present from the very beginning and continuing through to the end, providing a steady, intricate pattern.",templates/indie-folk-acoustic-singer-songwriter_0003.txt
Contemporary Folk & Acoustic,indie-folk-ambient-acoustic_0001,Indie Folk / Ambient Acoustic,roots-traditional-global,102 BPM; C minor,"The piece opens with a fragile, ethereal atmosphere that establishes a tone of deep introspection and vulnerability.","A solo female vocalist delivers the performance with a soft, breathy, and resonant timbre.","A finger-picked acoustic guitar serves as the harmonic and rhythmic backbone, present from the very beginning to the end.",templates/indie-folk-ambient-acoustic_0001.txt
Contemporary Folk & Acoustic,indie-folk-ambient-pop_0001,Indie Folk / Ambient Pop,electronic-synth-ambient-pop,71 BPM; Bb major,"The piece opens with a hushed, meditative intimacy that gradually accumulates weight and solemnity.","A single male vocalist delivers the performance with a soft, breathy, and resonant baritone timbre that conveys vulnerability and earnestness.","A resonant acoustic piano serves as the harmonic backbone, playing slow, deliberate chords from the introduction through to the final fade-out, anchoring the song's melancholic mood.",templates/indie-folk-ambient-pop_0001.txt
Contemporary Folk & Acoustic,indie-folk-ambient-pop_0002,Indie Folk / Ambient Pop,electronic-synth-ambient-pop,63 BPM; C major,"The piece opens with a fragile, intimate melancholy, establishing a sense of vulnerability through sparse instrumentation.","A single Male vocalist delivers the performance with a soft, breathy, and emotive timbre that conveys deep vulnerability.","An acoustic guitar serves as the harmonic backbone throughout the entire track, utilizing a delicate finger-picking pattern in the verses that transitions into broader, rhythmic strumming during the choruses to drive…",templates/indie-folk-ambient-pop_0002.txt
Contemporary Folk & Acoustic,indie-folk-anthem-rock_0001,Indie Folk / Anthem Rock,pop-alternative-rock,79 BPM; G major,"The piece begins with a solitary, introspective mood characterized by sparse instrumentation and a narrative vocal delivery.",Singer A (Male).,"An acoustic guitar serves as the foundational harmonic instrument, present from the very beginning with a steady, rhythmic strumming pattern that anchors the entire track.",templates/indie-folk-anthem-rock_0001.txt
Contemporary Folk & Acoustic,indie-folk-anthemic-pop_0001,Indie Folk / Anthemic Pop,general-pop-ballad,125 BPM; D major,"The piece opens with a serene, hushed atmosphere that evokes a sense of quiet stillness and anticipation.",Singer A (Male).,"A bright, steel-string acoustic guitar playing a rhythmic strumming pattern serves as the harmonic backbone, present from the Intro through to the Outro.",templates/indie-folk-anthemic-pop_0001.txt
Contemporary Folk & Acoustic,indie-folk-anthemic-pop_0002,Indie Folk / Anthemic Pop,general-pop-ballad,85 BPM; D major,"The piece opens with an intimate, reassuring tone that gradually builds in intensity and conviction.",Singer A (Male).,"A bright, steel-string acoustic guitar playing a steady, rhythmic strumming pattern serves as the harmonic backbone, present from the very first second through to the outro, anchoring the song's folk identity.",templates/indie-folk-anthemic-pop_0002.txt
Contemporary Folk & Acoustic,indie-folk-blues-rock_0001,Indie Folk / Blues Rock,soul-blues-gospel,100 BPM; C minor,"The piece opens with a solitary, intimate atmosphere that feels reflective and slightly weary.",Singer A (Male).,"An acoustic guitar with a bright, percussive strumming pattern serves as the harmonic backbone throughout the entire track, driving the rhythm and chord progression.",templates/indie-folk-blues-rock_0001.txt
Contemporary Folk & Acoustic,indie-folk-contemporary-folk_0001,Indie Folk / Contemporary Folk,—,171 BPM; Bb major,"The piece opens with a gentle, narrative intimacy that establishes a reflective and slightly melancholic tone.",Singer A (Female).,"An acoustic guitar with a bright, finger-picked pattern serves as the harmonic backbone, present from the Intro through to the Outro, providing a consistent rhythmic and melodic pulse.",templates/indie-folk-contemporary-folk_0001.txt
Contemporary Folk & Acoustic,indie-folk-dream-pop_0001,Indie Folk / Dream Pop,electronic-synth-ambient-pop,158 BPM; A minor,"The piece opens with a hushed, mysterious atmosphere that feels like a whispered secret, maintaining a sense of quiet tension through the verses.",Singer A (Female).,"A clean, finger-picked acoustic guitar provides the core harmonic and rhythmic foundation, present from the very beginning and continuing through to the end.",templates/indie-folk-dream-pop_0001.txt
Contemporary Folk & Acoustic,indie-folk-dream-pop_0002,Indie Folk / Dream Pop,electronic-synth-ambient-pop,176 BPM; Bb major,"The piece opens with a hushed, celestial introspection that remains gently restrained throughout the verses.",Singer A (Female).,"A finger-picked acoustic guitar provides the constant harmonic and rhythmic backbone, present from the very first second through to the final fade-out.",templates/indie-folk-dream-pop_0002.txt
Contemporary Folk & Acoustic,indie-folk-folk-pop_0001,Indie Folk / Folk-Pop,roots-traditional-global,100 BPM; C major,"The track opens with a breezy, optimistic tone established by rhythmic strumming and vocal hooks.",Singer A (Male).,"A bright, steel-string acoustic guitar provides the core harmonic and rhythmic foundation throughout the entire track, utilizing a driving strumming pattern that dictates the song's pulse.",templates/indie-folk-folk-pop_0001.txt
Contemporary Folk & Acoustic,indie-folk-singer-songwriter_0001,Indie Folk / Singer-Songwriter,general-pop-ballad,158 BPM; Bb minor,"The piece opens with a fragile, introspective mood, establishing a sense of vulnerability through sparse instrumentation.","A solo female vocalist delivers the performance with a soft, breathy, and clear timbre.","A finger-picked acoustic guitar serves as the harmonic and rhythmic backbone, present from the very first second to the final fade-out.",templates/indie-folk-singer-songwriter_0001.txt
Contemporary Folk & Acoustic,indie-folk-singer-songwriter_0002,Indie Folk / Singer-Songwriter,general-pop-ballad,65 BPM; G major,"The piece opens with a fragile, intimate melancholy that remains consistent through the initial verses.","The track features a solo female vocalist with a soft, breathy, and clear timbre.","A steel-string acoustic guitar serves as the harmonic backbone, utilizing a delicate finger-picking pattern that persists from the intro through the entire track, providing a steady rhythmic and melodic pulse.",templates/indie-folk-singer-songwriter_0002.txt
Contemporary Folk & Acoustic,indie-folk-singer-songwriter_0003,Indie Folk / Singer-Songwriter,general-pop-ballad,85 BPM; Eb major,"The piece opens with a solitary, introspective mood established by sparse instrumentation, evoking a sense of quiet storytelling.","A single male vocalist delivers the lyrics with a smooth, slightly breathy baritone timbre that feels both intimate and earnest.","An acoustic guitar with a finger-picked pattern serves as the harmonic backbone, present from the very beginning and continuing through to the end.",templates/indie-folk-singer-songwriter_0003.txt
Contemporary Folk & Acoustic,indie-folk-singer-songwriter_0004,Indie Folk / Singer-Songwriter,general-pop-ballad,102 BPM; B major,"The piece opens with a fragile, introspective stillness that gradually accumulates momentum.","A solo female vocalist delivers the performance with a clear, breathy, and intimate timbre.","An acoustic guitar, played with a delicate finger-picking pattern, serves as the harmonic backbone throughout the entire track, providing a steady rhythmic pulse.",templates/indie-folk-singer-songwriter_0004.tx
Country & Americana,americana-blues-rock_0001,Americana / Blues Rock,soul-blues-gospel,78 BPM; G minor,"The piece opens with a solitary, contemplative mood established by a lone acoustic instrument, evoking a sense of isolation.",Singer A (Male).,"An acoustic guitar with a resonant, slightly percussive strumming pattern serves as the harmonic backbone, present from the very beginning and continuing through to the end.",templates/americana-blues-rock_0001.txt
Country & Americana,americana-folk-ballad_0001,Americana / Folk Ballad,roots-traditional-global,158 BPM; F minor,"The piece opens with a somber, earthy introspection that remains grounded and restrained throughout the verses.",Singer A (Male).,"An acoustic guitar played with a finger-picking technique serves as the harmonic and rhythmic backbone, present from the very first second and continuing uninterrupted to the end.",templates/americana-folk-ballad_0001.txt
Country & Americana,americana-folk-country_0002,Americana / Folk Country,—,115 BPM; A major,"The piece opens with a solitary, introspective mood that establishes a sense of isolation.",Singer A (Male).,"An acoustic guitar plays a steady, finger-picked pattern that serves as the harmonic and rhythmic backbone from the very beginning to the end of the track.",templates/americana-folk-country_0002.txt
Country & Americana,americana-folk-pop_0001,Americana / Folk Pop,contemporary-folk-acoustic,111 BPM; E major,"The piece opens with a gentle, introspective atmosphere that feels intimate and raw.",Singer A (Male).,"An acoustic guitar playing a steady, finger-picked pattern serves as the harmonic backbone, present from the very beginning and continuing through to the end.",templates/americana-folk-pop_0001.txt
Country & Americana,americana-folk-rock_0001,Americana / Folk Rock,roots-traditional-global,103 BPM; A minor,"The piece opens with a somber, reflective mood established by sparse instrumentation, gradually building narrative tension through the verses.",Singer A (Male).,"A steel-string acoustic guitar provides the core harmonic and rhythmic foundation, utilizing a mix of strumming and finger-picking patterns that persist from the intro through the outro.",templates/americana-folk-rock_0001.txt
Country & Americana,americana-folk-rock_0002,Americana / Folk Rock,roots-traditional-global,79 BPM; E major,"The piece opens with a solitary, reflective mood that feels weathered and intimate.",Singer A (Male).,"An acoustic guitar serves as the harmonic backbone throughout the entire track, utilizing a steady strumming pattern in the choruses and a more delicate finger-picking approach in the verses.",templates/americana-folk-rock_0002.txt
Country & Americana,americana-folk-rock_0004,Americana / Folk Rock,roots-traditional-global,78 BPM; D minor,"The piece opens with a solitary, reflective mood established by sparse instrumentation, gradually building into a resilient and communal anthem during the choruses.",Singer A (Male).,"A steel-string acoustic guitar provides the core rhythmic and harmonic foundation throughout the entire track, utilizing a steady strumming pattern that drives the song forward.",templates/americana-folk-rock_0004.txt
Country & Americana,americana-folk-country_0001,Americana / Folk-Country,—,158 BPM; F major,"The piece opens with a contemplative and rustic atmosphere, establishing a storytelling mood that remains steady through the verses.",Singer A (Male).,"An acoustic guitar with a bright, finger-picked pattern serves as the harmonic backbone, present from the Intro through to the Outro.",templates/americana-folk-country_0001.txt
Country & Americana,americana-folk-rock_0003,Americana / Folk-Rock,roots-traditional-global,176 BPM; G major,"The piece opens with a contemplative and spacious atmosphere, establishing a tone of quiet longing.",Singer A (Male).,"An acoustic guitar provides the core rhythmic and harmonic foundation, utilizing a steady finger-picking pattern that persists from the Intro through the Outro, anchoring the song's folk identity.",templates/americana-folk-rock_0003.txt
Country & Americana,americana-roots-rock_0001,Americana / Roots Rock,pop-alternative-rock,85 BPM; D minor,"The piece opens with a solitary, contemplative mood that gradually accumulates weight and determination.",Singer A (Male).,"An acoustic guitar serves as the harmonic backbone throughout the entire track, alternating between delicate fingerpicking in the verses and robust, rhythmic strumming in the choruses to drive the momentum.",templates/americana-roots-rock_0001.txt
Country & Americana,bluegrass-folk-pop_0001,Bluegrass / Folk-Pop,roots-traditional-global,140 BPM; G major,"The track launches immediately with high-energy urgency and a frantic, storytelling atmosphere that persists through the verses.",Singer A (Male).,"A driving acoustic guitar provides the rhythmic strumming foundation throughout the entire track, while a bright, percussive banjo executes rapid roll patterns that define the genre's signature momentum from start to…",templates/bluegrass-folk-pop_0001.txt
Country & Americana,contemporary-country-folk-rock_0001,Contemporary Country / Folk Rock,roots-traditional-global,154 BPM; Bb major,"The piece opens with a serene, pastoral intimacy that gradually accumulates emotional weight and sonic density.",Singer A (Male).,"A steel-string acoustic guitar serves as the harmonic backbone, utilizing a steady strumming pattern that persists from the Intro through the Outro, providing rhythmic drive and chordal structure.",templates/contemporary-country-folk-rock_0001.txt
Country & Americana,country-americana_0001,Country / Americana,—,87 BPM; D major,"The track establishes a relaxed, storytelling atmosphere immediately with a steady groove and twangy instrumentation.",Singer A (Male).,"A bright, clean electric guitar with a slight overdrive and twangy tone carries the main melodic hooks and rhythmic comping, present from the Intro through the Outro.",templates/country-americana_0001.txt
Country & Americana,country-americana_0002,Country / Americana,—,78 BPM; G major,"The piece opens with a reflective and grounded atmosphere, establishing a sense of quiet storytelling in the verses.",Singer A (Male).,"A clean electric guitar with a slight twang serves as the primary melodic and harmonic driver, present from the Intro through the Outro, often playing arpeggiated figures and melodic fills.",templates/country-americana_0002.txt
Country & Americana,country-americana_0003,Country / Americana,—,79 BPM; G major,"The piece opens with a somber, reflective tone established by sparse instrumentation, maintaining a restrained melancholy through the verses.",Singer A (Male).,"An acoustic guitar provides the core rhythmic and harmonic foundation throughout the entire track, utilizing a steady strumming pattern that anchors the song's tempo.",templates/country-americana_0003.txt
Country & Americana,country-americana-ballad_0001,Country / Americana Ballad,—,100 BPM; E major,"The piece opens with a somber, reflective atmosphere established by a solitary melodic line, which deepens as the vocals enter with a storytelling quality.",Singer A (Male).,"A clean electric guitar with a slight twang serves as the central melodic voice, introducing the main theme in the intro and weaving counter-melodies throughout the verses and choruses.",templates/country-americana-ballad_0001.txt
Country & Americana,country-americana-ballad_0002,Country / Americana Ballad,—,92 BPM; Bb major,"The piece opens with a solitary, wistful atmosphere established by slide guitar, maintaining a restrained and intimate tone through the verses.",Singer A (Female).,"A clean electric guitar utilizing a heavy slide technique serves as the melodic anchor, present from the Intro through the Outro, often answering the vocal phrases with mournful, gliding lines.",templates/country-americana-ballad_0002.txt
Country & Americana,country-bluegrass_0001,Country / Bluegrass,—,128 BPM; Bb major,"The piece opens with an energetic, driving instrumental introduction that immediately establishes a lively and rustic atmosphere.",Singer A (Male).,"A bright, percussive banjo playing rapid, rolling arpeggios serves as the primary melodic and rhythmic driver, present from the Intro through to the Outro.",templates/country-bluegrass_0001.txt
Country & Americana,country-country-ballad_0001,Country / Country Ballad,—,76 BPM; Bb major,"The piece opens with a tender, intimate atmosphere that establishes a mood of sincere reflection.",Singer A (Male).,"An acoustic guitar serves as the harmonic backbone, utilizing a steady strumming pattern in the verses that evolves into a more rhythmic, driving strum in the choruses.",templates/country-country-ballad_0001.txt
Country & Americana,country-country-pop_0001,Country / Country Pop,—,80 BPM; D major,"The piece opens with a serene and intimate atmosphere, establishing a sense of quiet wonder that persists through the verses.",Singer A (Male).,"An acoustic guitar with a bright, strummed pattern serves as the harmonic backbone from the Intro to the Outro, joined by a clean electric guitar playing melodic fills and counter-melodies that weave in and out of the…",templates/country-country-pop_0001.txt
Country & Americana,country-country-pop_0002,Country / Country Pop,—,115 BPM; D major,"The song opens with a reflective and narrative tone, establishing a contemplative mood through the verses.",Singer A (Female).,"A bright, clean electric guitar playing a signature country riff serves as the main melodic hook, present throughout the Intro, Verses, Choruses, and Outro.",templates/country-country-pop_0002.txt
Country & Americana,country-country-pop-ballad_0001,Country / Country Pop Ballad,—,77 BPM; Eb major,"The piece opens with a somber, reflective atmosphere that gradually builds into a hopeful and anthemic release during the choruses.",Singer A (Male).,"An acoustic guitar with a bright, finger-picked pattern serves as the foundational harmonic element, present from the Intro through the Outro.",templates/country-country-pop-ballad_0001.txt
Country & Americana,country-country-rock_0001,Country / Country Rock,—,83 BPM; G major,"The piece opens with a reflective and slightly weary atmosphere, establishing a narrative tone of resignation.",Singer A (Male).,"An acoustic guitar provides the foundational rhythmic strumming pattern throughout the entire track, anchoring the harmonic structure.",templates/country-country-rock_0001.txt
Country & Americana,country-country-rock_0002,Country / Country Rock,—,77 BPM; D major,"The piece opens with a solitary, contemplative mood established by sparse instrumentation, evoking a sense of isolation.",Singer A (Male).,"An acoustic guitar with a bright, finger-picked pattern serves as the foundational harmonic element, present from the Intro through the Outro.",templates/country-country-rock_0002.txt
Country & Americana,country-country-rock-ballad_0001,Country / Country Rock Ballad,—,158 BPM; Ab major,"The piece opens with a solitary, reflective atmosphere that gradually builds in intensity and determination as the arrangement thickens.",Singer A (Male).,"A clean electric guitar with a slight chorus effect plays arpeggiated figures and melodic fills, serving as the central harmonic and melodic driver from the Intro through to the Outro.",templates/country-country-rock-ballad_0001.txt
Country & Americana,country-folk-ballad_0001,Country / Folk Ballad,roots-traditional-global,88 BPM; E major,"The piece opens with a serene and contemplative atmosphere, establishing a sense of quiet motion.",Singer A (Male).,"An acoustic guitar with a bright, finger-picked pattern serves as the harmonic backbone, present from the Intro through to the Outro, driving the song's rhythmic pulse.",templates/country-folk-ballad_0001.txt
Country & Americana,country-folk-ballad_0002,Country / Folk Ballad,roots-traditional-global,88 BPM; G major,"The piece opens with a serene, contemplative atmosphere that establishes a sense of quiet longing.",Singer A (Male).,"An acoustic guitar provides the core rhythmic and harmonic foundation throughout the entire track, utilizing a steady, finger-picked pattern that anchors the song's tempo.",templates/country-folk-ballad_0002.txt
Country & Americana,country-folk-ballad_0003,Country / Folk Ballad,roots-traditional-global,75 BPM; Bb major,"The piece opens with a reflective and slightly melancholic tone, establishing a sense of longing through sparse instrumentation.",Singer A (Male).,"An acoustic guitar with a gentle, finger-picked pattern serves as the harmonic backbone from the Intro through the Outro, providing a steady rhythmic pulse.",templates/country-folk-ballad_0003.txt
Country & Americana,country-folk-ballad_0004,Country / Folk Ballad,roots-traditional-global,80 BPM; Eb major,"The piece opens with a serene, contemplative atmosphere that establishes a sense of vast natural space.",Singer A (Male).,"An acoustic guitar provides the core rhythmic and harmonic foundation throughout the entire track, utilizing a steady finger-picking pattern that anchors the song's tempo.",templates/country-folk-ballad_0004.txt
Country & Americana,country-rockabilly_0001,Country / Rockabilly,—,171 BPM; Eb major,"The track establishes a driving, narrative momentum immediately, maintaining a steady sense of forward motion and resilience throughout.",Singer A (Male).,"A twangy electric guitar with a bright, clean tone serves as the primary melodic driver, playing rhythmic riffs and lead fills from the Intro through to the Outro.",templates/country-rockabilly_0001.txt
Country & Americana,country-rockabilly-revival_0001,Country / Rockabilly Revival,—,187 BPM; E minor,"The track launches immediately with high-energy urgency and a driving, relentless momentum that persists through the verses.",Singer A (Male).,"A clean, twangy electric guitar plays rapid, rhythmic chord stabs and melodic fills, serving as the central harmonic and melodic driver from start to finish.",templates/country-rockabilly-revival_0001.txt
Country & Americana,country-traditional-ballad_0001,Country / Traditional Ballad,general-pop-ballad,80 BPM; Bb major,"The piece opens with a solitary, reflective mood established by acoustic textures, which deepens into a profound sense of melancholy and isolation as the full band enters.",Singer A (Male).,"An acoustic guitar providing a steady, finger-picked rhythmic foundation is present from the Intro through the Outro, serving as the harmonic backbone.",templates/country-traditional-ballad_0001.txt
Country & Americana,country-traditional-country-ballad_0001,Country / Traditional Country Ballad,—,74 BPM; Bb major,"The piece opens with a gentle, solitary atmosphere that establishes a tone of quiet resilience.",Singer A (Male).,"An acoustic guitar provides the rhythmic and harmonic backbone with a steady strumming pattern, present from the Intro through the Outro.",templates/country-traditional-country-ballad_0001.txt
Country & Americana,country-traditional-country-ballad_0002,Country / Traditional Country Ballad,—,103 BPM; Ab major,"The piece opens with a wistful and slightly melancholic atmosphere, establishing a tone of resigned storytelling.",Singer A (Male).,"A clean electric guitar with a slight twang serves as the primary melodic and harmonic driver, present from the intro through the outro, often playing arpeggiated figures and melodic fills between vocal lines.",templates/country-traditional-country-ballad_0002.txt
Country & Americana,country-up-tempo-country-rock_0001,Country / Up-tempo Country Rock,—,182 BPM; Bb major,The track launches immediately with high-energy optimism and a driving sense of forward motion.,Singer A (Male).,"A bright, twangy electric guitar serves as the melodic anchor, playing rhythmic chord stabs in the verses and soaring lead fills between vocal lines.",templates/country-up-tempo-country-rock_0001.txt
Country & Americana,country-pop-contemporary-ballad_0001,Country Pop / Contemporary Ballad,general-pop-ballad,76 BPM; Eb major,"The piece opens with a somber, atmospheric introspection that gradually builds tension through the verses.",Singer A (Female).,"An acoustic guitar provides the rhythmic and harmonic backbone, playing a steady, finger-picked pattern that persists from the Intro through the Outro, anchoring the song's folk-pop roots.",templates/country-pop-contemporary-ballad_0001.txt
Country & Americana,country-pop-contemporary-folk_0001,Country Pop / Contemporary Folk,contemporary-folk-acoustic,78 BPM; Ab major,"The piece opens with a gentle, introspective mood established by sparse instrumentation, creating a sense of vulnerability.",Singer A (Female).,"An acoustic guitar serves as the harmonic backbone, playing a steady, finger-picked pattern in the verses that transitions to a more aggressive strumming technique in the choruses.",templates/country-pop-contemporary-folk_0001.txt
Country & Americana,country-pop-contemporary-folk_0002,Country Pop / Contemporary Folk,contemporary-folk-acoustic,78 BPM; Ab major,"The piece opens with a contemplative and spacious atmosphere, establishing a sense of wonder that persists through the verses.",Singer A (Male).,"An acoustic guitar with a bright, finger-picked pattern serves as the harmonic backbone from the Intro through the Outro, providing rhythmic stability and melodic interest.",templates/country-pop-contemporary-folk_0002.txt
Country & Americana,country-rock-americana_0001,Country Rock / Americana,—,80 BPM; D major,"The piece opens with a reflective and nostalgic tone, established by sparse instrumentation and a steady mid-tempo groove.",Singer A (Male).,"An acoustic guitar provides the rhythmic strumming foundation throughout the track, while a clean electric guitar with a slight overdrive carries the main melodic hooks and solos, appearing prominently in the intro,…",templates/country-rock-americana_0001.txt
Country & Americana,country-rock-americana_0002,Country Rock / Americana,—,194 BPM; C major,"The song opens with a steady, narrative-driven atmosphere that feels grounded and sincere.",Singer A (Male).,"A strummed acoustic guitar provides the rhythmic and harmonic backbone throughout the entire track, establishing the song's pulse.",templates/country-rock-americana_0002.txt
Country & Americana,country-rock-modern-americana_0001,Country Rock / Modern Americana,—,162 BPM; Ab major,"The piece opens with a reflective and narrative tone, establishing a sense of heritage and quiet determination.",Singer A (Male).,"A bright, steel-string acoustic guitar drives the song with a steady, rhythmic strumming pattern from the Intro through to the Outro, serving as the harmonic backbone.",templates/country-rock-modern-americana_0001.txt
Country & Americana,country-rock-modern-country_0001,Country Rock / Modern Country,—,98 BPM; Eb major,"The track opens with an energetic, driving momentum that establishes a narrative of urgency and foreboding.",Singer A (Female).,"A bright, overdriven electric guitar plays a signature riff that anchors the song from the Intro through the Outro, providing the main melodic hook.",templates/country-rock-modern-country_0001.txt
Country & Americana,country-rock-rockabilly_0001,Country Rock / Rockabilly,—,176 BPM; E major,The track launches immediately with high-octane energy and a driving sense of urgency that persists through the verses.,Singer A (Male).,"A twangy, overdriven electric guitar serves as the core melodic and harmonic driver, present from the very first beat.",templates/country-rock-rockabilly_0001.txt
Country & Americana,country-rock-southern-rock_0001,Country Rock / Southern Rock,metal-heavy-rock,158 BPM; D minor,"The piece opens with a gritty, driving momentum that establishes a sense of unstoppable force.",Singer A (Male).,"A distorted electric guitar with a crunchy, overdriven tone serves as the primary harmonic and melodic driver, present from the Intro through to the Outro, playing rhythmic riffs in the verses and soaring lead lines in…",templates/country-rock-southern-rock_0001.txt
Country & Americana,country-rock-southern-rock_0002,Country Rock / Southern Rock,metal-heavy-rock,80 BPM; D minor,"The piece opens with a narrative, slightly ominous atmosphere that feels grounded and storytelling-focused.",Singer A (Female).,"A distorted electric guitar serves as the primary harmonic and melodic driver, playing rhythmic riffs in the verses and soaring lead lines during the instrumental breaks and choruses.",templates/country-rock-southern-rock_0002.txt
Country & Americana,country-rock-southern-rock_0003,Country Rock / Southern Rock,metal-heavy-rock,77 BPM; D minor,"The piece opens with a gritty, narrative-driven atmosphere that feels grounded and storytelling-focused.",Singer A (Male).,Distorted electric guitars serve as the core harmonic and melodic drivers.,templates/country-rock-southern-rock_0003.txt
Country & Americana,modern-country-rock-arena-rock_0001,Modern Country Rock / Arena Rock,pop-alternative-rock,80 BPM; Eb minor,"The track opens with a solitary, reflective atmosphere that gradually builds tension through the verses, mirroring a narrative of struggle.",Singer A (Male).,"A distorted electric guitar serves as the core harmonic driver, playing heavy power-chord riffs in the choruses and cleaner, arpeggiated figures in the verses.",templates/modern-country-rock-arena-rock_0001.txt
Country & Americana,modern-country-rock-arena-rock-ballad_0001,Modern Country Rock / Arena Rock Ballad,pop-alternative-rock,75 BPM; Eb major,"The piece opens with a somber, reflective atmosphere marked by sparse instrumentation and intimate delivery.",Singer A (Male).,"A clean electric guitar with a chorus effect plays arpeggiated figures in the intro and verses, establishing the harmonic mood.",templates/modern-country-rock-arena-rock-ballad_0001.txt
Country & Americana,modern-country-rock-pop-rock_0001,Modern Country Rock / Pop Rock,pop-alternative-rock,158 BPM; C# major,"The track opens with an immediate, high-energy drive that establishes a sense of wonder and intensity.",Singer A (Male).,"Distorted electric guitars serve as the core harmonic and melodic drivers, utilizing power chords in the verses and adding melodic lead fills and sustained chords in the choruses.",templates/modern-country-rock-pop-rock_0001.txt
Country & Americana,rockabilly-country-rock_0001,Rockabilly / Country Rock,—,176 BPM; C major,"The track launches immediately with high-octane energy and a buoyant, celebratory tone that persists throughout.",Singer A (Male).,"A twangy, single-coil electric guitar serves as the primary melodic and harmonic driver, playing rhythmic chord stabs in the verses and soaring, blues-inflected lead lines during the instrumental breaks and intro/outro.",templates/rockabilly-country-rock_0001.txt
"Dance-Pop, Disco & Funk",dance-pop-electro-house_0001,Dance Pop / Electro House,club-edm-house-trance,125 BPM; Bb minor,"The track opens with an anticipatory and atmospheric tension, utilizing sparse instrumentation to build curiosity.",Singer A (Female).,"A bright, saw-wave synthesizer lead carries the main melodic hook, entering fully in the first chorus and remaining the dominant melodic force through the outro.",templates/dance-pop-electro-house_0001.txt
"Dance-Pop, Disco & Funk",dance-pop-electronic-randb_0001,Dance Pop / Electronic R&B,electronic-synth-ambient-pop,120 BPM; Bb major,The track opens with an ethereal and spacious atmosphere that gradually builds anticipation through the verse.,Singer A (Female).,"A bright, plucky synthesizer lead carries the main melodic hook, present from the intro and recurring throughout the choruses and post-chorus sections.",templates/dance-pop-electronic-randb_0001.txt
"Dance-Pop, Disco & Funk",dance-pop-synth-pop_0001,Dance Pop / Synth-Pop,electronic-synth-ambient-pop,122 BPM; D minor,"The track opens with an ethereal and anticipatory atmosphere that quickly transitions into a buoyant, optimistic verse.",Singer A (Female).,"A bright, plucky synthesizer lead carries the main melodic hook throughout the track, present from the Intro to the Outro.",templates/dance-pop-synth-pop_0001.txt
"Dance-Pop, Disco & Funk",dance-pop-edm_0001,Dance-Pop / EDM,club-edm-house-trance,133 BPM; A minor,"The track launches immediately with high-energy anticipation, maintaining a driving, euphoric momentum through the verses.",Singer A (Male).,"A bright, saw-wave synthesizer lead carries the main melodic hook, present from the intro and dominating the choruses with a catchy, repetitive motif.",templates/dance-pop-edm_0001.txt
"Dance-Pop, Disco & Funk",dance-pop-electro-pop_0001,Dance-Pop / Electro-Pop,general-pop-ballad,115 BPM; F# minor,"The track opens with a mysterious and alluring atmosphere, establishing a sense of anticipation through sparse instrumentation.",Singer A (Female).,"A bright, percussive synthesizer playing a catchy, syncopated chord progression serves as the primary harmonic driver, present from the Intro through to the Outro.",templates/dance-pop-electro-pop_0001.txt
"Dance-Pop, Disco & Funk",dance-pop-electronic-funk_0001,Dance-Pop / Electronic Funk,—,128 BPM; D minor,"The track launches with an immediate, high-energy groove that maintains a consistent sense of urgency and kinetic drive throughout the verses.",Singer A (Female).,"A funky, syncopated electric bass line serves as the harmonic and rhythmic backbone, present from the very first bar and driving the song continuously to the end.",templates/dance-pop-electronic-funk_0001.txt
"Dance-Pop, Disco & Funk",dance-pop-electronic-pop_0001,Dance-Pop / Electronic Pop,electronic-synth-ambient-pop,128 BPM; D minor,"The track launches with an immediate, high-energy pulse that maintains a consistent forward momentum throughout.",Singer A (Male).,"A driving, saw-wave synthesizer lead carries the main melodic hook, present from the intro and dominating the choruses with a bright, cutting tone.",templates/dance-pop-electronic-pop_0001.txt
"Dance-Pop, Disco & Funk",dance-pop-electronic-with-hip-hop-elements_0001,Dance-Pop / Electronic with Hip-Hop elements,hip-hop-rap,128 BPM; D minor,"The track opens with an ethereal and anticipatory atmosphere that quickly establishes a driving, high-energy pulse.",Singer A (Female) and Singer B (Male).,"A bright, arpeggiated synthesizer lead serves as the main melodic hook, present from the intro and recurring throughout the track to define the song's identity.",templates/dance-pop-electronic-with-hip-hop-elements_0001.txt
"Dance-Pop, Disco & Funk",dance-pop-electropop_0001,Dance-Pop / Electropop,electronic-synth-ambient-pop,140 BPM; E minor,"The track launches immediately with high-energy confidence and a playful, teasing attitude.",Singer A (Female).,"A driving, saw-wave synthesizer bassline serves as the harmonic and rhythmic anchor, present from the very first bar and persisting through to the outro.",templates/dance-pop-electropop_0001.txt
"Dance-Pop, Disco & Funk",dance-pop-eurodance_0001,Dance-Pop / Eurodance,club-edm-house-trance,125 BPM; A major,"The track opens with an ethereal and anticipatory atmosphere that quickly establishes a driving, optimistic momentum.",Singer A (Female).,"A bright, saw-wave synthesizer lead carries the main melodic hook, present throughout the track but most dominant in the choruses.",templates/dance-pop-eurodance_0001.txt
"Dance-Pop, Disco & Funk",dance-pop-funk-pop_0001,Dance-Pop / Funk-Pop,—,120 BPM; A minor,"The track launches immediately with a high-energy, celebratory vibe that remains consistently upbeat throughout.",Singer A (Male).,"A funky, syncopated electric bass line serves as the harmonic and rhythmic backbone, present from the very first bar to the outro, driving the song's momentum.",templates/dance-pop-funk-pop_0001.txt
"Dance-Pop, Disco & Funk",dance-pop-nu-disco_0001,Dance-Pop / Nu-Disco,—,125 BPM; D minor,The track opens with an energetic and driving momentum that immediately establishes a danceable atmosphere.,Singer A (Female).,"A funky, synthesized bassline serves as the harmonic and rhythmic backbone, present from the very first bar to the end, driving the groove with a syncopated pattern.",templates/dance-pop-nu-disco_0001.txt
"Dance-Pop, Disco & Funk",dance-pop-nu-disco_0002,Dance-Pop / Nu-Disco,—,120 BPM; Bb minor,"The track opens with a sleek, mysterious allure that quickly establishes a confident, rhythmic groove.","A single female vocalist leads the track with a clear, smooth, and slightly breathy timbre.","A funky, synthesized bassline serves as the harmonic and rhythmic backbone, present from the very beginning and driving the track throughout.",templates/dance-pop-nu-disco_0002.txt
"Dance-Pop, Disco & Funk",dance-pop-nu-disco_0003,Dance-Pop / Nu-Disco,—,115 BPM; C major,"The track opens with a sleek, inviting groove that establishes a confident and stylish mood.",Singer A (Female).,"A funky, syncopated electric bassline serves as the harmonic and rhythmic anchor, present from the very first bar and driving the song's groove continuously.",templates/dance-pop-nu-disco_0003.txt
"Dance-Pop, Disco & Funk",dance-pop-nu-disco_0004,Dance-Pop / Nu-Disco,—,120 BPM; A minor,"The track opens with an atmospheric and anticipatory vibe that quickly establishes a buoyant, confident groove.",Singer A (Female).,"A funky, syncopated electric bass guitar serves as the harmonic and rhythmic anchor, present from the very first bar through to the outro, driving the song's momentum.",templates/dance-pop-nu-disco_0004.txt
"Dance-Pop, Disco & Funk",disco-funk-pop_0001,Disco / Funk Pop,—,122 BPM; G minor,"The track launches immediately with high-energy confidence and a celebratory atmosphere, maintaining a consistent, driving momentum through the verses.",Singer A (Female).,"A funky, melodic electric bass line drives the song from start to finish, serving as the central hook and harmonic anchor.",templates/disco-funk-pop_0001.txt
"Dance-Pop, Disco & Funk",disco-funk-pop_0002,Disco / Funk-Pop,—,118 BPM; F minor,"The track launches immediately with high-energy confidence and rhythmic drive, maintaining a vibrant, dance-floor-ready intensity throughout the verses.",Singer A (Female).,"A funky, syncopated electric bass line serves as the harmonic and rhythmic anchor, present from the very first bar to the end, driving the song's momentum.",templates/disco-funk-pop_0002.txt
"Dance-Pop, Disco & Funk",disco-funk-pop_0003,Disco / Funk-Pop,—,120 BPM; G minor,The track launches immediately with high-energy optimism and a celebratory groove that remains consistent throughout the verses.,Singer A (Female).,"A funky, syncopated electric bass line drives the harmonic foundation from the very first second to the end, acting as the song's rhythmic anchor.",templates/disco-funk-pop_0003.txt
"Dance-Pop, Disco & Funk",funk-neo-soul-disco-pop_0001,Funk / Neo-Soul / Disco-Pop,modern-rnb-neo-soul,118 BPM; D minor,"The track opens with a groovy, confident swagger that establishes an immediate sense of rhythmic momentum.",Singer A (Male).,"A funky, melodic electric bass guitar serves as the harmonic and rhythmic backbone, present from the very first bar and driving the groove throughout the entire track.",templates/funk-neo-soul-disco-pop_0001.txt
"Dance-Pop, Disco & Funk",funk-pop-electronic-randb_0001,Funk Pop / Electronic R&B,electronic-synth-ambient-pop,115 BPM; F# minor,"The track opens with a sultry, atmospheric tension that suggests a sense of longing or being trapped.",Singer A (Female).,"A funky, syncopated electric guitar riff serves as the central melodic hook, present from the intro and driving the harmonic rhythm throughout the entire track.",templates/funk-pop-electronic-randb_0001.txt
"Dance-Pop, Disco & Funk",funk-pop-modern-randb_0001,Funk Pop / Modern R&B,modern-rnb-neo-soul,115 BPM; E minor,"The track opens with a confident, rhythmic groove that establishes an atmosphere of cool determination.",Singer A (Male).,"A funky, syncopated electric bass line serves as the harmonic and rhythmic anchor, present from the very first bar to the end.",templates/funk-pop-modern-randb_0001.txt
"Dance-Pop, Disco & Funk",funk-pop-neo-soul_0001,Funk Pop / Neo-Soul,modern-rnb-neo-soul,115 BPM; G minor,"The track opens with a groovy, confident atmosphere that immediately establishes a rhythmic drive.",Singer A (Male).,"A funky, syncopated electric bass line serves as the melodic and rhythmic backbone, present from the very first bar and driving the song throughout.",templates/funk-pop-neo-soul_0001.txt
"Dance-Pop, Disco & Funk",funk-pop-nu-disco_0001,Funk Pop / Nu-Disco,—,120 BPM; G minor,"The track launches immediately with high-energy confidence and rhythmic drive, maintaining an upbeat and assertive tone throughout the verses.",Singer A (Male).,"A funky, syncopated electric bassline drives the harmonic and rhythmic foundation from the very beginning to the end, locking tightly with the drums.",templates/funk-pop-nu-disco_0001.txt
"Dance-Pop, Disco & Funk",nu-disco-funk-pop_0003,Nu-Disco / Funk Pop,—,120 BPM; G major,"The track opens with a sense of yearning and arid isolation, establishing a narrative of thirst and travel.",Singer A (Male).,"A funky, clean-toned electric guitar playing syncopated, percussive chord stabs serves as the primary rhythmic and harmonic driver, present from the Intro through to the Outro.",templates/nu-disco-funk-pop_0003.txt
"Dance-Pop, Disco & Funk",nu-disco-funk-pop_0004,Nu-Disco / Funk Pop,—,120 BPM; C major,The track opens with an inviting and groovy atmosphere that establishes a sense of romantic anticipation.,Singer A (Male).,"A funky, syncopated electric bass line serves as the harmonic and rhythmic anchor, present from the very first bar through to the outro.",templates/nu-disco-funk-pop_0004.txt
"Dance-Pop, Disco & Funk",nu-disco-funk-pop_0005,Nu-Disco / Funk Pop,—,118 BPM; A minor,"The track opens with an immediate, high-energy groove that establishes a confident and danceable atmosphere.",Singer A (Male).,"A funky, syncopated electric bass line serves as the harmonic and rhythmic anchor, present from the very first beat and driving the entire track.",templates/nu-disco-funk-pop_0005.txt
"Dance-Pop, Disco & Funk",nu-disco-funk-pop_0006,Nu-Disco / Funk Pop,—,113 BPM; C minor,"The track opens with a sense of anticipation and rhythmic tightness, quickly evolving into an uplifting and empowering atmosphere as the full groove locks in.",Singer A (Male).,"A funky, syncopated electric bass line drives the harmonic foundation from the very first bar, remaining constant throughout the track to anchor the groove.",templates/nu-disco-funk-pop_0006.txt
"Dance-Pop, Disco & Funk",nu-disco-funk-pop_0009,Nu-Disco / Funk Pop,—,120 BPM; D minor,"The track opens with a groovy, anticipatory vibe that quickly establishes an upbeat and confident tone.",Singer A (Female).,"A funky, syncopated electric bass guitar drives the harmonic foundation from the very first beat, maintaining a constant, propulsive presence throughout the track.",templates/nu-disco-funk-pop_0009.txt
"Dance-Pop, Disco & Funk",nu-disco-funk-pop_0001,Nu-Disco / Funk-Pop,—,111 BPM; E minor,"The track opens with a groovy, confident foundation that immediately establishes a danceable momentum.",Singer A (Female).,"A funky, syncopated electric bass line serves as the central melodic and rhythmic driver, present from the very first bar through to the outro.",templates/nu-disco-funk-pop_0001.txt
"Dance-Pop, Disco & Funk",nu-disco-funk-pop_0002,Nu-Disco / Funk-Pop,—,115 BPM; C minor,"The track launches with an immediate, high-energy groove that sustains a vibrant and celebratory atmosphere throughout the verses.",Singer A (Male).,"A funky, syncopated electric bass guitar serves as the melodic and rhythmic backbone, present from the very first bar to the end, driving the song's momentum.",templates/nu-disco-funk-pop_0002.txt
"Dance-Pop, Disco & Funk",nu-disco-funk-pop_0007,Nu-Disco / Funk-Pop,—,118 BPM; D minor,"The track establishes an immediate sense of buoyant, rhythmic optimism with a steady groove that persists throughout.",Singer A (Male).,"A melodic, syncopated electric bass line serves as the central driving force, present from the very first bar and continuing through to the outro, defining the song's funky character.",templates/nu-disco-funk-pop_0007.txt
"Dance-Pop, Disco & Funk",nu-disco-funk-pop_0008,Nu-Disco / Funk-Pop,—,109 BPM; G minor,"The track opens with a groovy, anticipatory vibe that quickly establishes an uplifting and confident tone.","A single female lead vocalist delivers the performance with a powerful, soulful, and clear timbre.","A funky, syncopated electric bass line serves as the harmonic and rhythmic backbone, present from the intro through to the outro, driving the groove continuously.",templates/nu-disco-funk-pop_0008.txt
"Dance-Pop, Disco & Funk",nu-disco-indie-pop_0001,Nu-Disco / Indie Pop,general-pop-ballad,113 BPM; C# major,"The track opens with a cool, introspective vibe that gradually builds momentum through the verses.",Singer A (Male).,"A funky, syncopated electric bass line serves as the core melodic and rhythmic driver, present from the Intro to the Outro.",templates/nu-disco-indie-pop_0001.txt
"Dance-Pop, Disco & Funk",nu-disco-synth-pop_0001,Nu-Disco / Synth-Pop,electronic-synth-ambient-pop,125 BPM; D major,"The track launches immediately with a high-energy, euphoric atmosphere driven by a relentless groove.",Singer A (Male).,"A driving four-on-the-floor drum kit anchors the track from start to finish, paired with a funky, melodic electric bassline that provides the core harmonic movement.",templates/nu-disco-synth-pop_0001.txt
"Dance-Pop, Disco & Funk",nu-disco-synth-pop_0002,Nu-Disco / Synth-Pop,electronic-synth-ambient-pop,118 BPM; G minor,"The track opens with an immediate, high-energy groove that establishes a celebratory and romantic atmosphere.",Singer A (Male).,"A funky, syncopated electric bassline drives the harmonic foundation from the Intro to the Outro, locking tightly with the drums.",templates/nu-disco-synth-pop_0002.txt
"Dance-Pop, Disco & Funk",nu-disco-synth-pop_0003,Nu-Disco / Synth-Pop,electronic-synth-ambient-pop,118 BPM; C major,"The track opens with a playful and inquisitive atmosphere that quickly establishes a buoyant, dance-floor-ready groove.",Singer A (Female).,"A funky, synthesized bassline drives the harmonic rhythm from the very beginning, serving as the song's backbone alongside a bright, percussive electric guitar playing muted, syncopated chords.",templates/nu-disco-synth-pop_0003.txt
"Dance-Pop, Disco & Funk",nu-disco-synth-pop_0004,Nu-Disco / Synth-Pop,electronic-synth-ambient-pop,118 BPM; B minor,"The track opens with a mysterious and alluring atmosphere that quickly establishes a steady, danceable groove.",Singer A (Female).,"A funky, syncopated electric bass line serves as the harmonic and rhythmic backbone, present from the very beginning and driving the track through to the end.",templates/nu-disco-synth-pop_0004.txt
East Asian Ballad & Heritage Pop,c-pop-ambient-ballad_0001,C-Pop / Ambient Ballad,electronic-synth-ambient-pop,74 BPM; F minor,"The piece opens with a meditative and solitary atmosphere, establishing a sense of vast stillness.","A single male vocalist delivers the performance with a warm, resonant baritone timbre that carries a gentle, breathy texture in the lower register and a clear, emotive quality in the upper range.","A grand piano serves as the harmonic backbone, playing sparse, resonant chords in the intro and evolving into flowing arpeggios and fuller block chords as the song progresses, remaining present until the final fade.",templates/c-pop-ambient-ballad_0001.txt
East Asian Ballad & Heritage Pop,c-pop-ballad_0001,C-Pop / Ballad,general-pop-ballad,73 BPM; Eb minor,"The piece opens with a solitary, mournful atmosphere that establishes a sense of isolation.",Singer A (Female).,"An acoustic guitar playing a delicate, finger-picked arpeggio pattern serves as the harmonic backbone from the Intro through the Outro, providing a constant rhythmic pulse.",templates/c-pop-ballad_0001.txt
East Asian Ballad & Heritage Pop,c-pop-ballad_0002,C-Pop / Ballad,general-pop-ballad,146 BPM; C# major,"The piece opens with a solitary, reflective melancholy that gradually accumulates emotional weight through the verses.",Singer A (Female).,"A grand piano serves as the harmonic backbone, playing arpeggiated figures in the verses and shifting to fuller, block chords in the choruses.",templates/c-pop-ballad_0002.txt
East Asian Ballad & Heritage Pop,c-pop-ballad-new-age_0001,C-Pop / Ballad / New Age,"general-pop-ballad, electronic-synth-ambient-pop",75 BPM; Bb major,"The piece opens with a serene, ethereal stillness that establishes a contemplative mood.",Singer A (Female).,"A traditional plucked string instrument, resembling a Guzheng, serves as the primary melodic and harmonic voice.",templates/c-pop-ballad-new-age_0001.txt
East Asian Ballad & Heritage Pop,c-pop-ballad-with-traditional-chinese-influences_0001,C-Pop / Ballad with Traditional Chinese influences,general-pop-ballad,85 BPM; C major,"The piece opens with a serene and contemplative atmosphere, establishing a sense of timeless longing.",Singer A (Male).,"A Guzheng (Chinese zither) serves as the primary melodic and harmonic anchor, playing intricate arpeggios and ornamental runs from the Intro through to the Outro.",templates/c-pop-ballad-with-traditional-chinese-influences_0001.txt
East Asian Ballad & Heritage Pop,c-pop-chinese-folk-fusion_0001,C-Pop / Chinese Folk Fusion,roots-traditional-global,90 BPM; E minor,"The piece opens with a spirited and rhythmic introduction that immediately establishes an uplifting, celebratory mood.",Singer A (Female).,"A synthesized flute (Dizi-style) serves as the primary melodic hook, playing intricate, ornamented lines throughout the Intro, Verses, and instrumental breaks.",templates/c-pop-chinese-folk-fusion_0001.txt
East Asian Ballad & Heritage Pop,c-pop-chinese-traditional-fusion_0001,C-Pop / Chinese Traditional Fusion,roots-traditional-global,73 BPM; A minor,"The piece opens with a serene, ethereal atmosphere that evokes a sense of ancient solitude and vastness.",Singer A (Female).,"A solo bamboo flute (Dizi) serves as the primary melodic voice in the intro and interludes, characterized by its breathy, expressive tone.",templates/c-pop-chinese-traditional-fusion_0001.txt
East Asian Ballad & Heritage Pop,c-pop-chinese-traditional-fusion_0002,C-Pop / Chinese Traditional Fusion,roots-traditional-global,82 BPM; B minor,"The piece opens with a serene, contemplative atmosphere established by solo wind instruments, evoking a sense of solitude and vastness.",Singer A (Male).,"A solo bamboo flute (Dizi) serves as the primary melodic voice in the intro and interludes, characterized by its airy, expressive tone.",templates/c-pop-chinese-traditional-fusion_0002.txt
East Asian Ballad & Heritage Pop,c-pop-chinese-traditional-fusion-ballad_0001,C-Pop / Chinese Traditional Fusion Ballad,roots-traditional-global,68 BPM; Eb minor,"The piece opens with a solitary, mournful atmosphere established by a traditional bowed instrument, evoking a sense of ancient longing.",Singer A (Female).,"A traditional Chinese bowed string instrument (Erhu) carries the main melodic motif, appearing prominently in the Intro, Interlude, and Outro, and weaving counter-melodies around the vocal line throughout the track.",templates/c-pop-chinese-traditional-fusion-ballad_0001.txt
East Asian Ballad & Heritage Pop,c-pop-chinese-traditional-fusion-ballad_0002,C-Pop / Chinese Traditional Fusion Ballad,roots-traditional-global,100 BPM; Eb major,"The piece opens with a solitary, mournful atmosphere that establishes a sense of deep nostalgia and longing.",Singer A (Male).,"A solo Erhu (Chinese two-stringed fiddle) serves as the primary melodic voice in the intro and interludes, characterized by its sliding, vocal-like expressiveness.",templates/c-pop-chinese-traditional-fusion-ballad_0002.txt
East Asian Ballad & Heritage Pop,c-pop-cinematic-ballad_0001,C-Pop / Cinematic Ballad,cinematic-pop-ballad,66 BPM; Bb major,"The piece opens with a delicate, introspective melancholy, establishing a sense of quiet longing.",A single Male vocalist leads the track.,"A grand piano serves as the harmonic backbone, present from the very first second.",templates/c-pop-cinematic-ballad_0001.txt
East Asian Ballad & Heritage Pop,c-pop-cinematic-ballad_0002,C-Pop / Cinematic Ballad,cinematic-pop-ballad,72 BPM; C# major,"The piece opens with a serene and mysterious atmosphere, evoking a sense of deep underwater stillness.",Singer A (Female).,"A grand piano serves as the core harmonic foundation, playing arpeggiated figures in the verses and shifting to broad, block chords in the choruses.",templates/c-pop-cinematic-ballad_0002.txt
East Asian Ballad & Heritage Pop,c-pop-cinematic-ballad_0003,C-Pop / Cinematic Ballad,cinematic-pop-ballad,90 BPM; Ab minor,"The piece opens with a solitary, contemplative atmosphere that gradually accumulates emotional weight through the verses.",Singer A (Male).,"A grand piano serves as the harmonic backbone, playing arpeggiated figures in the intro and shifting to fuller block chords in the choruses, remaining present throughout the entire track.",templates/c-pop-cinematic-ballad_0003.txt
East Asian Ballad & Heritage Pop,c-pop-cinematic-ballad_0004,C-Pop / Cinematic Ballad,cinematic-pop-ballad,73 BPM; Bb major,"The piece opens with a fragile, introspective melancholy, establishing a sense of quiet isolation.",Singer A (Female).,"A grand piano serves as the harmonic backbone, playing arpeggiated figures in the verses and shifting to broad, sustained chords in the choruses.",templates/c-pop-cinematic-ballad_0004.txt
East Asian Ballad & Heritage Pop,c-pop-cinematic-ballad_0005,C-Pop / Cinematic Ballad,cinematic-pop-ballad,136 BPM; Bb minor,"The piece opens with a fragile, melancholic intimacy that gradually accumulates tension through the pre-chorus.",Singer A (Female).,"A grand piano serves as the harmonic backbone throughout the entire track, playing arpeggiated figures in the verses and shifting to broad, block chords in the choruses to drive the emotional weight.",templates/c-pop-cinematic-ballad_0005.txt
East Asian Ballad & Heritage Pop,c-pop-cinematic-ballad_0006,C-Pop / Cinematic Ballad,cinematic-pop-ballad,70 BPM; C# major,"The piece opens with a somber and reflective mood, establishing a sense of quiet determination.",Singer A (Female).,"A grand piano serves as the harmonic backbone, playing arpeggiated figures in the intro and verses, transitioning to block chords in the choruses to drive the rhythm.",templates/c-pop-cinematic-ballad_0006.txt
East Asian Ballad & Heritage Pop,c-pop-cinematic-ballad-chinese-traditional-fusion_0001,C-Pop / Cinematic Ballad / Chinese Traditional Fusion,"cinematic-pop-ballad, roots-traditional-global",69 BPM; B major,"The piece opens with a serene and contemplative atmosphere, evoking a sense of ancient stillness.",Singer A (Female) and Singer B (Male).,"A delicate, plucked string instrument (resembling a Guzheng or Pipa) plays the main melodic motif from the Intro, serving as the thematic anchor throughout the track.",templates/c-pop-cinematic-ballad-chinese-traditional-fusion_0001.txt
East Asian Ballad & Heritage Pop,c-pop-cinematic-ballad-orchestral-pop_0001,C-Pop / Cinematic Ballad / Orchestral Pop,"cinematic-pop-ballad, cinematic-orchestral-epic",136 BPM; Ab minor,"The piece opens with an ethereal, solitary atmosphere that feels vast and introspective.",Singer A (Female).,"A grand piano serves as the harmonic backbone, playing arpeggiated figures in the verses and transitioning to broad, chordal block patterns in the choruses.",templates/c-pop-cinematic-ballad-orchestral-pop_0001.txt
East Asian Ballad & Heritage Pop,c-pop-cinematic-pop-ballad_0001,C-Pop / Cinematic Pop Ballad,cinematic-pop-ballad,70 BPM; Bb major,"The piece opens with a solitary, introspective melancholy that gradually accumulates tension through the verses.",Singer A (Male).,"A grand piano serves as the harmonic backbone, present from the very beginning with arpeggiated figures that evolve into block chords during the choruses.",templates/c-pop-cinematic-pop-ballad_0001.txt
East Asian Ballad & Heritage Pop,c-pop-folk-pop-ballad_0001,C-Pop / Folk Pop Ballad,roots-traditional-global,77 BPM; Ab major,"The piece opens with a solitary, wistful atmosphere established by a traditional wind instrument, evoking a sense of isolation.",Singer A (Male).,"A traditional Chinese bamboo flute (Dizi) serves as the primary melodic voice in the Intro and instrumental breaks, characterized by its airy, expressive tone with distinct vibrato.",templates/c-pop-folk-pop-ballad_0001.txt
East Asian Ballad & Heritage Pop,c-pop-folk-pop-ballad_0002,C-Pop / Folk Pop Ballad,roots-traditional-global,105 BPM; F minor,"The piece opens with a serene and contemplative atmosphere, establishing a sense of vastness and tranquility.",Singer A (Female).,"A resonant acoustic piano serves as the harmonic backbone, playing arpeggiated figures and chordal support from the Intro through to the Outro.",templates/c-pop-folk-pop-ballad_0002.txt
East Asian Ballad & Heritage Pop,c-pop-guofeng-traditional-chinese-style-cinematic-ballad_0001,C-Pop / Guofeng (Traditional Chinese Style) / Cinematic Ballad,"general-pop-ballad, cinematic-pop-ballad",70 BPM; C minor,"The piece opens with a solitary, melancholic atmosphere that evokes deep introspection and historical weight.","A single male vocalist delivers the performance with a clear, resonant tenor timbre.","A solo cello (or similar bowed string instrument) serves as the melodic anchor, introducing the main motif in the intro and weaving through the verses with expressive, legato phrasing.",templates/c-pop-guofeng-traditional-chinese-style-cinematic-ballad_0001.txt
East Asian Ballad & Heritage Pop,c-pop-orchestral-ballad_0001,C-Pop / Orchestral Ballad,general-pop-ballad,71 BPM; Bb major,"The piece opens with a delicate, contemplative atmosphere that gradually builds into a majestic and inspiring anthem.",Singer A (Female) and Singer B (Male).,"A grand piano serves as the harmonic backbone throughout the entire track, playing arpeggiated figures in the verses and broad, chordal strikes in the choruses.",templates/c-pop-orchestral-ballad_0001.txt
East Asian Ballad & Heritage Pop,c-pop-orchestral-ballad_0002,C-Pop / Orchestral Ballad,general-pop-ballad,70 BPM; D minor,"The piece opens with a fragile, solitary melancholy that gradually accumulates weight through the verses.",Singer A (Female).,"A grand piano serves as the harmonic backbone, playing arpeggiated figures in the intro and verses, shifting to fuller block chords during the choruses to drive the emotional momentum.",templates/c-pop-orchestral-ballad_0002.txt
East Asian Ballad & Heritage Pop,c-pop-orchestral-ballad_0003,C-Pop / Orchestral Ballad,general-pop-ballad,70 BPM; D minor,"The piece opens with a fragile, solitary melancholy, establishing an atmosphere of quiet longing.",Singer A (Female).,"A grand piano serves as the harmonic backbone, playing arpeggiated figures in the verses and shifting to broad, sustained chords in the choruses.",templates/c-pop-orchestral-ballad_0003.txt
East Asian Ballad & Heritage Pop,c-pop-orchestral-ballad_0004,C-Pop / Orchestral Ballad,general-pop-ballad,71 BPM; Bb major,"The piece opens with a delicate, contemplative atmosphere that establishes a sense of quiet longing.",Singer A (Male).,"A grand piano serves as the harmonic backbone, playing arpeggiated figures and chordal support from the Intro through to the Outro.",templates/c-pop-orchestral-ballad_0004.txt
East Asian Ballad & Heritage Pop,c-pop-orchestral-ballad_0005,C-Pop / Orchestral Ballad,general-pop-ballad,70 BPM; Bb minor,"The piece opens with a delicate, sorrowful introspection that gradually swells into a grand, cinematic expression of longing during the choruses.",Singer A (Female).,"A grand piano serves as the harmonic backbone throughout the entire track, playing arpeggiated figures in the verses and fuller block chords in the choruses.",templates/c-pop-orchestral-ballad_0005.txt
East Asian Ballad & Heritage Pop,c-pop-orchestral-ballad_0006,C-Pop / Orchestral Ballad,general-pop-ballad,72 BPM; Bb major,"The piece opens with a delicate, solitary melancholy that gradually swells into a sweeping, cinematic declaration of devotion.","A single female vocalist delivers the performance with a clear, pure, and slightly breathy soprano timbre.","A grand piano serves as the harmonic backbone, playing arpeggiated figures in the intro and verses, shifting to fuller block chords during the choruses.",templates/c-pop-orchestral-ballad_0006.txt
East Asian Ballad & Heritage Pop,c-pop-orchestral-ballad-chinese-traditional-fusion_0001,C-Pop / Orchestral Ballad / Chinese Traditional Fusion,"general-pop-ballad, roots-traditional-global",80 BPM; Bb minor,"The piece opens with a solitary, contemplative atmosphere that gradually swells into a majestic and resilient anthem.",Singer A (Female).,"A grand piano provides the foundational harmonic structure from the Intro to the Outro, playing arpeggiated figures in the verses and block chords in the choruses.",templates/c-pop-orchestral-ballad-chinese-traditional-fusion_0001.txt
East Asian Ballad & Heritage Pop,c-pop-orchestral-ballad-cinematic-soundtrack_0001,C-Pop / Orchestral Ballad / Cinematic Soundtrack,general-pop-ballad,71 BPM; C minor,"The piece opens with an ethereal, solitary atmosphere that gradually accumulates emotional weight through the verses.",Singer A (Female).,"A resonant grand piano serves as the harmonic backbone, playing arpeggiated figures in the verses and shifting to broad, block chords in the choruses.",templates/c-pop-orchestral-ballad-cinematic-soundtrack_0001.txt
East Asian Ballad & Heritage Pop,c-pop-orchestral-pop-ballad_0001,C-Pop / Orchestral Pop Ballad,general-pop-ballad,70 BPM; Bb major,"The piece opens with a delicate, introspective melancholy that gradually accumulates emotional weight through the verses.",Singer A (Female).,"A grand piano serves as the harmonic and melodic backbone, present from the very first second.",templates/c-pop-orchestral-pop-ballad_0001.txt
East Asian Ballad & Heritage Pop,c-pop-pop-ballad_0001,C-Pop / Pop Ballad,general-pop-ballad,69 BPM; Bb major,"The piece opens with a solitary, introspective melancholy that gradually gathers momentum through the verses.",Singer A (Female).,"A grand piano serves as the harmonic and melodic backbone, present from the very beginning with arpeggiated figures that evolve into fuller block chords during the choruses.",templates/c-pop-pop-ballad_0001.txt
East Asian Ballad & Heritage Pop,c-pop-theatrical-musical-pop_0001,C-Pop / Theatrical Musical Pop,general-pop-ballad,88 BPM; G major,"The piece opens with a playful, conversational tension that mimics a casual encounter, quickly escalating into an energetic and spirited debate.",Singer A (Male) and Singer B (Female).,"A bright, percussive piano serves as the harmonic backbone throughout the entire track, driving the rhythm and chord progressions.",templates/c-pop-theatrical-musical-pop_0001.txt
East Asian Ballad & Heritage Pop,c-pop-traditional-chinese-fusion-ballad_0001,C-Pop / Traditional Chinese Fusion Ballad,general-pop-ballad,65 BPM; Bb major,"The piece opens with a serene, contemplative mood established by sparse instrumentation, evoking a sense of distant memory.",Singer A (Female).,"A grand piano provides the core harmonic foundation throughout the entire track, playing arpeggiated figures in the verses and fuller block chords in the choruses.",templates/c-pop-traditional-chinese-fusion-ballad_0001.txt
East Asian Ballad & Heritage Pop,c-pop-ballad-cinematic-orchestral-pop_0001,C-Pop Ballad / Cinematic Orchestral Pop,cinematic-pop-ballad,71 BPM; G minor,"The piece opens with a fragile, solitary melancholy, establishing an intimate and reflective mood.",Singer A (Female).,"A grand piano serves as the harmonic backbone throughout the entire track, playing arpeggiated figures in the verses and fuller block chords in the choruses to drive the emotional arc.",templates/c-pop-ballad-cinematic-orchestral-pop_0001.txt
East Asian Ballad & Heritage Pop,c-pop-ballad-cinematic-pop_0001,C-Pop Ballad / Cinematic Pop,cinematic-pop-ballad,70 BPM; Bb minor,"The piece opens with a fragile, sorrowful intimacy that gradually accumulates tension through the verses.",Singer A (Female).,"A grand piano serves as the harmonic backbone, playing arpeggiated figures in the verses and shifting to broad, block chords in the choruses.",templates/c-pop-ballad-cinematic-pop_0001.txt
East Asian Ballad & Heritage Pop,c-pop-ballad-traditional-chinese-fusion_0001,C-Pop Ballad / Traditional Chinese Fusion,general-pop-ballad,85 BPM; A minor,"The piece opens with a serene, nostalgic atmosphere established by solo wind instruments, creating a sense of quiet reflection.",Singer A (Female).,"A solo bamboo flute (Dizi) serves as the primary melodic voice in the introduction and interludes, delivering the main motif with an expressive, breathy tone.",templates/c-pop-ballad-traditional-chinese-fusion_0001.txt
East Asian Ballad & Heritage Pop,cantopop-pop-ballad_0001,Cantopop / Pop Ballad,general-pop-ballad,70 BPM; Bb major,"The piece opens with a solitary, reflective melancholy that gradually accumulates emotional weight through the verses.","A single male vocalist delivers the performance with a clear, smooth tenor timbre.","A grand piano serves as the harmonic backbone, playing arpeggiated figures in the intro and verses, shifting to fuller block chords during the choruses to drive the emotional momentum.",templates/cantopop-pop-ballad_0001.txt
East Asian Ballad & Heritage Pop,cantopop-power-ballad_0001,Cantopop / Power Ballad,general-pop-ballad,140 BPM; Bb major,"The piece opens with a wistful and spacious atmosphere, establishing a tone of solitary longing.",Singer A (Male).,"A bright, bell-like synthesizer carries the main melodic motif from the Intro, supported by a warm electric piano that provides the core harmonic structure throughout the entire track.",templates/cantopop-power-ballad_0001.txt
East Asian Ballad & Heritage Pop,mandopop-acoustic-ballad_0001,Mandopop / Acoustic Ballad,roots-traditional-global,71 BPM; Bb major,"The piece opens with a solitary, introspective melancholy that remains intimate and restrained throughout the verses.",Singer A (Male).,"A finger-picked acoustic guitar serves as the foundational harmonic and rhythmic element, present from the very beginning and continuing through to the end, providing a consistent, gentle pulse.",templates/mandopop-acoustic-ballad_0001.txt
East Asian Ballad & Heritage Pop,mandopop-acoustic-ballad_0002,Mandopop / Acoustic Ballad,roots-traditional-global,70 BPM; Eb major,"The piece opens with a solitary, introspective melancholy, establishing a quiet and reflective mood.","A single male vocalist delivers the performance with a soft, clear, and slightly breathy tenor timbre.","A finger-picked acoustic guitar serves as the harmonic and melodic backbone, present from the very beginning and continuing through to the end, providing a consistent, organic pulse.",templates/mandopop-acoustic-ballad_0002.txt
East Asian Ballad & Heritage Pop,mandopop-ballad_0001,Mandopop / Ballad,general-pop-ballad,70 BPM; F major,"The piece opens with a solitary, reflective melancholy that gradually accumulates emotional weight through the verses.",Singer A (Male).,"A grand piano serves as the harmonic and melodic backbone, present from the very first second to the end.",templates/mandopop-ballad_0001.txt
East Asian Ballad & Heritage Pop,mandopop-ballad_0002,Mandopop / Ballad,general-pop-ballad,72 BPM; Eb major,"The piece opens with a solitary, introspective melancholy that gradually accumulates emotional weight through the verses.","A single male vocalist delivers the performance with a clear, smooth tenor timbre that carries a distinct breathy quality, enhancing the sense of vulnerability.","An acoustic guitar plays a delicate, finger-picked arpeggio pattern that serves as the harmonic backbone from the very beginning until the final fade-out.",templates/mandopop-ballad_0002.txt
East Asian Ballad & Heritage Pop,mandopop-ballad_0003,Mandopop / Ballad,general-pop-ballad,81 BPM; A minor,"The piece opens with a fragile, solitary melancholy, establishing an intimate atmosphere of longing.",Singer A (Male) and Singer B (Female).,"A grand piano serves as the harmonic backbone throughout the entire track, playing arpeggiated figures in the verses and fuller block chords in the choruses.",templates/mandopop-ballad_0003.txt
East Asian Ballad & Heritage Pop,mandopop-ballad_0004,Mandopop / Ballad,general-pop-ballad,69 BPM; F major,"The piece opens with a solitary, contemplative mood that gradually accumulates emotional weight through the verses.",Singer A (Male).,"A grand piano serves as the harmonic backbone throughout the entire track, playing arpeggiated figures in the verses and shifting to fuller block chords in the choruses to drive the emotional arc.",templates/mandopop-ballad_0004.txt
East Asian Ballad & Heritage Pop,mandopop-ballad_0005,Mandopop / Ballad,general-pop-ballad,70 BPM; F major,"The piece opens with a fragile, solitary atmosphere that gradually accumulates emotional weight through the verses.",Singer A (Male).,"A grand piano serves as the foundational harmonic instrument, playing arpeggiated figures in the verses and shifting to block chords with greater rhythmic drive in the choruses.",templates/mandopop-ballad_0005.txt
East Asian Ballad & Heritage Pop,mandopop-ballad_0006,Mandopop / Ballad,general-pop-ballad,68 BPM; Bb major,"The piece opens with a tender, introspective melancholy, establishing a sense of quiet longing.","A solo female vocalist delivers the performance with a soft, airy, and crystalline timbre.","A grand piano serves as the harmonic and melodic backbone, present from the very beginning to the end.",templates/mandopop-ballad_0006.txt
East Asian Ballad & Heritage Pop,mandopop-cinematic-ballad_0001,Mandopop / Cinematic Ballad,cinematic-pop-ballad,70 BPM; C# major,"The piece opens with a solitary, introspective melancholy, establishing a quiet and reflective mood.",Singer A (Male).,"A resonant grand piano serves as the harmonic and melodic backbone, playing arpeggiated figures in the verses and transitioning to fuller block chords in the choruses.",templates/mandopop-cinematic-ballad_0001.txt
East Asian Ballad & Heritage Pop,mandopop-cinematic-ballad_0002,Mandopop / Cinematic Ballad,cinematic-pop-ballad,75 BPM; Eb major,"The piece opens with a fragile, introspective melancholy, establishing a sense of isolation and quiet tension.",Singer A (Female).,"A finger-picked acoustic guitar provides the foundational harmonic rhythm from the Intro through the Outro, maintaining a consistent, delicate presence that anchors the song's structure.",templates/mandopop-cinematic-ballad_0002.txt
East Asian Ballad & Heritage Pop,mandopop-cinematic-ballad_0003,Mandopop / Cinematic Ballad,cinematic-pop-ballad,72 BPM; Ab minor,"The piece opens with a solitary, introspective melancholy that gradually accumulates tension through the verses.",Singer A (Male).,"A grand piano serves as the harmonic backbone, playing arpeggiated figures in the intro and verses, shifting to block chords with greater rhythmic drive in the choruses.",templates/mandopop-cinematic-ballad_0003.txt
East Asian Ballad & Heritage Pop,mandopop-cinematic-ballad_0004,Mandopop / Cinematic Ballad,cinematic-pop-ballad,73 BPM; A major,"The piece opens with a solitary, introspective melancholy, establishing a sense of vast isolation.",Singer A (Female).,"A grand piano serves as the harmonic backbone, playing arpeggiated figures in the verses and shifting to broad, sustained chords in the choruses.",templates/mandopop-cinematic-ballad_0004.txt
East Asian Ballad & Heritage Pop,mandopop-cinematic-pop-ballad_0001,Mandopop / Cinematic Pop Ballad,cinematic-pop-ballad,71 BPM; Bb major,"The piece opens with a solitary, introspective melancholy that gradually accumulates emotional weight through the verses.",Singer A (Male).,"A grand piano serves as the core harmonic and melodic foundation, present from the very first note to the final fade-out.",templates/mandopop-cinematic-pop-ballad_0001.txt
East Asian Ballad & Heritage Pop,mandopop-folk-ballad_0001,Mandopop / Folk Ballad,roots-traditional-global,75 BPM; Bb major,"The piece opens with a solitary, nostalgic atmosphere that feels intimate and restrained.",Singer A (Male).,"An acoustic guitar provides the foundational harmonic structure throughout the entire track, utilizing a finger-picking pattern in the verses that shifts to a fuller strumming technique in the choruses.",templates/mandopop-folk-ballad_0001.txt
East Asian Ballad & Heritage Pop,mandopop-folk-pop-ballad_0001,Mandopop / Folk-Pop Ballad,roots-traditional-global,73 BPM; Bb major,"The piece opens with a somber, reflective intimacy that gradually accumulates emotional weight through the verses.",Singer A (Male).,"An acoustic guitar with a finger-picked pattern serves as the harmonic backbone throughout the entire track, providing a consistent rhythmic pulse.",templates/mandopop-folk-pop-ballad_0001.txt
East Asian Ballad & Heritage Pop,mandopop-jazz-ballad_0001,Mandopop / Jazz Ballad,jazz-swing-big-band,90 BPM; Eb major,"The piece opens with a wistful, cinematic atmosphere established by sweeping strings, setting a tone of nostalgic reflection.",Singer A (Male).,"A resonant grand piano provides the core harmonic foundation, playing arpeggiated figures and block chords from the Intro through to the Outro.",templates/mandopop-jazz-ballad_0001.txt
East Asian Ballad & Heritage Pop,mandopop-orchestral-ballad_0001,Mandopop / Orchestral Ballad,general-pop-ballad,82 BPM; Bb major,"The piece opens with a tender, intimate atmosphere that gradually accumulates emotional weight through the verses.",Singer A (Male).,"A grand piano serves as the harmonic backbone throughout the entire track, playing arpeggiated figures in the verses that shift to fuller block chords in the choruses to drive the momentum.",templates/mandopop-orchestral-ballad_0001.txt
East Asian Ballad & Heritage Pop,mandopop-orchestral-pop-ballad_0001,Mandopop / Orchestral Pop Ballad,general-pop-ballad,140 BPM; C# major,"The piece opens with a serene and contemplative atmosphere, establishing a sense of quiet anticipation.",Singer A (Male).,"A grand piano serves as the harmonic backbone, playing arpeggiated figures in the intro and verses, shifting to block chords during the choruses to drive the rhythm.",templates/mandopop-orchestral-pop-ballad_0001.txt
East Asian Ballad & Heritage Pop,mandopop-orchestral-pop-ballad_0002,Mandopop / Orchestral Pop Ballad,general-pop-ballad,72 BPM; F minor,"The piece opens with a solitary, melancholic introspection that gradually accumulates tension through the verses.",Singer A (Female).,"A grand piano serves as the harmonic backbone, playing arpeggiated figures in the verses and shifting to broad, block chords during the choruses, present from the Intro to the Outro.",templates/mandopop-orchestral-pop-ballad_0002.txt
East Asian Ballad & Heritage Pop,mandopop-orchestral-pop-ballad_0003,Mandopop / Orchestral Pop Ballad,general-pop-ballad,70 BPM; Bb major,"The piece opens with a solitary, introspective melancholy that gradually accumulates emotional weight through the verses.","A single male vocalist delivers the performance with a clear, resonant tenor timbre.","A grand piano serves as the harmonic and melodic anchor, present from the very first note to the final fade-out.",templates/mandopop-orchestral-pop-ballad_0003.txt
East Asian Ballad & Heritage Pop,mandopop-orchestral-pop-ballad_0004,Mandopop / Orchestral Pop Ballad,general-pop-ballad,140 BPM; Bb major,"The piece opens with a solitary, contemplative mood that gradually swells into a hopeful and expansive atmosphere.",Singer A (Male).,"A grand piano serves as the harmonic backbone, playing arpeggiated figures in the verses and shifting to broad, block chords in the choruses.",templates/mandopop-orchestral-pop-ballad_0004.txt
East Asian Ballad & Heritage Pop,mandopop-pop-ballad_0001,Mandopop / Pop Ballad,general-pop-ballad,70 BPM; F major,"The piece opens with a solitary, introspective melancholy that gradually accumulates tension through the verses.","A single male vocalist delivers the performance with a clear, emotive tenor timbre.","A grand piano serves as the harmonic backbone throughout the entire track, playing arpeggiated figures in the verses and shifting to fuller block chords in the choruses to drive the emotional arc.",templates/mandopop-pop-ballad_0001.txt
East Asian Ballad & Heritage Pop,mandopop-pop-ballad_0002,Mandopop / Pop Ballad,general-pop-ballad,69 BPM; Eb major,"The piece opens with a tender, introspective mood, establishing a sense of quiet longing.","A single male vocalist delivers the performance with a clear, smooth tenor timbre.","A grand piano serves as the harmonic backbone, playing arpeggiated figures in the verses and shifting to fuller, block chords in the choruses.",templates/mandopop-pop-ballad_0002.txt
East Asian Ballad & Heritage Pop,mandopop-pop-ballad_0003,Mandopop / Pop Ballad,general-pop-ballad,72 BPM; F# major,"The piece opens with a solitary, introspective melancholy that establishes a sense of longing.",Singer A (Male).,"An acoustic guitar with a clean, finger-picked pattern serves as the harmonic backbone from the Intro through the first verse.",templates/mandopop-pop-ballad_0003.txt
East Asian Ballad & Heritage Pop,mandopop-pop-ballad_0004,Mandopop / Pop Ballad,general-pop-ballad,72 BPM; Bb major,"The piece opens with a tender, intimate atmosphere that gradually builds in intensity.",Singer A (Male).,"A grand piano serves as the harmonic backbone throughout the entire track, playing arpeggiated figures in the verses and shifting to broad, rhythmic chords in the choruses.",templates/mandopop-pop-ballad_0004.txt
East Asian Ballad & Heritage Pop,mandopop-pop-ballad_0005,Mandopop / Pop Ballad,general-pop-ballad,72 BPM; Bb major,"The piece opens with a solitary, melancholic atmosphere that establishes a tone of introspection and regret.",Singer A (Female) and Singer B (Male).,"A grand piano serves as the foundational harmonic instrument, playing arpeggiated chords and melodic motifs from the very beginning through to the end.",templates/mandopop-pop-ballad_0005.txt
East Asian Ballad & Heritage Pop,mandopop-pop-ballad_0006,Mandopop / Pop Ballad,general-pop-ballad,76 BPM; Ab major,"The piece opens with a gentle, nostalgic introspection that gradually builds in warmth and resolve.",Singer A (Female).,"A bright, resonant acoustic piano serves as the harmonic backbone, playing arpeggiated figures in the verses and shifting to fuller block chords in the choruses, present from the Intro to the Outro.",templates/mandopop-pop-ballad_0006.txt
East Asian Ballad & Heritage Pop,mandopop-pop-ballad_0007,Mandopop / Pop Ballad,general-pop-ballad,72 BPM; C# major,"The piece opens with a solitary, introspective melancholy, establishing a fragile atmosphere that gradually accumulates emotional weight through the verses.",Singer A (Male).,"A grand piano serves as the harmonic backbone, playing arpeggiated figures in the verses and shifting to block chords with greater rhythmic drive in the choruses.",templates/mandopop-pop-ballad_0007.txt
East Asian Ballad & Heritage Pop,mandopop-pop-ballad_0008,Mandopop / Pop Ballad,general-pop-ballad,69 BPM; Bb major,"The piece opens with a solitary, introspective melancholy that gradually gathers momentum through the verses.","A single male vocalist delivers the performance with a clear, smooth tenor timbre that carries a gentle breathiness in the lower register and gains resonant power in the upper register.","A grand piano serves as the harmonic backbone, playing arpeggiated figures in the intro and verses, shifting to fuller block chords during the choruses to drive the energy.",templates/mandopop-pop-ballad_0008.txt
East Asian Ballad & Heritage Pop,mandopop-pop-ballad_0009,Mandopop / Pop Ballad,general-pop-ballad,70 BPM; Bb major,"The piece opens with a solitary, melancholic atmosphere that establishes a sense of introspection and vulnerability.",Singer A (Male).,"A grand piano serves as the harmonic backbone, playing arpeggiated figures in the intro and verses, shifting to fuller block chords during the choruses to drive the emotional momentum.",templates/mandopop-pop-ballad_0009.txt
East Asian Ballad & Heritage Pop,mandopop-pop-ballad_0010,Mandopop / Pop Ballad,general-pop-ballad,69 BPM; Bb major,"The piece opens with a tender, introspective atmosphere that gradually builds in warmth and intimacy through the verses.","A single male vocalist delivers the performance with a smooth, clear tenor timbre.","A grand piano serves as the core harmonic and melodic foundation, playing arpeggiated patterns in the verses and transitioning to fuller block chords in the choruses.",templates/mandopop-pop-ballad_0010.txt
East Asian Ballad & Heritage Pop,mandopop-pop-ballad-with-jazz-fusion-elements_0001,Mandopop / Pop Ballad with Jazz Fusion elements,jazz-swing-big-band,62 BPM; Ab major,"The piece opens with an ethereal, spacious atmosphere that feels introspective and dreamlike.",Singer A (Female).,"A warm electric piano serves as the harmonic backbone from the Intro to the Outro, providing a consistent chordal foundation.",templates/mandopop-pop-ballad-with-jazz-fusion-elements_0001.txt
East Asian Ballad & Heritage Pop,mandopop-ballad-jazz-infused-pop_0001,Mandopop Ballad / Jazz-infused Pop,jazz-swing-big-band,75 BPM; C minor,"The piece opens with a solitary, contemplative mood established by sparse instrumentation, gradually building emotional weight as the vocal narrative deepens.",Singer A (Male).,"A grand piano serves as the harmonic backbone throughout the entire track, playing arpeggiated chords in the verses and transitioning to fuller, block chords during the climactic sections to drive the emotional arc.",templates/mandopop-ballad-jazz-infused-pop_0001.txt
East Asian Modern Pop,c-pop-dance-pop-electronic_0001,C-Pop / Dance-Pop / Electronic,"dance-pop-disco-funk, electronic-synth-ambient-pop",130 BPM; E major,"The track opens with an airy, anticipatory atmosphere that quickly establishes a buoyant and optimistic tone.",Singer A (Female).,"A bright, plucky synthesizer lead carries the main melodic hook from the Intro through the Outro, serving as the song's primary identifier.",templates/c-pop-dance-pop-electronic_0001.txt
East Asian Modern Pop,c-pop-edm_0001,C-Pop / Edm,club-edm-house-trance,130 BPM; C minor,"The track opens with a driving, energetic pulse that immediately establishes a sense of urgency and modern danceability.",Singer A (Male).,"A bright, saw-wave synthesizer lead carries the main melodic hook, present from the intro and dominating the choruses with a catchy, repetitive motif.",templates/c-pop-edm_0001.txt
East Asian Modern Pop,c-pop-edm_0002,C-Pop / Edm,club-edm-house-trance,140 BPM; E minor,"The track launches immediately with high-energy optimism, maintaining a consistently vibrant and celebratory tone throughout.",Singer A (Female).,"A bright, saw-wave synthesizer lead carries the main melodic hook, present from the Intro and dominating the Chorus and Drop sections.",templates/c-pop-edm_0002.txt
East Asian Modern Pop,c-pop-edm-electronic-dance-music_0001,C-Pop / Edm (Electronic Dance Music),club-edm-house-trance,130 BPM; Bb minor,"The track launches with an immediate, high-energy atmosphere driven by rhythmic vocal chops and a driving beat.",Singer A (Male).,"A bright, saw-wave lead synthesizer carries the main melodic hook, entering forcefully at the first chorus and recurring as the central motif throughout the track.",templates/c-pop-edm-electronic-dance-music_0001.txt
East Asian Modern Pop,c-pop-edm-festival-pop_0001,C-Pop / Edm / Festival Pop,"club-edm-house-trance, general-pop-ballad",133 BPM; Eb major,"The track launches immediately with a high-energy, celebratory atmosphere, maintaining a consistent level of euphoria throughout the verses and choruses.",Singer A (Male).,"A bright, saw-wave synthesizer lead carries the main melodic hook, present from the Intro and driving the energy through every chorus.",templates/c-pop-edm-festival-pop_0001.txt
East Asian Modern Pop,c-pop-edm-fusion_0001,C-Pop / Edm Fusion,club-edm-house-trance,130 BPM; G minor,"The piece opens with a wistful and atmospheric tone, establishing a sense of longing that is gradually intensified by the rhythmic drive.",Singer A (Female).,"A bright, arpeggiated synthesizer serves as the core melodic hook, present from the intro and persisting through the entire track, providing the main harmonic identity.",templates/c-pop-edm-fusion_0001.txt
East Asian Modern Pop,c-pop-electronic-dance-trap-fusion_0001,C-Pop / Electronic Dance / Trap Fusion,"club-edm-house-trance, hip-hop-rap",103 BPM; C major,"The track opens with a playful and rhythmic energy, establishing a modern, slightly mischievous tone.",Singer A (Female) and Singer B (Male).,"A bright, plucked synthesizer lead mimicking traditional string instruments serves as the core melodic hook, present from the Intro through the Outro.",templates/c-pop-electronic-dance-trap-fusion_0001.txt
East Asian Modern Pop,c-pop-electronic-dance-pop_0001,C-Pop / Electronic Dance Pop,club-edm-house-trance,130 BPM; D major,"The track opens with a sense of mysterious anticipation and ethereal wonder, establishing a dreamy atmosphere.",Singer A (Female).,"A bright, arpeggiated synthesizer serves as the core melodic hook, present from the Intro and driving the harmonic progression throughout the entire track.",templates/c-pop-electronic-dance-pop_0001.txt
East Asian Modern Pop,c-pop-electronic-dance-pop_0002,C-Pop / Electronic Dance Pop,club-edm-house-trance,115 BPM; G major,"The track opens with an ethereal and spacious atmosphere that quickly transitions into a driving, high-energy momentum.",Singer A (Female).,"A bright, plucked synthesizer emulating traditional string instruments (such as a Pipa or Guzheng) serves as the primary melodic hook, present from the Intro and recurring throughout the verses and choruses.",templates/c-pop-electronic-dance-pop_0002.txt
East Asian Modern Pop,c-pop-electronic-dance-pop_0003,C-Pop / Electronic Dance Pop,club-edm-house-trance,128 BPM; E minor,"The track opens with a confident and rhythmic declaration, establishing an assertive tone.",Singer A (Female) and Singer B (Male).,"A bright, saw-wave synthesizer lead carries the main melodic hook, present prominently in the intro and recurring throughout the choruses to define the song's identity.",templates/c-pop-electronic-dance-pop_0003.txt
East Asian Modern Pop,c-pop-electronic-folk-pop_0001,C-Pop / Electronic Folk-Pop,roots-traditional-global,103 BPM; E major,"The track opens with a playful and narrative-driven atmosphere, establishing a sense of storytelling curiosity.",Singer A (Female).,"A bright, plucked synthesizer emulating traditional string instruments (such as a Pipa or Guzheng) carries the main melodic hook and harmonic rhythm throughout the entire track, serving as the song's signature sonic…",templates/c-pop-electronic-folk-pop_0001.txt
East Asian Modern Pop,c-pop-electronic-hip-hop-fusion_0001,C-Pop / Electronic Hip-Hop Fusion,hip-hop-rap,97 BPM; A minor,"The piece opens with an ethereal and mysterious atmosphere that quickly establishes a driving, confident momentum.",Singer A (Female) and Singer B (Male).,"A hybrid synthesizer lead, blending digital saw waves with traditional string-like textures, carries the main melodic motif throughout the Intro, Choruses, and Outro.",templates/c-pop-electronic-hip-hop-fusion_0001.txt
East Asian Modern Pop,c-pop-electronic-rock-with-cinematic-influences_0001,C-Pop / Electronic Rock with Cinematic influences,pop-alternative-rock,120 BPM; E minor,"The piece opens with a somber, narrative-driven atmosphere that gradually accumulates tension through layered instrumentation.",Singer A (Female) and Singer B (Male).,"A grand piano serves as the initial harmonic foundation, playing arpeggiated figures in the intro and verses.",templates/c-pop-electronic-rock-with-cinematic-influences_0001.txt
East Asian Modern Pop,c-pop-eurodance_0001,C-Pop / Eurodance,club-edm-house-trance,140 BPM; A minor,"The track launches immediately with high-octane energy and a sense of frantic urgency, maintaining a relentless drive through the verses.",Singer A (Female).,"A dominant, saw-wave lead synthesizer carries the main melodic hook throughout the Intro, Choruses, and instrumental breaks, serving as the track's sonic signature.",templates/c-pop-eurodance_0001.txt
East Asian Modern Pop,c-pop-guofeng-chinese-style-hip-hop-fusion_0001,C-Pop / Guofeng (Chinese Style) / Hip-Hop Fusion,"general-pop-ballad, hip-hop-rap",97 BPM; Eb minor,The piece opens with a melancholic and atmospheric introduction that establishes a sense of historical grandeur.,Singer A (Male).,"A synthesized lead emulating the timbre of a traditional Chinese flute (Dizi) carries the main melodic hook, present from the intro and recurring throughout the choruses.",templates/c-pop-guofeng-chinese-style-hip-hop-fusion_0001.txt
East Asian Modern Pop,c-pop-hip-hop-orchestral-trap_0001,C-Pop / Hip-Hop / Orchestral Trap,hip-hop-rap,146 BPM; Eb minor,"The track opens with a majestic and cinematic atmosphere, immediately establishing a sense of grandeur and historical weight.",Singer A (Male).,"A hybrid orchestral string section serves as the primary harmonic and melodic driver, present from the Intro through the Outro.",templates/c-pop-hip-hop-orchestral-trap_0001.txt
East Asian Modern Pop,c-pop-hip-hop-fusion-with-traditional-chinese-elements_0001,C-Pop / Hip-Hop Fusion with Traditional Chinese elements,hip-hop-rap,94 BPM; C minor,"The piece opens with a grand, melancholic, and operatic atmosphere that establishes a sense of historical weight.",Singer A (Male).,"A traditional Chinese plucked string instrument (resembling a Guzheng or Pipa) plays the central melodic motif, present throughout the track but most prominent in the intro, outro, and instrumental breaks.",templates/c-pop-hip-hop-fusion-with-traditional-chinese-elements_0001.txt
East Asian Modern Pop,c-pop-pop-rock-with-hip-hop-fusion-elements_0001,C-Pop / Pop Rock with Hip-Hop fusion elements,hip-hop-rap,92 BPM; Eb major,"The piece opens with a majestic and atmospheric tone, establishing a sense of historical grandeur.",Singer A (Male) and Singer B (Male).,"A driving electric guitar with a slightly overdriven tone provides the core harmonic rhythm throughout the verses and choruses, anchoring the rock foundation.",templates/c-pop-pop-rock-with-hip-hop-fusion-elements_0001.txt
East Asian Modern Pop,c-pop-trap-cinematic-hip-hop_0001,C-Pop / Trap / Cinematic Hip-Hop,hip-hop-rap,140 BPM; Eb minor,"The piece opens with a solemn, atmospheric grandeur that establishes a sense of ancient weight and mystery.",Singer A (Male).,"A massive, distorted 808-style sub-bass serves as the harmonic and rhythmic anchor, entering immediately after the intro and driving the track until the end.",templates/c-pop-trap-cinematic-hip-hop_0001.txt
East Asian Modern Pop,cantopop-synth-pop-disco_0001,Cantopop / Synth-Pop / Disco,"electronic-synth-ambient-pop, dance-pop-disco-funk",130 BPM; C minor,"The track launches immediately with high-energy euphoria and a celebratory atmosphere, maintaining a consistently upbeat and danceable momentum throughout the verses and choruses.",Singer A (Male).,"A bright, brassy synthesizer lead carries the main melodic hook, present from the very first second and recurring throughout the track as the primary identifier.",templates/cantopop-synth-pop-disco_0001.txt
East Asian Modern Pop,city-pop-funk-pop_0001,City Pop / Funk-Pop,dance-pop-disco-funk,122 BPM; F# minor,"The track opens with a dreamy, atmospheric introduction that quickly establishes a groovy and confident momentum.",Singer A (Female).,"A funky, melodic electric bass guitar serves as the core harmonic and rhythmic driver, present from the very first bar and maintaining a consistent, syncopated pattern throughout the entire track.",templates/city-pop-funk-pop_0001.txt
East Asian Modern Pop,j-pop-electronic-rock-anisong_0001,J-Pop / Electronic Rock / Anisong,"pop-alternative-rock, general-pop-ballad",171 BPM; E minor,"The track launches immediately with high-octane energy and a sense of urgent triumph, maintaining a relentless forward momentum throughout the verses.",Singer A (Female).,"A aggressive, distorted synthesizer lead serves as the core melodic driver, playing fast-paced arpeggios and hook lines from the Intro through to the Outro.",templates/j-pop-electronic-rock-anisong_0001.txt
East Asian Modern Pop,j-pop-hyperpop-electronic-dance_0001,J-Pop / Hyperpop / Electronic Dance,"general-pop-ballad, club-edm-house-trance",176 BPM; F major,"The track launches immediately with high-energy euphoria and a playful, frantic atmosphere.",Singer A (Female).,"A bright, saw-wave lead synthesizer carries the main melodic hooks, present from the very first second and dominating the chorus sections with complex, fast-paced arpeggios.",templates/j-pop-hyperpop-electronic-dance_0001.txt
East Asian Modern Pop,j-pop-hyperpop-electronic-dance_0002,J-Pop / Hyperpop / Electronic Dance,"general-pop-ballad, club-edm-house-trance",182 BPM; E major,"The track launches immediately with high-octane energy and a playful, whimsical tone that persists throughout the verses.",Singer A (Female).,"A bright, saw-wave synthesizer carries the main melodic hooks and chord progressions, present from the very first second and driving the harmonic structure throughout the entire track.",templates/j-pop-hyperpop-electronic-dance_0002.txt
East Asian Modern Pop,mandopop-blues-rock-ballad_0001,Mandopop / Blues Rock Ballad,pop-alternative-rock,81 BPM; Ab major,"The piece opens with a solitary, introspective melancholy established by sparse piano chords.",Singer A (Male).,"A resonant acoustic piano serves as the harmonic backbone throughout the entire track, playing arpeggiated figures in the verses and fuller block chords in the choruses.",templates/mandopop-blues-rock-ballad_0001.txt
East Asian Modern Pop,mandopop-children-s-electronic-pop_0001,Mandopop / Children's Electronic Pop,electronic-synth-ambient-pop,133 BPM; E major,"The track opens with a bright, inviting atmosphere that immediately establishes a sense of youthful optimism.","A single female lead vocalist delivers the performance with a bright, clear, and youthful soprano timbre.","A bright, percussive synthesizer playing a catchy, staccato melody serves as the central hook, present from the very first bar and continuing through the entire track.",templates/mandopop-children-s-electronic-pop_0001.txt
East Asian Modern Pop,mandopop-dance-pop_0001,Mandopop / Dance-Pop,dance-pop-disco-funk,128 BPM; D major,"The track opens with an ethereal and spacious atmosphere that quickly establishes a driving, optimistic momentum.",Singer A (Female).,"A bright, arpeggiated synthesizer line serves as the core melodic hook, present from the Intro and continuing through the verses and choruses, anchoring the harmonic structure.",templates/mandopop-dance-pop_0001.txt
East Asian Modern Pop,mandopop-dance-pop-electronic_0001,Mandopop / Dance-Pop / Electronic,"dance-pop-disco-funk, electronic-synth-ambient-pop",130 BPM; F major,"The track opens with a sense of cosmic anticipation and restrained mystery, gradually building tension through rhythmic layering in the pre-chorus.",Singer A (Male).,"A bright, saw-wave synthesizer lead carries the main melodic hook, present throughout the choruses and serving as a counter-melody in the verses.",templates/mandopop-dance-pop-electronic_0001.txt
East Asian Modern Pop,mandopop-edm_0001,Mandopop / EDM,club-edm-house-trance,128 BPM; C major,"The track opens with an anticipatory and atmospheric mood, gradually building tension through the verses.",Singer A (Female).,"A bright, saw-wave synthesizer lead carries the main melodic hook, entering forcefully at the first chorus and recurring as the central motif throughout the track.",templates/mandopop-edm_0001.txt
East Asian Modern Pop,mandopop-edm_0002,Mandopop / Edm,club-edm-house-trance,130 BPM; A minor,"The track opens with a wistful and slightly melancholic atmosphere, establishing an emotional narrative of longing.",Singer A (Female).,"A bright, saw-wave synthesizer lead carries the main melodic hook, entering forcefully at the first chorus and recurring as the dominant motif throughout the track.",templates/mandopop-edm_0002.txt
East Asian Modern Pop,mandopop-edm_0003,Mandopop / Edm,club-edm-house-trance,130 BPM; Eb minor,"The track opens with a shimmering, anticipatory atmosphere that quickly locks into a driving, high-energy groove.",Singer A (Female).,"A bright, saw-wave synthesizer lead carries the main melodic hook, present throughout the intro, verses, and choruses, serving as the central identifier of the track.",templates/mandopop-edm_0003.txt
East Asian Modern Pop,mandopop-edm_0004,Mandopop / Edm,club-edm-house-trance,136 BPM; Eb major,"The track opens with an atmospheric, slightly mysterious tone that quickly builds anticipation through a rising melodic motif.",Singer A (Male).,"A bright, saw-wave lead synthesizer carries the main melodic hook, present from the intro and dominating the choruses.",templates/mandopop-edm_0004.txt
East Asian Modern Pop,mandopop-edm_0005,Mandopop / Edm,club-edm-house-trance,130 BPM; B major,"The track opens with a sense of anticipation and restrained energy, gradually building tension through the verses.",Singer A (Male).,"A bright, saw-wave lead synthesizer carries the main melodic hook, entering forcefully at the first chorus and recurring throughout the track as the central melodic driver.",templates/mandopop-edm_0005.txt
East Asian Modern Pop,mandopop-edm-electronic-dance-music_0001,Mandopop / Edm (Electronic Dance Music),club-edm-house-trance,133 BPM; C major,"The track opens with an atmospheric and slightly melancholic mood, establishing a sense of longing.",Singer A (Male).,"A bright, saw-wave synthesizer lead carries the main melodic hook, entering at the first chorus and recurring throughout the track as the central melodic driver.",templates/mandopop-edm-electronic-dance-music_0001.txt
East Asian Modern Pop,mandopop-edm-progressive-house-and-big-room-influences_0001,Mandopop / Edm (Progressive House & Big Room influences),club-edm-house-trance,136 BPM; F major,"The track opens with an atmospheric and slightly ethereal mood, establishing a sense of anticipation.",Singer A (Female).,"A bright, saw-wave lead synthesizer carries the main melodic hook during the choruses and instrumental drops, characterized by its sharp attack and resonant filter sweeps.",templates/mandopop-edm-progressive-house-and-big-room-influences_0001.txt
East Asian Modern Pop,mandopop-edm-progressive-house_0001,Mandopop / Edm (Progressive House),club-edm-house-trance,122 BPM; Bb minor,"The track opens with a wistful and atmospheric tone, establishing a sense of longing through sparse instrumentation.",Singer A (Male).,"A bright, saw-wave synthesizer lead carries the main melodic hook, entering fully during the first chorus and dominating the drops with a soaring, anthemic quality.",templates/mandopop-edm-progressive-house_0001.txt
East Asian Modern Pop,mandopop-edm-pop_0001,Mandopop / Edm-Pop,club-edm-house-trance,136 BPM; C major,The track opens with an anticipatory and rhythmic energy that quickly establishes a sense of forward motion.,Singer A (Female).,"A bright, plucky synthesizer lead carries the main melodic hook throughout the Intro, Verses, and Choruses, serving as the central melodic anchor.",templates/mandopop-edm-pop_0001.txt
East Asian Modern Pop,mandopop-edm-pop_0002,Mandopop / Edm-Pop,club-edm-house-trance,125 BPM; G major,"The track opens with an ethereal and expansive atmosphere, establishing a sense of wonder that transitions into a driving, energetic verse.",Singer A (Female).,"A bright, saw-wave lead synthesizer carries the main melodic hook, entering fully in the first chorus and recurring throughout the track as the central melodic driver.",templates/mandopop-edm-pop_0002.txt
East Asian Modern Pop,mandopop-edm-pop_0003,Mandopop / EDM-Pop,club-edm-house-trance,128 BPM; G major,"The track opens with an inviting and rhythmic anticipation, quickly establishing a sense of forward motion.",Singer A (Male).,"A bright, saw-wave synthesizer lead carries the main melodic hook, present throughout the intro and dominating the choruses.",templates/mandopop-edm-pop_0003.txt
East Asian Modern Pop,mandopop-edm-pop_0004,Mandopop / Edm-Pop,club-edm-house-trance,128 BPM; Eb minor,"The track opens with an atmospheric and slightly melancholic tone, establishing a sense of isolation that persists through the verses.",Singer A (Female).,"A bright, saw-wave synthesizer lead carries the main melodic hook, entering fully at the first chorus and recurring as the central motif throughout the track.",templates/mandopop-edm-pop_0004.txt
East Asian Modern Pop,mandopop-electro-pop-dance-pop_0001,Mandopop / Electro-Pop / Dance-Pop,"general-pop-ballad, dance-pop-disco-funk",140 BPM; G major,"The track launches immediately with high-energy playfulness and a mischievous tone, maintaining a consistently upbeat and vibrant atmosphere throughout the verses and choruses.",Singer A (Female).,"A punchy, side-chained synthesizer bass drives the low end from the Intro to the Outro, locking tightly with the kick drum.",templates/mandopop-electro-pop-dance-pop_0001.txt
East Asian Modern Pop,mandopop-electronic-ballad_0001,Mandopop / Electronic Ballad,electronic-synth-ambient-pop,120 BPM; Bb major,"The piece opens with a fragile, introspective melancholy, establishing a sense of isolation.",Singer A (Female).,"A grand piano serves as the harmonic backbone, playing arpeggiated figures in the verses and transitioning to fuller, block chords in the choruses.",templates/mandopop-electronic-ballad_0001.txt
East Asian Modern Pop,mandopop-electronic-dance-pop_0002,Mandopop / Electronic Dance Pop,club-edm-house-trance,130 BPM; F major,"The piece opens with an ethereal, floating atmosphere that quickly grounds itself into a determined, driving momentum.",Singer A (Female).,"A bright, saw-wave synthesizer lead carries the main melodic hook, entering fully in the first chorus and recurring as the dominant melodic force throughout the track.",templates/mandopop-electronic-dance-pop_0002.txt
East Asian Modern Pop,mandopop-electronic-dance-pop_0003,Mandopop / Electronic Dance Pop,club-edm-house-trance,118 BPM; A minor,"The track launches with an immediate, high-energy rhythmic drive that establishes a confident and assertive tone.",Singer A (Male).,"A bright, saw-wave synthesizer lead carries the main melodic hook, present throughout the intro, choruses, and instrumental breaks, serving as the song's primary identity.",templates/mandopop-electronic-dance-pop_0003.txt
East Asian Modern Pop,mandopop-electronic-dance-pop-edm_0001,Mandopop / Electronic Dance Pop (EDM),club-edm-house-trance,150 BPM; C minor,"The track launches immediately with high-energy confidence and a futuristic, cosmic atmosphere.",Singer A (Female).,"A bright, saw-wave lead synthesizer carries the main melodic hook, present from the intro and dominating the choruses with a catchy, high-frequency melody.",templates/mandopop-electronic-dance-pop-edm_0001.txt
East Asian Modern Pop,mandopop-electronic-dance-pop_0001,Mandopop / Electronic Dance-Pop,club-edm-house-trance,111 BPM; A minor,"The track opens with an atmospheric and slightly mysterious tone that quickly establishes a driving, confident momentum.",Singer A (Female).,"A bright, percussive synthesizer lead carries the main melodic hook throughout the track, serving as the central identifier from the intro to the outro.",templates/mandopop-electronic-dance-pop_0001.txt
East Asian Modern Pop,mandopop-electronic-pop_0001,Mandopop / Electronic Pop,electronic-synth-ambient-pop,100 BPM; G major,"The track opens with a mysterious and atmospheric tension, suggesting an underwater or dreamlike state.",Singer A (Male).,"A bright, plucked synthesizer lead carries the main melodic motif from the intro through the verses, establishing the track's harmonic identity.",templates/mandopop-electronic-pop_0001.txt
East Asian Modern Pop,mandopop-electronic-pop-ballad_0001,Mandopop / Electronic Pop Ballad,electronic-synth-ambient-pop,130 BPM; Eb major,"The piece opens with a fragile, melancholic intimacy that gradually accumulates tension through the pre-chorus.",Singer A (Female).,"A grand piano serves as the harmonic backbone throughout the entire track, playing arpeggiated figures in the verses and shifting to bold, block chords in the choruses to drive the emotional momentum.",templates/mandopop-electronic-pop-ballad_0001.txt
East Asian Modern Pop,mandopop-electronic-pop-with-hip-hop-influences_0001,Mandopop / Electronic Pop with Hip-Hop influences,hip-hop-rap,98 BPM; Eb major,"The track opens with an uplifting and anticipatory atmosphere, establishing a sense of journey and optimism.",Singer A (Female) and Singer B (Male).,"A bright, plucked synthesizer motif serves as the core melodic hook, present from the Intro through to the Outro, anchoring the song's identity.",templates/mandopop-electronic-pop-with-hip-hop-influences_0001.txt
East Asian Modern Pop,mandopop-electronic-randb-trap-pop_0001,Mandopop / Electronic R&B / Trap-Pop,"electronic-synth-ambient-pop, hip-hop-rap",105 BPM; C minor,"The track opens with a moody, atmospheric tension that suggests resilience amidst adversity.",Singer A (Male).,"A deep, resonant 808-style sub-bass synth serves as the harmonic anchor, present throughout the entire track but varying in intensity.",templates/mandopop-electronic-randb-trap-pop_0001.txt
East Asian Modern Pop,mandopop-eurodance_0001,Mandopop / Eurodance,club-edm-house-trance,130 BPM; A minor,"The track opens with an immediate, high-energy surge driven by bright synth hooks, establishing a euphoric and celebratory tone from the start.",Singer A (Female).,"A bright, saw-wave lead synthesizer carries the main melodic hook, present from the Intro and recurring prominently in every Chorus and Post-Chorus section.",templates/mandopop-eurodance_0001.txt
East Asian Modern Pop,mandopop-funk-pop_0002,Mandopop / Funk Pop,dance-pop-disco-funk,95 BPM; C major,"The track opens with a dreamy, atmospheric introduction that quickly establishes an optimistic and buoyant mood.",Singer A (Male).,"A clean, funky electric guitar playing syncopated chord stabs and melodic riffs serves as the core rhythmic and harmonic driver, present from the first verse through to the end.",templates/mandopop-funk-pop_0002.txt
East Asian Modern Pop,mandopop-funk-pop_0001,Mandopop / Funk-Pop,dance-pop-disco-funk,115 BPM; C major,"The track opens with a playful and rhythmic vocal hook that immediately establishes an upbeat, carefree atmosphere.",Singer A (Male).,"A funky, clean electric guitar playing syncopated, staccato chord chops serves as the primary rhythmic and harmonic driver, present from the Intro through to the Outro.",templates/mandopop-funk-pop_0001.txt
East Asian Modern Pop,mandopop-hardstyle-edm_0001,Mandopop / Hardstyle-EDM,club-edm-house-trance,154 BPM; B minor,"The track opens with a moody, atmospheric tension that builds steadily through the verses and pre-chorus.",Singer A (Male).,"A detuned, saw-wave lead synthesizer carries the main melodic hook, entering forcefully at the first chorus and defining the track's signature sound.",templates/mandopop-hardstyle-edm_0001.txt
East Asian Modern Pop,mandopop-melodic-hip-hop_0001,Mandopop / Melodic Hip-Hop,hip-hop-rap,85 BPM; D minor,"The piece opens with a somber and reflective tone, establishing a narrative of introspection through sparse instrumentation.",Singer A (Male).,"A melancholic acoustic piano plays a repeating arpeggiated motif that serves as the harmonic backbone from the Intro through to the Outro, providing a constant emotional anchor.",templates/mandopop-melodic-hip-hop_0001.txt
East Asian Modern Pop,mandopop-melodic-hip-hop-randb_0001,Mandopop / Melodic Hip-Hop / R&B,"hip-hop-rap, general-pop-ballad",90 BPM; Bb major,"The piece opens with a wistful and atmospheric tone, establishing a sense of solitary contemplation.",Singer A (Male).,"A melancholic piano motif serves as the harmonic backbone, present from the Intro through the Outro, providing the main melodic hook.",templates/mandopop-melodic-hip-hop-randb_0001.txt
East Asian Modern Pop,mandopop-nu-disco-funk-pop_0001,Mandopop / Nu-Disco / Funk Pop,dance-pop-disco-funk,118 BPM; B minor,"The track opens with a breezy, inquisitive atmosphere that quickly establishes a confident, danceable groove.",Singer A (Female).,"A funky, clean-tone electric guitar playing syncopated chord stabs and rhythmic riffs serves as the core harmonic driver, present from the intro through to the outro.",templates/mandopop-nu-disco-funk-pop_0001.txt
East Asian Modern Pop,mandopop-nu-disco-funk-pop_0002,Mandopop / Nu-Disco / Funk Pop,dance-pop-disco-funk,120 BPM; C major,"The track opens with an inviting, breezy atmosphere that quickly establishes a sense of forward motion.",Singer A (Male).,"A funky, syncopated electric bass line serves as the rhythmic and harmonic backbone, present from the very first bar and driving the entire track.",templates/mandopop-nu-disco-funk-pop_0002.txt
East Asian Modern Pop,mandopop-pop-rock_0001,Mandopop / Pop Rock,pop-alternative-rock,146 BPM; Eb major,"The piece opens with a gentle, atmospheric introspection that gradually accumulates momentum through the verses.","A single female vocalist leads the track with a clear, bright, and youthful timbre.","Clean electric guitars playing arpeggiated figures dominate the intro and verses, establishing the harmonic bed.",templates/mandopop-pop-rock_0001.txt
East Asian Modern Pop,mandopop-pop-rock-ballad_0001,Mandopop / Pop Rock Ballad,pop-alternative-rock,80 BPM; F# major,"The piece opens with a solitary, introspective melancholy that gradually accumulates tension through the verses.","A single female vocalist delivers the performance with a clear, emotive timbre that shifts from a soft, breathy quality in the lower register to a powerful, resonant belt in the upper register.","A clean electric guitar with a chorus effect establishes the harmonic foundation in the intro and verses, later switching to a distorted, overdriven tone to drive the energy in the choruses.",templates/mandopop-pop-rock-ballad_0001.txt
East Asian Modern Pop,mandopop-pop-rock-ballad_0002,Mandopop / Pop Rock Ballad,pop-alternative-rock,74 BPM; Ab major,"The piece opens with a solitary, melancholic atmosphere that gradually accumulates tension through the verses.",Singer A (Male).,"A clean electric guitar with a chorus effect establishes the main melodic motif in the intro and remains a constant harmonic anchor throughout the track, switching to a distorted, overdriven tone during the choruses to…",templates/mandopop-pop-rock-ballad_0002.txt
East Asian Modern Pop,mandopop-pop-rock-ballad_0003,Mandopop / Pop Rock Ballad,pop-alternative-rock,90 BPM; Bb major,"The piece opens with a tender, introspective atmosphere that gradually accumulates warmth and anticipation through the verses.",Singer A (Female) and Singer B (Male).,"A bright acoustic piano serves as the harmonic backbone, present from the very first note and continuing through to the outro, driving the chord progression with arpeggiated patterns in the verses and block chords in…",templates/mandopop-pop-rock-ballad_0003.txt
East Asian Modern Pop,mandopop-pop-rock-ballad_0004,Mandopop / Pop Rock Ballad,pop-alternative-rock,70 BPM; Bb major,"The piece begins with a fragile, intimate melancholy, establishing a sense of vulnerability.",Singer A (Female).,"A grand piano serves as the harmonic backbone, playing arpeggiated figures in the verses and shifting to broad, rhythmic chords in the choruses.",templates/mandopop-pop-rock-ballad_0004.txt
East Asian Modern Pop,mandopop-pop-rock-ballad_0005,Mandopop / Pop Rock Ballad,pop-alternative-rock,77 BPM; Eb major,"The piece opens with a solitary, introspective melancholy that gradually accumulates tension through the verses.",Singer A (Male).,"A grand piano serves as the harmonic backbone, playing arpeggiated figures in the intro and verses, transitioning to block chords in the choruses to drive the momentum.",templates/mandopop-pop-rock-ballad_0005.txt
East Asian Modern Pop,mandopop-pop-rock-ballad_0006,Mandopop / Pop Rock Ballad,pop-alternative-rock,71 BPM; Bb major,"The piece opens with a reflective and somber tone, establishing a narrative of history and loss.",Singer A (Male).,"An acoustic guitar with a bright, finger-picked pattern serves as the foundational harmonic element from the Intro through the first verse.",templates/mandopop-pop-rock-ballad_0006.txt
East Asian Modern Pop,mandopop-pop-rock-ballad_0007,Mandopop / Pop Rock Ballad,pop-alternative-rock,133 BPM; Bb minor,"The piece opens with a somber and reflective mood, establishing a sense of longing through sparse instrumentation.",Singer A (Male).,"A grand piano serves as the foundational harmonic instrument, present from the very beginning and continuing through the entire track, providing the core chord progression.",templates/mandopop-pop-rock-ballad_0007.txt
East Asian Modern Pop,mandopop-pop-rock-ballad_0008,Mandopop / Pop Rock Ballad,pop-alternative-rock,74 BPM; Bb major,"The piece opens with a solitary, melancholic atmosphere that establishes a sense of longing.",Singer A (Male).,"A grand piano serves as the harmonic backbone, playing arpeggiated figures in the intro and verses, shifting to block chords with greater rhythmic drive in the choruses.",templates/mandopop-pop-rock-ballad_0008.txt
East Asian Modern Pop,mandopop-pop-rock-with-electronic-elements_0001,Mandopop / Pop Rock with Electronic elements,pop-alternative-rock,92 BPM; C# major,"The piece opens with a mysterious and contemplative atmosphere, establishing a sense of vastness and solitude.",Singer A (Female).,"A bright, resonant piano serves as the harmonic backbone, playing arpeggiated figures in the verses and shifting to block chords in the choruses to drive the progression.",templates/mandopop-pop-rock-with-electronic-elements_0001.txt
East Asian Modern Pop,mandopop-pop-rock-with-electronic-elements_0002,Mandopop / Pop Rock with Electronic elements,pop-alternative-rock,143 BPM; D major,"The track launches immediately with high-energy optimism and youthful exuberance, maintaining a driving momentum through the verses.",Singer A (Male).,"Distorted electric guitars provide the core harmonic drive with power-chord riffs and melodic lead lines, present from the intro through to the outro.",templates/mandopop-pop-rock-with-electronic-elements_0002.txt
East Asian Modern Pop,mandopop-randb-hip-hop-fusion_0001,Mandopop / R&B / Hip-Hop Fusion,"general-pop-ballad, hip-hop-rap",80 BPM; D major,"The piece opens with a wistful and ethereal atmosphere, establishing a sense of cosmic longing.",Singer A (Female) and Singer B (Male).,"A warm, electric piano provides the core harmonic foundation, playing sustained chords and gentle arpeggios from the Intro through to the Outro.",templates/mandopop-randb-hip-hop-fusion_0001.txt
East Asian Modern Pop,mandopop-synth-pop-dance-pop_0001,Mandopop / Synth-Pop / Dance-Pop,"electronic-synth-ambient-pop, dance-pop-disco-funk",120 BPM; A major,"The track opens with an atmospheric and anticipatory mood, establishing a sense of vastness.",Singer A (Male).,"A bright, digital synthesizer playing the main chord progression and melodic hooks is present from the Intro to the Outro, serving as the harmonic backbone.",templates/mandopop-synth-pop-dance-pop_0001.txt
East Asian Modern Pop,mandopop-trap-electronic-randb_0001,Mandopop / Trap / Electronic R&B,"hip-hop-rap, electronic-synth-ambient-pop",140 BPM; A minor,"The track opens with a contemplative and slightly melancholic atmosphere, establishing a sense of artistic struggle.",Singer A (Male).,"A bright, plucked synthesizer melody serves as the central hook, present throughout the Intro, Verses, and Choruses, providing the main melodic identity.",templates/mandopop-trap-electronic-randb_0001.txt
East Asian Modern Pop,mandopop-trap-randb_0001,Mandopop / Trap R&B,hip-hop-rap,146 BPM; Bb major,"The track opens with a somber, introspective mood established by sparse instrumentation and a restrained vocal delivery.",Singer A (Male).,"A melancholic electric piano serves as the core harmonic foundation, playing a repetitive, arpeggiated chord progression from the Intro through to the Outro.",templates/mandopop-trap-randb_0001.txt
East Asian Modern Pop,mandopop-trap-randb_0002,Mandopop / Trap R&B,hip-hop-rap,107 BPM; G major,"The piece opens with a wistful and ethereal atmosphere, establishing a tone of longing.",Singer A (Female) and Singer B (Male).,"A melancholic piano motif serves as the core harmonic foundation, playing arpeggiated chords that persist from the Intro through to the Outro, providing continuity.",templates/mandopop-trap-randb_0002.txt
East Asian Modern Pop,mandopop-trap-soul_0001,Mandopop / Trap Soul,soul-blues-gospel,136 BPM; G minor,"The piece opens with a fragile, melancholic atmosphere that establishes a sense of longing.",Singer A (Female) and Singer B (Male).,"A melancholic piano motif serves as the core harmonic anchor, present from the very beginning and persisting through to the Outro, providing a continuous emotional thread.",templates/mandopop-trap-soul_0001.txt
"Electronic, Synth & Ambient Pop",ambient-ethereal-folk_0001,Ambient / Ethereal Folk,roots-traditional-global,80 BPM; F minor,"The piece opens with a suspended, meditative atmosphere established by wordless vocalizations, creating a sense of timeless stillness.",Singer A (Female).,"A deep, sustained synthesizer pad serves as the harmonic bedrock, present from the very first second to the final fade-out.",templates/ambient-ethereal-folk_0001.txt
"Electronic, Synth & Ambient Pop",ambient-ethereal-wave_0001,Ambient / Ethereal Wave,general-pop-ballad,58 BPM; C minor,"The piece opens with a suspended, meditative stillness established by wordless vocal textures, creating an atmosphere of vast isolation.",Singer A (Female).,"The human voice serves as the sole primary instrument, functioning simultaneously as the melodic lead, harmonic foundation, and rhythmic pulse through its phrasing.",templates/ambient-ethereal-wave_0001.txt
"Electronic, Synth & Ambient Pop",ambient-pop-cinematic-ballad_0001,Ambient Pop / Cinematic Ballad,cinematic-pop-ballad,76 BPM; C major,"The piece opens with a solitary, ethereal vulnerability that establishes a contemplative mood.",Singer A (Female).,"A resonant grand piano plays sparse, arpeggiated chords that serve as the harmonic backbone, present from the very beginning and continuing through to the outro.",templates/ambient-pop-cinematic-ballad_0001.txt
"Electronic, Synth & Ambient Pop",ambient-pop-cinematic-electronic_0001,Ambient Pop / Cinematic Electronic,—,85 BPM; F minor,"The piece opens with a solitary, meditative stillness that gradually invites a sense of mystery and introspection.","A single Male vocalist delivers the performance with a soft, breathy, and resonant baritone texture that feels intimate yet distant.","A melancholic piano serves as the harmonic anchor, playing sparse, reverberant chords from the very beginning and persisting through to the outro, providing the song's emotional core.",templates/ambient-pop-cinematic-electronic_0001.txt
"Electronic, Synth & Ambient Pop",ambient-pop-ethereal-ballad_0001,Ambient Pop / Ethereal Ballad,general-pop-ballad,71 BPM; E major,"The piece opens with a serene, floating atmosphere that establishes a sense of vastness and solitude.","A single female vocalist delivers the performance with an extremely soft, airy, and breathy timbre.","A grand piano with a felted, mellow tone serves as the harmonic backbone, playing slow, arpeggiated chords from the very beginning until the final fade.",templates/ambient-pop-ethereal-ballad_0001.txt
"Electronic, Synth & Ambient Pop",ambient-pop-ethereal-ballad_0002,Ambient Pop / Ethereal Ballad,general-pop-ballad,67 BPM; Ab minor,"The piece opens with a weightless, meditative stillness, establishing a sense of vast isolation.",Singer A (Female).,"A resonant grand piano serves as the harmonic anchor, playing sparse, arpeggiated figures that persist from the Intro through the Outro, providing the song's melodic skeleton.",templates/ambient-pop-ethereal-ballad_0002.txt
"Electronic, Synth & Ambient Pop",ambient-pop-ethereal-electronic_0001,Ambient Pop / Ethereal Electronic,—,91 BPM; F# minor,"The piece opens with a floating, meditative stillness, establishing a sense of vast, open space.","A single female vocalist delivers the performance with an exceptionally airy, breathy, and crystalline timbre.","A lush, evolving synthesizer pad serves as the harmonic bedrock, present from the very beginning to the end.",templates/ambient-pop-ethereal-electronic_0001.txt
"Electronic, Synth & Ambient Pop",ambient-pop-ethereal-wave_0001,Ambient Pop / Ethereal Wave,general-pop-ballad,86 BPM; F# major,"The piece opens with a spacious, meditative stillness that gradually introduces a gentle rhythmic pulse, creating a sense of floating introspection.",Singer A (Female).,"A warm, evolving synthesizer pad serves as the harmonic bedrock, present from the very first second and sustaining through to the final fade-out.",templates/ambient-pop-ethereal-wave_0001.txt
"Electronic, Synth & Ambient Pop",ambient-pop-ethereal-wave_0002,Ambient Pop / Ethereal Wave,general-pop-ballad,107 BPM; Bb minor,"The piece opens with a vast, contemplative stillness that gradually accumulates emotional weight through layered textures.",Singer A (Female).,"A warm, evolving synthesizer pad serves as the harmonic bedrock, present from the very first second to the final fade, providing a continuous, shifting tonal landscape.",templates/ambient-pop-ethereal-wave_0002.txt
"Electronic, Synth & Ambient Pop",ambient-pop-new-age_0001,Ambient Pop / New Age,—,70 BPM; Eb major,"The piece opens with a serene, meditative stillness established by wordless vocalizations, creating an immediate sense of spaciousness.",Singer A (Female) and Singer B (Male).,"A warm, evolving synthesizer pad serves as the harmonic bedrock, present from the very first second to the final fade-out, providing a continuous, shifting tonal landscape.",templates/ambient-pop-new-age_0001.txt
"Electronic, Synth & Ambient Pop",cinematic-ambient-spoken-word_0001,Cinematic Ambient / Spoken Word,cinematic-orchestral-epic,71 BPM; C minor,"The piece establishes a solemn, mythic atmosphere from the outset, maintaining a consistent weight of gravity and introspection throughout.",Singer A (Male).,"A low-frequency synthesizer drone serves as the foundational harmonic bed, present continuously from the Intro to the Outro, providing a constant, vibrating floor for the narration.",templates/cinematic-ambient-spoken-word_0001.txt
"Electronic, Synth & Ambient Pop",dark-ambient-slowcore_0001,Dark Ambient / Slowcore,general-pop-ballad,90 BPM; Bb minor,"The piece establishes a somber, submerged atmosphere immediately, maintaining a consistent sense of weight and introspection throughout.",Singer A (Male).,"A sustained, low-frequency synthesizer pad acts as the harmonic bedrock, present from the very beginning and evolving slowly in timbre to become darker and more dissonant towards the end.",templates/dark-ambient-slowcore_0001.txt
"Electronic, Synth & Ambient Pop",dark-pop-cinematic-electronic_0001,Dark Pop / Cinematic Electronic,—,176 BPM; A minor,"The piece opens with an ethereal, haunting atmosphere that feels suspended in time.",Singer A (Female).,"A melancholic piano motif serves as the harmonic backbone, present from the Intro through the Outro, providing a consistent melodic anchor.",templates/dark-pop-cinematic-electronic_0001.txt
"Electronic, Synth & Ambient Pop",downtempo-ambient-pop_0001,Downtempo / Ambient Pop,—,92 BPM; B minor,"The piece opens with a suspended, ethereal atmosphere that establishes a mood of quiet longing and introspection.",Singer A (Female).,"A deep, sustained sub-bass synth provides the harmonic anchor and low-frequency weight, present continuously from the first beat of the rhythm section through to the outro.",templates/downtempo-ambient-pop_0001.txt
"Electronic, Synth & Ambient Pop",dream-pop-electronic-ballad_0001,Dream Pop / Electronic Ballad,—,87 BPM; G major,"The piece opens with a fragile, solitary atmosphere that feels suspended in time, gradually accumulating emotional weight as the arrangement thickens.",Singer A (Female).,"A warm, sustained synthesizer pad serves as the harmonic bedrock from the very beginning, evolving in brightness and density as the song builds.",templates/dream-pop-electronic-ballad_0001.txt
"Electronic, Synth & Ambient Pop",dream-pop-indie-electronic_0001,Dream Pop / Indie Electronic,—,85 BPM; E major,"The piece opens with a hazy, suspended atmosphere that feels introspective and weightless.","A single female vocalist delivers the performance with a soft, breathy, and ethereal timbre.","A clean electric guitar, treated with significant delay and reverb, plays a repetitive, arpeggiated motif that serves as the central melodic hook from the introduction through to the outro.",templates/dream-pop-indie-electronic_0001.txt
"Electronic, Synth & Ambient Pop",electronic-happy-hardcore_0001,Electronic / Happy Hardcore,club-edm-house-trance,182 BPM; B major,"The piece opens with a wistful, atmospheric introduction that establishes a sense of longing, which quickly builds tension through rising melodic arpeggios.",Singer A (Female).,"A bright, supersaw lead synthesizer carries the main melodic hook, entering forcefully at the first chorus and recurring during every drop.",templates/electronic-happy-hardcore_0001.txt
"Electronic, Synth & Ambient Pop",electronic-melodic-techno_0001,Electronic / Melodic Techno,club-edm-house-trance,125 BPM; C minor,"The piece opens with a serene, contemplative, and almost meditative atmosphere, driven by sparse instrumentation and a gentle vocal delivery.",Singer A (Male).,"A warm, evolving synthesizer pad serves as the harmonic bedrock from the very beginning, sustaining chords that shift slowly to support the vocal melody.",templates/electronic-melodic-techno_0001.txt
"Electronic, Synth & Ambient Pop",electronic-pop-c-pop-with-edm-influences_0001,Electronic Pop / C-Pop with EDM influences,east-asian-modern,105 BPM; Ab minor,"The piece opens with a tense, atmospheric restraint that quickly builds into a confident and assertive verse.",Singer A (Female).,"A driving, saw-wave synthesizer lead carries the main melodic hook, entering forcefully at the first chorus and remaining dominant through the outro.",templates/electronic-pop-c-pop-with-edm-influences_0001.txt
"Electronic, Synth & Ambient Pop",electronic-pop-contemporary-randb_0001,Electronic Pop / Contemporary R&B,modern-rnb-neo-soul,167 BPM; Bb major,"The track opens with a vulnerable, stripped-back atmosphere that quickly builds into an urgent, driving momentum.",Singer A (Male).,"A bright, plucked synthesizer arpeggio serves as the central melodic hook, present from the Intro through the Outro, providing continuity.",templates/electronic-pop-contemporary-randb_0001.txt
"Electronic, Synth & Ambient Pop",electronic-pop-dance-pop_0001,Electronic Pop / Dance-Pop,dance-pop-disco-funk,115 BPM; A minor,"The track opens with an atmospheric and slightly mysterious tone, establishing a sense of depth and immersion.",Singer A (Female).,"A bright, plucked synthesizer arpeggio serves as the central melodic motif, present from the Intro through the Outro, providing rhythmic drive and harmonic context.",templates/electronic-pop-dance-pop_0001.txt
"Electronic, Synth & Ambient Pop",electronic-pop-dance-pop_0002,Electronic Pop / Dance-Pop,dance-pop-disco-funk,102 BPM; D minor,"The track opens with a mysterious and slightly ethereal atmosphere that quickly establishes a driving, confident momentum.",Singer A (Female) and Singer B (Male).,"A bright, plucked synthesizer melody serves as the central hook, present from the intro and recurring throughout the track to anchor the harmonic structure.",templates/electronic-pop-dance-pop_0002.txt
"Electronic, Synth & Ambient Pop",electronic-pop-dance-pop_0003,Electronic Pop / Dance-Pop,dance-pop-disco-funk,140 BPM; F major,"The track opens with an anticipatory and airy atmosphere that quickly builds into a high-energy, euphoric release in the chorus.",Singer A (Female).,"A bright, saw-wave synthesizer lead carries the main melodic hook throughout the choruses and drops, serving as the central melodic driver.",templates/electronic-pop-dance-pop_0003.txt
"Electronic, Synth & Ambient Pop",electronic-pop-dance-pop_0004,Electronic Pop / Dance-Pop,dance-pop-disco-funk,118 BPM; E minor,"The track opens with a mysterious and atmospheric tension that quickly builds into a determined, driving momentum during the verses.",Singer A (Female).,"A driving synth bass line serves as the harmonic and rhythmic anchor throughout the entire track, providing a pulsating foundation.",templates/electronic-pop-dance-pop_0004.txt
"Electronic, Synth & Ambient Pop",electronic-pop-deep-house_0001,Electronic Pop / Deep House,club-edm-house-trance,107 BPM; C minor,"The track opens with an ethereal and mysterious atmosphere, establishing a sense of depth and calm.",Singer A (Male).,"A warm, detuned synthesizer pad serves as the harmonic backbone, present from the Intro to the Outro, providing a continuous atmospheric bed.",templates/electronic-pop-deep-house_0001.txt
"Electronic, Synth & Ambient Pop",electronic-pop-dream-pop_0001,Electronic Pop / Dream Pop,—,102 BPM; A major,"The piece opens with a floating, ethereal atmosphere that establishes a sense of vastness and introspection.","A single female vocalist delivers the performance with a soft, breathy, and translucent timbre.","A warm, evolving synthesizer pad serves as the harmonic bedrock, present from the very first second to the last, providing a continuous wash of sound.",templates/electronic-pop-dream-pop_0001.txt
"Electronic, Synth & Ambient Pop",electronic-pop-dream-pop_0002,Electronic Pop / Dream Pop,—,111 BPM; Ab major,"The piece opens with a suspended, ethereal atmosphere that establishes a sense of longing and fragility.","A single female vocalist delivers the performance with a soft, breathy, and airy timbre.","A warm, evolving synthesizer pad serves as the harmonic backbone, present from the very first second to the last.",templates/electronic-pop-dream-pop_0002.txt
"Electronic, Synth & Ambient Pop",electronic-pop-dream-pop_0003,Electronic Pop / Dream Pop,—,95 BPM; F# major,"The piece opens with an ethereal and spacious atmosphere, establishing a sense of solitary introspection.","A single female vocalist delivers the performance with a soft, breathy, and intimate timbre that conveys vulnerability and warmth.","A deep, sustained synth bass and a warm, plucked synthesizer motif serve as the core harmonic and melodic anchors, present from the intro through to the outro.",templates/electronic-pop-dream-pop_0003.txt
"Electronic, Synth & Ambient Pop",electronic-pop-future-bass_0001,Electronic Pop / Future Bass,general-pop-ballad,109 BPM; F minor,"The piece opens with an atmospheric and slightly melancholic tone, establishing a sense of longing.",Singer A (Female).,"A bright, detuned saw-wave synthesizer serves as the core melodic instrument, carrying the main hook throughout the choruses and drops.",templates/electronic-pop-future-bass_0001.txt
"Electronic, Synth & Ambient Pop",electronic-pop-future-bass_0002,Electronic Pop / Future Bass,general-pop-ballad,150 BPM; Bb minor,"The piece opens with an atmospheric and slightly melancholic tone, establishing a sense of vastness and introspection.",Singer A (Male).,"A bright, detuned supersaw synthesizer serves as the primary melodic driver during the choruses and drops, delivering the main hook with a rich, shimmering texture.",templates/electronic-pop-future-bass_0002.txt
"Electronic, Synth & Ambient Pop",electronic-pop-future-bass_0003,Electronic Pop / Future Bass,general-pop-ballad,76 BPM; C# major,"The piece opens with a sparse, melancholic atmosphere that feels intimate and reflective.","A single male vocalist delivers the performance with a smooth, breathy tenor timbre that conveys vulnerability and warmth.","A warm, resonant piano serves as the core harmonic instrument, present from the intro through the outro, providing the main chordal structure.",templates/electronic-pop-future-bass_0003.txt
"Electronic, Synth & Ambient Pop",electronic-pop-future-bass-with-trap-influences_0001,Electronic Pop / Future Bass with Trap influences,hip-hop-rap,150 BPM; Ab major,"The piece opens with a vulnerable, atmospheric melancholy that gradually builds tension through the pre-chorus.",Singer A (Male).,"A warm, evolving synthesizer pad serves as the harmonic bedrock from the Intro through the verses, providing a continuous atmospheric layer.",templates/electronic-pop-future-bass-with-trap-influences_0001.txt
"Electronic, Synth & Ambient Pop",electronic-pop-melodic-dubstep_0001,Electronic Pop / Melodic Dubstep,club-edm-house-trance,143 BPM; C major,"The piece opens with a vulnerable and atmospheric tone, establishing a sense of longing through sparse instrumentation.",Singer A (Female).,"A bright, arpeggiated synthesizer serves as the core melodic driver in the verses, transitioning into a massive, saw-wave lead synth that carries the main hook during the drops.",templates/electronic-pop-melodic-dubstep_0001.txt
"Electronic, Synth & Ambient Pop",electronic-pop-novelty-dance_0001,Electronic Pop / Novelty Dance,club-edm-house-trance,125 BPM; G major,"The track establishes a quirky, rhythmic narrative tone in the verses, characterized by a steady, driving momentum.",Singer A (Male) and Singer B (Female).,"A deep, pulsating synth bass serves as the harmonic and rhythmic anchor, present from the Intro to the Outro, driving the groove with a repetitive, catchy pattern.",templates/electronic-pop-novelty-dance_0001.txt
"Electronic, Synth & Ambient Pop",electronic-pop-synth-pop_0001,Electronic Pop / Synth-Pop,—,102 BPM; Bb minor,"The piece opens with an ethereal and mysterious atmosphere, establishing a sense of introspection through sparse instrumentation.",Singer A (Female).,"A lush, evolving synthesizer pad serves as the harmonic backbone from the Intro to the Outro, providing a continuous atmospheric bed.",templates/electronic-pop-synth-pop_0001.txt
"Electronic, Synth & Ambient Pop",electronic-pop-synthwave_0001,Electronic Pop / Synthwave,—,98 BPM; F# minor,"The piece opens with a spacious, ethereal atmosphere that establishes a sense of mystery and introspection.","A single male vocalist delivers the performance with a smooth, clear tenor timbre that carries a slightly breathy and emotive quality.","Lush, evolving synth pads serve as the harmonic backbone, present from the very beginning and sustaining through to the end, providing a continuous atmospheric bed.",templates/electronic-pop-synthwave_0001.txt
"Electronic, Synth & Ambient Pop",electronic-pop-tropical-house_0001,Electronic Pop / Tropical House,club-edm-house-trance,109 BPM; Bb major,"The track opens with a wistful and atmospheric tone, establishing a sense of longing through sparse instrumentation.",Singer A (Male).,"A bright, plucked synthesizer serves as the primary melodic hook, present from the intro and recurring throughout the track to anchor the identity of the song.",templates/electronic-pop-tropical-house_0001.txt
"Electronic, Synth & Ambient Pop",electropop-dance-pop_0001,Electropop / Dance-Pop,dance-pop-disco-funk,103 BPM; E major,"The track opens with a rhythmic, chant-like anticipation that quickly establishes an energetic foundation.",Singer A (Female).,"A bright, saw-wave synthesizer lead carries the main melodic hook, present from the first chorus and recurring as the central motif throughout the track.",templates/electropop-dance-pop_0001.txt
"Electronic, Synth & Ambient Pop",electropop-dark-pop-with-trap-influences_0001,Electropop / Dark Pop with Trap influences,hip-hop-rap,92 BPM; E minor,"The track opens with a mysterious and slightly chaotic atmosphere, establishing a sense of contained energy.",Singer A (Female).,"A deep, distorted 808-style sub-bass synth serves as the harmonic and rhythmic anchor, present from the first verse through to the end, driving the song's momentum.",templates/electropop-dark-pop-with-trap-influences_0001.txt
"Electronic, Synth & Ambient Pop",electropop-indie-pop_0001,Electropop / Indie Pop,general-pop-ballad,128 BPM; Bb major,"The track opens with a sense of vulnerability and isolation, establishing a tense, atmospheric mood.",Singer A (Male).,"A bright, arpeggiated synthesizer pattern serves as the core melodic hook, present from the Intro through the Outro, providing continuous rhythmic and harmonic momentum.",templates/electropop-indie-pop_0001.txt
"Electronic, Synth & Ambient Pop",new-age-ambient-folk_0001,New Age / Ambient Folk,roots-traditional-global,67 BPM; Eb minor,"The piece opens with a serene and meditative atmosphere, establishing a sense of vast stillness.",Singer A (Female).,"A finger-picked acoustic guitar provides the core harmonic rhythm and melodic motif, present from the very beginning and continuing through to the end, serving as the song's structural anchor.",templates/new-age-ambient-folk_0001.txt
"Electronic, Synth & Ambient Pop",new-age-chinese-traditional-fusion_0001,New Age / Chinese Traditional Fusion,roots-traditional-global,83 BPM; A minor,"The piece opens with a serene and meditative atmosphere, establishing a sense of vast stillness.",Singer A (Female).,"A solo bamboo flute (Dizi) carries the main melodic motif, present from the Intro and weaving around the vocal lines throughout the track, serving as the primary counter-melody.",templates/new-age-chinese-traditional-fusion_0001.txt
"Electronic, Synth & Ambient Pop",new-age-world-music-fusion_0001,New Age / World Music Fusion,general-pop-ballad,71 BPM; E minor,"The piece opens with a serene, meditative stillness, establishing a contemplative mood through sparse instrumentation and ethereal vocals.",Singer A (Female).,"A synthesized pad with a soft, string-like timbre provides the continuous harmonic bed from the Intro to the Outro, anchoring the tonal center.",templates/new-age-world-music-fusion_0001.txt
"Electronic, Synth & Ambient Pop",synth-pop-dance-pop_0001,Synth-Pop / Dance-Pop,dance-pop-disco-funk,120 BPM; C major,The track opens with an ethereal and anticipatory atmosphere that quickly establishes a sense of wonder.,Singer A (Female).,"A bright, arpeggiated synthesizer sequence serves as the primary melodic hook, present from the Intro and continuing through most of the track, providing the main harmonic drive.",templates/synth-pop-dance-pop_0001.txt
"Electronic, Synth & Ambient Pop",synth-pop-dance-pop_0002,Synth-Pop / Dance-Pop,dance-pop-disco-funk,115 BPM; G major,"The track opens with an atmospheric and slightly tense mood, suggesting a state of suspension or coldness.",Singer A (Female).,"A bright, arpeggiated synthesizer serves as the primary melodic hook, present from the Intro and driving the harmonic rhythm throughout the entire track.",templates/synth-pop-dance-pop_0002.txt
"Electronic, Synth & Ambient Pop",synth-pop-darkwave_0001,Synth-pop / Darkwave,general-pop-ballad,122 BPM; A minor,"The piece opens with a somber, atmospheric tension that gradually builds into a driving, melancholic energy during the main sections.",Singer A (Male).,"A pulsating, arpeggiated synthesizer bassline drives the harmonic rhythm from the very beginning, serving as the song's backbone.",templates/synth-pop-darkwave_0001.txt
"Electronic, Synth & Ambient Pop",synth-pop-electronic-rock_0001,Synth-pop / Electronic Rock,pop-alternative-rock,140 BPM; D minor,"The piece opens with a somber, atmospheric introspection that gradually accumulates rhythmic momentum.","A single male vocalist delivers the performance with a clear, emotive tenor timbre.","A lush, evolving synthesizer pad serves as the harmonic backbone from the very beginning, establishing the tonal atmosphere.",templates/synth-pop-electronic-rock_0001.txt
"Electronic, Synth & Ambient Pop",synth-pop-euro-dance_0001,Synth-Pop / Euro-Dance,club-edm-house-trance,125 BPM; D minor,"The piece opens with a wistful and atmospheric tone, establishing a sense of isolation that persists through the initial verses.","A single female vocalist delivers the performance with a clear, resonant, and slightly airy timbre.","A bright, arpeggiated synthesizer serves as the core melodic hook, present from the very first second and continuing through the entire track.",templates/synth-pop-euro-dance_0001.txt
"Electronic, Synth & Ambient Pop",synth-pop-euro-disco_0001,Synth-Pop / Euro-Disco,dance-pop-disco-funk,128 BPM; G minor,"The track opens with a dramatic, cinematic flourish that immediately establishes a high-energy, danceable atmosphere.",Singer A (Male).,"A bright, arpeggiated lead synthesizer carries the main melodic hook throughout the track, present from the intro to the outro.",templates/synth-pop-euro-disco_0001.txt
"Electronic, Synth & Ambient Pop",synth-pop-euro-disco-revival_0001,Synth-Pop / Euro-Disco Revival,dance-pop-disco-funk,128 BPM; B minor,"The track opens with a sense of isolated melancholy and atmospheric tension, which gradually builds through the verses.","A female lead vocalist delivers the performance with a clear, resonant, and slightly breathy mezzo-soprano timbre.","A bright, arpeggiated synthesizer sequence serves as the melodic backbone, present throughout the entire track to establish the rhythmic and harmonic motif.",templates/synth-pop-euro-disco-revival_0001.txt
"Electronic, Synth & Ambient Pop",synth-pop-euro-disco-revival_0002,Synth-Pop / Euro-Disco Revival,dance-pop-disco-funk,125 BPM; E minor,"The track opens with a nostalgic, slightly melancholic atmosphere established by the synthesizer lead, which persists through the verses with a sense of longing.",Singer A (Female).,"A bright, arpeggiated synthesizer lead carries the main melodic hook from the Intro through the Outro, serving as the song's signature motif.",templates/synth-pop-euro-disco-revival_0002.txt
"Electronic, Synth & Ambient Pop",synth-pop-indie-electronic_0001,Synth-Pop / Indie Electronic,—,103 BPM; F# major,"The track opens with an atmospheric and slightly mysterious tone, establishing a sense of distance that gradually closes in.",Singer A (Female).,"A bright, arpeggiated synthesizer sequence serves as the melodic hook and harmonic backbone, present from the very beginning and continuing through the entire track, evolving in complexity during the choruses.",templates/synth-pop-indie-electronic_0001.txt
"Electronic, Synth & Ambient Pop",synth-pop-italo-disco-revival_0001,Synth-pop / Italo Disco Revival,dance-pop-disco-funk,125 BPM; A minor,"The track opens with an atmospheric, spacious anticipation that quickly locks into a driving, optimistic groove.",Singer A (Male).,"A bright, arpeggiated lead synthesizer serves as the main melodic hook, present from the intro and recurring throughout the track to define the song's identity.",templates/synth-pop-italo-disco-revival_0001.txt
"Electronic, Synth & Ambient Pop",synth-pop-mandopop_0001,Synth-Pop / Mandopop,east-asian-ballad-heritage,120 BPM; F# major,"The track opens with a dreamy, nocturnal atmosphere that feels intimate and mysterious.",Singer A (Female).,"A bright, arpeggiated synthesizer sequence serves as the core melodic hook, present from the Intro through to the Outro, providing continuous rhythmic and harmonic motion.",templates/synth-pop-mandopop_0001.txt
"Electronic, Synth & Ambient Pop",synth-pop-mandopop_0002,Synth-Pop / Mandopop,east-asian-ballad-heritage,128 BPM; E minor,"The track opens with a nostalgic and dreamy atmosphere, establishing a sense of longing.",Singer A (Female).,"A bright, arpeggiated synthesizer serves as the main melodic hook, present from the Intro and weaving through the entire track.",templates/synth-pop-mandopop_0002.txt
"Electronic, Synth & Ambient Pop",synth-pop-mandopop-with-strong-80s-retrowave-influences_0001,Synth-Pop / Mandopop with strong 80s Retrowave influences,east-asian-ballad-heritage,125 BPM; A minor,"The track opens with a nostalgic and slightly melancholic atmosphere established by arpeggiated synths, creating a sense of longing.",Singer A (Male).,"A bright, bell-like lead synthesizer carrying the main melodic hook is present from the Intro and recurs as the central motif throughout the track.",templates/synth-pop-mandopop-with-strong-80s-retrowave-influences_0001.txt
"Electronic, Synth & Ambient Pop",synth-pop-mandopop-with-strong-retrowave-influences_0001,Synth-Pop / Mandopop with strong Retrowave influences,east-asian-ballad-heritage,122 BPM; A minor,"The track opens with a nostalgic and slightly melancholic atmosphere, establishing a sense of longing through spacious instrumentation.",Singer A (Male).,"A bright, arpeggiated synthesizer sequence serves as the melodic hook and harmonic backbone, present from the very beginning and persisting through most of the track, occasionally dropping out or filtering down during…",templates/synth-pop-mandopop-with-strong-retrowave-influences_0001.txt
"Electronic, Synth & Ambient Pop",synth-pop-retrowave_0001,Synth-pop / Retrowave,general-pop-ballad,118 BPM; D minor,The track opens with a nostalgic and atmospheric introduction that establishes a sense of wonder.,Singer A (Male).,"A bright, arpeggiated lead synthesizer carries the main melodic motif from the Intro through the Outro, serving as the song's signature hook.",templates/synth-pop-retrowave_0001.txt
"Electronic, Synth & Ambient Pop",synthwave-retrowave_0001,Synthwave / Retrowave,general-pop-ballad,128 BPM; C major,"The piece opens with a nostalgic and slightly melancholic atmosphere, establishing a sense of solitary introspection.",Singer A (Male).,"A bright, arpeggiated lead synthesizer carries the main melodic motif, present from the Intro and weaving through the entire track, serving as the primary hook.",templates/synthwave-retrowave_0001.txt
General Pop & Ballad,ballad-cinematic-pop_0001,Ballad / Cinematic Pop,cinematic-pop-ballad,77 BPM; G minor,"The piece opens with a fragile, solitary atmosphere that gradually deepens into a poignant sense of longing as the arrangement thickens.",Singer A (Female).,"A grand piano serves as the harmonic backbone throughout the entire track, playing arpeggiated figures and block chords that establish the melancholic mood from the intro to the outro.",templates/ballad-cinematic-pop_0001.txt
General Pop & Ballad,children-s-music-folk-pop_0001,Children's Music / Folk-Pop,roots-traditional-global,194 BPM; C major,"The track establishes an immediate sense of playful innocence and communal joy, maintaining a consistently bright and uplifting tone throughout.","The track features a mixed ensemble including Singer A (Male), Singer B (Female), and a Children's Choir.","A strummed acoustic guitar serves as the harmonic backbone, playing a steady, rhythmic chord progression from the Intro to the Outro.",templates/children-s-music-folk-pop_0001.txt
General Pop & Ballad,children-s-music-orchestral-pop_0001,Children's Music / Orchestral Pop,cinematic-orchestral-epic,105 BPM; C major,"The piece opens with a majestic, fanfare-like introduction that immediately establishes a sense of wonder and grandeur.","The track features a mixed ensemble comprising Singer A (Male Adult), Singer B (Female Adult), and a Children's Choir.","A full string section serves as the harmonic backbone, playing sweeping legato lines in the intro and choruses, while switching to rhythmic staccato patterns during the verses to drive momentum.",templates/children-s-music-orchestral-pop_0001.txt
General Pop & Ballad,children-s-music-upbeat-electronic-pop_0001,Children's Music / Upbeat Electronic Pop,electronic-synth-ambient-pop,120 BPM; C major,"The track establishes an immediate sense of high-energy joy and playfulness from the very first beat, maintaining a consistently bright and enthusiastic atmosphere throughout.",A mixed group of young female voices (Singer Group A).,"A bright, plucky synthesizer acting as a digital piano substitute carries the main melodic hook and harmonic progression.",templates/children-s-music-upbeat-electronic-pop_0001.txt
General Pop & Ballad,contemporary-ballad-ambient-pop_0001,Contemporary Ballad / Ambient Pop,electronic-synth-ambient-pop,154 BPM; Bb minor,"The piece opens with a fragile, introspective melancholy, establishing a sense of delicate stillness.",Singer A (Female).,"A grand piano serves as the sole harmonic and melodic foundation, playing a flowing, arpeggiated pattern that persists from the Intro through to the Outro.",templates/contemporary-ballad-ambient-pop_0001.txt
General Pop & Ballad,contemporary-ballad-cinematic-pop_0001,Contemporary Ballad / Cinematic Pop,cinematic-pop-ballad,71 BPM; F major,"The piece opens with a solitary, contemplative mood that gradually expands into a hopeful and uplifting atmosphere.","A single female vocalist delivers the performance with a clear, pure, and slightly breathy soprano timbre.","A grand piano serves as the harmonic and rhythmic backbone, present from the very first second to the end.",templates/contemporary-ballad-cinematic-pop_0001.txt
General Pop & Ballad,contemporary-ballad-musical-theatre-pop_0001,Contemporary Ballad / Musical Theatre Pop,traditional-vocal-stage,67 BPM; Bb major,"The piece opens with a fragile, dreamlike introspection that gradually accumulates emotional weight through the verses.",Singer A (Female) and Singer B (Male).,"A grand piano serves as the harmonic backbone throughout the entire track, beginning with a delicate, arpeggiated motif in the intro and evolving into broad, rhythmic chordal support during the choruses.",templates/contemporary-ballad-musical-theatre-pop_0001.txt
General Pop & Ballad,contemporary-ballad-orchestral-pop_0001,Contemporary Ballad / Orchestral Pop,cinematic-orchestral-epic,87 BPM; D major,"The piece opens with a solitary, introspective melancholy that gradually expands into a hopeful and cinematic swell.",Singer A (Male).,"A grand piano serves as the harmonic and melodic anchor, present from the very first second to the end.",templates/contemporary-ballad-orchestral-pop_0001.txt
General Pop & Ballad,contemporary-pop-cinematic-ballad_0001,Contemporary Pop / Cinematic Ballad,cinematic-pop-ballad,76 BPM; Bb major,"The piece opens with a fragile, introspective atmosphere that gradually accumulates tension through the verses.","A single female lead vocalist delivers the performance with a clear, resonant timbre that transitions from a soft, breathy intimacy in the verses to a powerful, ringing belt in the choruses.","A grand piano serves as the harmonic backbone, playing arpeggiated figures in the verses and shifting to broad, rhythmic chords in the choruses, remaining present from the intro to the outro.",templates/contemporary-pop-cinematic-ballad_0001.txt
General Pop & Ballad,contemporary-pop-electronic-randb_0001,Contemporary Pop / Electronic R&B,electronic-synth-ambient-pop,95 BPM; D major,"The track opens with a moody, atmospheric tension that feels restrained and introspective during the verses.",Singer A (Female).,"A clean, plucked electric guitar riff serves as the central melodic hook, present from the Intro through the Outro, providing a rhythmic and harmonic anchor.",templates/contemporary-pop-electronic-randb_0001.txt
General Pop & Ballad,contemporary-pop-randb_0001,Contemporary Pop / R&B,—,102 BPM; D major,"The track opens with an intimate, yearning atmosphere that gradually builds into an uplifting and anthemic declaration of devotion by the chorus.",Singer A (Male) and Singer B (Female).,"A rhythmic electric guitar with a clean, slightly funky tone provides the core harmonic groove from the intro through the outro, driving the song's momentum.",templates/contemporary-pop-randb_0001.txt
General Pop & Ballad,contemporary-pop-ballad-cinematic-soul_0001,Contemporary Pop Ballad / Cinematic Soul,soul-blues-gospel,69 BPM; Bb major,"The piece opens with a solitary, vulnerable atmosphere that gradually accumulates emotional weight through the verses.","A single male vocalist delivers the performance with a smooth, resonant tenor timbre.","A grand piano serves as the foundational harmonic instrument, playing arpeggiated figures in the verses and transitioning to strong, rhythmic block chords in the choruses.",templates/contemporary-pop-ballad-cinematic-soul_0001.txt
General Pop & Ballad,contemporary-pop-ballad-singer-songwriter_0001,Contemporary Pop Ballad / Singer-Songwriter,—,71 BPM; F major,"The piece opens with a fragile, introspective mood established by sparse instrumentation, gradually building a sense of yearning through the verses.","A single Male vocalist delivers the performance with a smooth, warm baritone-tenor timbre.","A grand piano serves as the harmonic and melodic anchor, present from the very first second to the end.",templates/contemporary-pop-ballad-singer-songwriter_0001.txt
General Pop & Ballad,indie-pop-alternative-rock_0001,Indie Pop / Alternative Rock,pop-alternative-rock,85 BPM; C major,"The piece opens with a somber, introspective mood characterized by sparse instrumentation and a restrained vocal delivery.",Singer A (Male).,A clean electric guitar playing arpeggiated chords serves as the primary harmonic driver from the Intro through the first verse.,templates/indie-pop-alternative-rock_0001.txt
General Pop & Ballad,indie-pop-atmospheric-electronic_0001,Indie Pop / Atmospheric Electronic,electronic-synth-ambient-pop,78 BPM; E minor,"The piece opens with a solitary, haunting atmosphere that establishes a mood of longing and isolation.",Singer A (Female).,"A melancholic electric piano serves as the core harmonic instrument, playing arpeggiated chords throughout the entire track.",templates/indie-pop-atmospheric-electronic_0001.txt
General Pop & Ballad,indie-pop-dream-pop_0001,Indie Pop / Dream Pop,electronic-synth-ambient-pop,162 BPM; Bb major,"The piece opens with a mysterious and fluid atmosphere, establishing a sense of longing through sparse instrumentation.",Singer A (Female).,A clean electric guitar playing arpeggiated figures with a chorus effect serves as the central melodic and harmonic driver from the Intro through the Outro.,templates/indie-pop-dream-pop_0001.txt
General Pop & Ballad,indie-pop-dream-pop_0002,Indie Pop / Dream Pop,electronic-synth-ambient-pop,72 BPM; Bb major,"The piece opens with a sparse, intimate melancholy that gradually swells into a grand, awe-struck declaration of love.","A solo female vocalist delivers the performance with a soft, breathy, and ethereal timbre.","A grand piano serves as the harmonic backbone, playing arpeggiated chords in the intro and verses, shifting to fuller block chords in the choruses.",templates/indie-pop-dream-pop_0002.txt
General Pop & Ballad,indie-pop-electronic-folk_0001,Indie Pop / Electronic Folk,roots-traditional-global,95 BPM; C major,"The piece opens with a vulnerable and intimate atmosphere, establishing a sense of quiet longing.",A single female vocalist leads the track.,"A clean, plucked electric guitar with a slight chorus effect provides the core harmonic rhythm throughout the verses and choruses, anchoring the song's folk-pop identity.",templates/indie-pop-electronic-folk_0001.txt
General Pop & Ballad,indie-pop-folk-pop_0001,Indie Pop / Folk-Pop,roots-traditional-global,94 BPM; Bb major,"The piece opens with a fragile, intimate atmosphere that gradually builds into a soaring, anthemic plea during the choruses.","A single male vocalist delivers the performance with a clear, smooth tenor timbre that carries a distinct breathy quality, enhancing the song's sense of vulnerability.","An acoustic guitar serves as the harmonic backbone throughout the entire track, utilizing a rhythmic strumming pattern that evolves from sparse picking in the intro to full, driving strums in the choruses.",templates/indie-pop-folk-pop_0001.txt
General Pop & Ballad,indie-pop-retro-surf-rock_0001,Indie Pop / Retro Surf Rock,pop-alternative-rock,146 BPM; G major,"The track opens with an immediate sense of buoyant curiosity and optimism, maintaining a consistently high-energy and cheerful demeanor throughout the verses and choruses.",Singer A (Male).,"A clean, twangy electric guitar plays rhythmic, arpeggiated chords that serve as the harmonic backbone from the very beginning to the end.",templates/indie-pop-retro-surf-rock_0001.txt
General Pop & Ballad,indie-pop-soft-jazz-ballad_0001,Indie Pop / Soft Jazz Ballad,jazz-swing-big-band,82 BPM; Bb major,"The piece opens with a hushed, introspective atmosphere that feels solitary and floating.",Singer A (Female).,"A clean electric guitar plays arpeggiated chords and melodic fills, serving as the harmonic backbone from the intro through to the outro.",templates/indie-pop-soft-jazz-ballad_0001.txt
General Pop & Ballad,pop-disco-funk-revival_0001,Pop / Disco-Funk Revival,dance-pop-disco-funk,118 BPM; C major,"The track opens with a dramatic, atmospheric tension that quickly resolves into an infectious, high-energy groove.",Singer A (Female).,"A funky, melodic electric bass line serves as the harmonic and rhythmic anchor, present from the very first bar through to the outro, driving the song's momentum with syncopated patterns.",templates/pop-disco-funk-revival_0001.txt
General Pop & Ballad,pop-doo-wop-revival_0001,Pop / Doo-wop Revival,traditional-vocal-stage,128 BPM; D major,The track opens with a playful and rhythmic energy that immediately establishes a lighthearted mood.,Singer A (Male).,"A bright, percussive piano serves as the harmonic backbone throughout the entire track, driving the chord progressions with a rhythmic, staccato feel.",templates/pop-doo-wop-revival_0001.txt
General Pop & Ballad,pop-electronic-soul_0001,Pop / Electronic Soul,soul-blues-gospel,118 BPM; D minor,"The piece opens with a spacious and contemplative atmosphere, establishing a sense of vastness.",Singer A (Male).,"A bright, resonant piano serves as the core harmonic instrument, present from the Intro through the Outro, providing the main chordal foundation and melodic motifs.",templates/pop-electronic-soul_0001.txt
General Pop & Ballad,pop-funk-pop-with-soul-influences_0001,Pop / Funk-Pop with Soul influences,soul-blues-gospel,102 BPM; E minor,"The track opens with an inviting, rhythmic groove that establishes a sense of anticipation and organic movement.",Singer A (Male).,"A funky, syncopated electric bass line serves as the harmonic and rhythmic backbone, present from the Intro to the Outro, driving the groove with a round, punchy tone.",templates/pop-funk-pop-with-soul-influences_0001.txt
General Pop & Ballad,pop-soul-gospel-pop_0001,Pop / Soul / Gospel-Pop,soul-blues-gospel,107 BPM; Bb minor,"The track opens with a soulful, intimate atmosphere that gradually builds anticipation through the verses.",Singer A (Female).,"A warm electric piano serves as the harmonic backbone throughout the track, playing syncopated chords that drive the groove.",templates/pop-soul-gospel-pop_0001.txt
General Pop & Ballad,pop-ballad-adult-contemporary_0001,Pop Ballad / Adult Contemporary,traditional-vocal-stage,66 BPM; Eb major,"The piece opens with a tender, intimate atmosphere that gradually builds in emotional weight through the verses.",Singer A (Male) and Singer B (Female).,"A bright, resonant piano serves as the harmonic backbone throughout the entire track, playing arpeggiated figures in the verses and block chords in the choruses.",templates/pop-ballad-adult-contemporary_0001.txt
General Pop & Ballad,pop-ballad-cinematic-pop_0001,Pop Ballad / Cinematic Pop,cinematic-pop-ballad,75 BPM; F major,"The piece opens with a fragile, introspective mood that gradually accumulates emotional weight through the verses.","A single female vocalist delivers the performance with a clear, resonant, and emotive timbre.","A grand piano serves as the harmonic backbone, playing arpeggiated figures in the verses and shifting to broad, sustained chords in the choruses.",templates/pop-ballad-cinematic-pop_0001.txt
General Pop & Ballad,pop-ballad-contemporary-soul_0001,Pop Ballad / Contemporary Soul,soul-blues-gospel,73 BPM; Eb major,"The piece opens with a solitary, introspective mood that gradually accumulates tension through the verses.","A single female lead vocalist delivers the performance with a rich, soulful timbre that ranges from a warm, breathy lower register to a powerful, ringing belt in the upper register.","A grand piano serves as the harmonic backbone, playing arpeggiated chords in the intro and verses, transitioning to fuller, block chord voicings in the choruses to drive the emotional weight.",templates/pop-ballad-contemporary-soul_0001.txt
Hip-Hop & Rap,alternative-hip-hop-cinematic-pop_0001,Alternative Hip-Hop / Cinematic Pop,cinematic-pop-ballad,88 BPM; F major,"The piece opens with a somber, reflective atmosphere marked by sparse instrumentation and a narrative vocal delivery.",Singer A (Male) and Singer B (Male).,"A melancholic piano motif serves as the harmonic backbone throughout the entire track, evolving from simple single notes in the intro to full, resonant chords in the choruses.",templates/alternative-hip-hop-cinematic-pop_0001.txt
Hip-Hop & Rap,alternative-hip-hop-dark-trap_0001,Alternative Hip-Hop / Dark Trap,—,167 BPM; D minor,"The track establishes an ominous and unsettling atmosphere from the outset, maintaining a consistent sense of dread through the verses.",Singer A (Male).,"A heavily distorted, growling 808-style sub-bass synth serves as the harmonic and rhythmic anchor, present from the Intro through to the Outro.",templates/alternative-hip-hop-dark-trap_0001.txt
Hip-Hop & Rap,alternative-hip-hop-emo-rap_0001,Alternative Hip-Hop / Emo Rap,—,158 BPM; E major,"The piece opens with a somber, introspective mood established by sparse instrumentation, which gradually builds into a heavier, more turbulent emotional state during the choruses where the rhythmic intensity increases.","A single male vocalist delivers the performance with a smooth, slightly raspy baritone timbre that conveys vulnerability and weariness.","A clean, finger-picked acoustic guitar serves as the central harmonic and melodic anchor, playing a repetitive, melancholic arpeggio pattern that persists from the intro through to the outro.",templates/alternative-hip-hop-emo-rap_0001.txt
Hip-Hop & Rap,alternative-hip-hop-experimental-electronic_0001,Alternative Hip-Hop / Experimental Electronic,electronic-synth-ambient-pop,87 BPM; C minor,"The track opens with a mysterious and slightly ominous narrative tone, establishing a sense of foreboding.",Singer A (Female).,"A deep, distorted synth bass serves as the harmonic and rhythmic anchor throughout the track, providing a gritty, driving foundation that intensifies during the chorus.",templates/alternative-hip-hop-experimental-electronic_0001.txt
Hip-Hop & Rap,alternative-hip-hop-indie-pop_0001,Alternative Hip-Hop / Indie Pop,general-pop-ballad,98 BPM; F major,"The track opens with a contemplative and slightly melancholic atmosphere, establishing a sense of introspection.",Singer A (Male).,"A warm, acoustic piano serves as the harmonic backbone, playing arpeggiated chords in the intro and verses, evolving into fuller block chords during the choruses to drive the emotional weight.",templates/alternative-hip-hop-indie-pop_0001.txt
Hip-Hop & Rap,alternative-hip-hop-theatrical-rap_0001,Alternative Hip-Hop / Theatrical Rap,—,86 BPM; Eb minor,"The track establishes a sinister, narrative-driven atmosphere immediately, maintaining a tense and storytelling mood through the verses.",Singer A (Male).,"A synthesized bass line with a plucky, percussive attack serves as the harmonic and rhythmic anchor, present throughout the entire track.",templates/alternative-hip-hop-theatrical-rap_0001.txt
Hip-Hop & Rap,cinematic-hip-hop-orchestral-pop_0001,Cinematic Hip-Hop / Orchestral Pop,cinematic-orchestral-epic,80 BPM; A minor,"The piece opens with an atmospheric and slightly ominous tension, establishing a sense of impending force.",Singer A (Female) and Singer B (Male).,"A grand piano playing minor-key chord progressions serves as the harmonic backbone throughout the track, providing a melancholic yet sturdy foundation from the Intro to the Outro.",templates/cinematic-hip-hop-orchestral-pop_0001.txt
Hip-Hop & Rap,conscious-hip-hop-abstract-hip-hop_0001,Conscious Hip-Hop / Abstract Hip-Hop,—,86 BPM; Eb major,"The track establishes a mystical and contemplative atmosphere from the outset, maintaining a steady, narrative-driven tension throughout the verses.",Singer A (Male).,"A melancholic, sampled string melody (likely synthesized or keyboard-based) serves as the central harmonic and melodic hook, looping continuously from the Intro through to the Outro.",templates/conscious-hip-hop-abstract-hip-hop_0001.txt
Hip-Hop & Rap,conscious-hip-hop-neo-soul_0001,Conscious Hip-Hop / Neo-Soul,modern-rnb-neo-soul,83 BPM; D minor,"The piece opens with a contemplative and spacious atmosphere, establishing a narrative tone that feels both personal and expansive.","A single male vocalist delivers the performance with a rich, resonant baritone timbre.","A deep, sub-bass synth line anchors the track from start to finish, providing a continuous harmonic foundation that drives the groove.",templates/conscious-hip-hop-neo-soul_0001.txt
Hip-Hop & Rap,contemporary-hip-hop-melodic-trap_0001,Contemporary Hip-Hop / Melodic Trap,—,115 BPM; Ab minor,"The track establishes a brooding, introspective mood from the outset, maintaining a consistent level of atmospheric tension throughout.",Singer A (Male).,"A melancholic, plucked synthesizer melody serves as the central harmonic motif, present from the Intro through to the Outro, providing the track's main melodic identity.",templates/contemporary-hip-hop-melodic-trap_0001.txt
Hip-Hop & Rap,emo-rap-melodic-trap_0001,Emo Rap / Melodic Trap,—,82 BPM; E major,"The piece opens with a somber, reflective atmosphere established by a solitary melodic motif, which persists through the verses to convey a sense of isolation and introspection.",Singer A (Male).,"A clean, arpeggiated electric guitar serves as the primary harmonic and melodic anchor, playing a repetitive, melancholic pattern that remains present from the Intro through to the Outro.",templates/emo-rap-melodic-trap_0001.txt
Hip-Hop & Rap,hip-hop-boom-bap_0002,Hip Hop / Boom Bap,general-pop-ballad,92 BPM; G minor,"The track establishes an immediate sense of seismic power and grounded confidence, maintaining a high-energy, assertive tone throughout the verses.",Singer A (Male).,"A deep, synthesized bassline provides the harmonic and rhythmic anchor, playing a repetitive, groovy pattern that persists from the Intro through to the Outro, mimicking the constant pressure of tectonic plates.",templates/hip-hop-boom-bap_0002.txt
Hip-Hop & Rap,hip-hop-cinematic-rap_0001,Hip Hop / Cinematic Rap,—,88 BPM; D minor,The track opens with a foreboding and atmospheric introduction that sets a tone of ancient anticipation.,Singer A (Male).,"A melancholic piano motif serves as the central melodic hook, present from the Intro and recurring throughout the track to provide harmonic continuity.",templates/hip-hop-cinematic-rap_0001.txt
Hip-Hop & Rap,hip-hop-conscious-rap-with-electronic-and-cinematic-influences_0001,Hip Hop / Conscious Rap with Electronic and Cinematic influences,—,91 BPM; C minor,"The track opens with a mysterious, atmospheric tension that sets a cosmic stage, quickly grounding into a confident and rhythmic drive during the verses.",Singer A (Male).,"A deep, resonant synth bass serves as the harmonic and rhythmic anchor throughout the entire track, providing a solid foundation for the rap flow.",templates/hip-hop-conscious-rap-with-electronic-and-cinematic-influences_0001.txt
Hip-Hop & Rap,hip-hop-g-funk_0001,Hip Hop / G-Funk,dance-pop-disco-funk,95 BPM; Eb minor,"The track establishes a confident, swaggering atmosphere immediately with a laid-back groove that persists throughout.",Singer A (Male) and Singer B (Male).,"A deep, sliding synthesizer bass line serves as the harmonic and rhythmic anchor, present from the Intro to the Outro, providing the signature G-Funk groove.",templates/hip-hop-g-funk_0001.txt
Hip-Hop & Rap,hip-hop-trap-with-folk-influenced-melodic-elements_0001,Hip Hop / Trap with Folk-Influenced Melodic Elements,—,87 BPM; Bb minor,"The track establishes a brooding, primal atmosphere in the introduction, which evolves into a confident and assertive narrative drive during the verses.",Singer A (Male).,"A deep, sub-bass synth line serves as the harmonic anchor, present from the intro through the outro, driving the track's momentum.",templates/hip-hop-trap-with-folk-influenced-melodic-elements_0001.txt
Hip-Hop & Rap,hip-hop-boom-bap_0001,Hip-Hop / Boom Bap,general-pop-ballad,91 BPM; F# minor,"The track establishes a confident, assertive, and gritty atmosphere from the outset, maintaining a steady head-nodding momentum throughout the verses.",Singer A (Male).,"A sampled, looped melodic phrase played on a keyboard instrument (likely a piano or electric piano sample) serves as the core harmonic foundation, present continuously from the Intro to the Outro.",templates/hip-hop-boom-bap_0001.txt
Hip-Hop & Rap,hip-hop-boom-bap_0003,Hip-Hop / Boom Bap,general-pop-ballad,91 BPM; F# minor,"The track establishes a confident and gritty atmosphere immediately, maintaining a steady, driving intensity throughout the verses.",Singer A (Male).,"A sampled piano loop with a warm, slightly detuned character serves as the core harmonic foundation, present from the Intro through to the Outro, providing the track's melodic identity.",templates/hip-hop-boom-bap_0003.txt
Hip-Hop & Rap,hip-hop-boom-bap_0004,Hip-Hop / Boom Bap,general-pop-ballad,90 BPM; E minor,"The track establishes a dark, brooding, and narrative-driven atmosphere from the outset, maintaining a consistent tension through the verses that mirrors a descent into depth.",Singer A (Male).,"A classic boom-bap drum loop, featuring a punchy kick and a sharp snare, serves as the rhythmic backbone from the Intro to the Outro.",templates/hip-hop-boom-bap_0004.txt
Hip-Hop & Rap,hip-hop-boom-bap-with-dark-ambient-influences_0001,Hip-Hop / Boom Bap with Dark Ambient influences,electronic-synth-ambient-pop,91 BPM; Bb minor,"The track opens with an ethereal, mysterious vocalization that immediately establishes a shadowy, ritualistic atmosphere.",Singer A (Male).,"A sampled, looped keyboard melody with a slightly detuned, vintage organ or electric piano timbre serves as the harmonic backbone, present from the first beat drop through to the outro.",templates/hip-hop-boom-bap-with-dark-ambient-influences_0001.txt
Hip-Hop & Rap,hip-hop-boom-bap-with-jazz-influences_0001,Hip-Hop / Boom Bap with Jazz influences,jazz-swing-big-band,90 BPM; G minor,"The track establishes a confident, gritty, and assertive tone from the outset, maintaining a steady, head-nodding momentum through the verses.",Singer A (Male).,"A sampled jazz piano loop with a warm, slightly detuned character serves as the harmonic backbone, present throughout the entire track from Intro to Outro.",templates/hip-hop-boom-bap-with-jazz-influences_0001.txt
Hip-Hop & Rap,hip-hop-cinematic-rap_0002,Hip-Hop / Cinematic Rap,—,88 BPM; A minor,"The track opens with a brooding, tectonic tension that suggests an impending eruption.",Singer A (Male).,"A deep, distorted sub-bass synth serves as the harmonic and rhythmic anchor, present throughout the entire track to provide weight and drive.",templates/hip-hop-cinematic-rap_0002.txt
Hip-Hop & Rap,hip-hop-conscious-rap-with-cinematic-influences_0001,Hip-Hop / Conscious Rap with Cinematic influences,—,87 BPM; F# minor,"The track establishes a brooding, predatory atmosphere from the outset, maintaining a tense and focused mood throughout the verses where the narrative builds.",Singer A (Male) and Singer B (Female).,"A deep, sustained sub-bass synth serves as the harmonic anchor throughout the entire track, providing a constant low-frequency pulse.",templates/hip-hop-conscious-rap-with-cinematic-influences_0001.txt
Hip-Hop & Rap,hip-hop-conscious-rap-with-soul-and-cinematic-influences_0001,Hip-Hop / Conscious Rap with Soul and Cinematic influences,soul-blues-gospel,91 BPM; B minor,"The track opens with an ethereal, mysterious atmosphere that quickly grounds itself into a gritty, ominous narrative as the beat drops.",Singer A (Male) and Singer B (Female).,"A melancholic piano loop with a slightly detuned, vintage character serves as the core harmonic foundation, present from the Intro through to the Outro.",templates/hip-hop-conscious-rap-with-soul-and-cinematic-influences_0001.txt
Hip-Hop & Rap,hip-hop-conscious-rap-with-soul-and-orchestral-influences_0001,Hip-Hop / Conscious Rap with Soul and Orchestral influences,soul-blues-gospel,92 BPM; C# minor,"The track opens with a mystical and anticipatory atmosphere, quickly shifting into an assertive and confrontational tone during the verses.",Singer A (Female) and Singer B (Male).,"A driving hip-hop drum loop, featuring a punchy kick and a sharp snare, serves as the rhythmic backbone throughout the entire track.",templates/hip-hop-conscious-rap-with-soul-and-orchestral-influences_0001.txt
Hip-Hop & Rap,hip-hop-electronic-pop-c-pop_0001,Hip-Hop / Electronic Pop / C-Pop,"electronic-synth-ambient-pop, east-asian-ballad-heritage",98 BPM; Eb minor,"The track opens with a tense, strategic atmosphere that quickly escalates into an assertive and high-energy declaration of dominance.",Singer A (Male) and Singer B (Female).,"A distorted, saw-wave synthesizer lead carries the main melodic hook throughout the choruses, while a punchy, electronic drum kit drives the rhythm from start to finish.",templates/hip-hop-electronic-pop-c-pop_0001.txt
Hip-Hop & Rap,hip-hop-melodic-rap_0001,Hip-Hop / Melodic Rap,—,85 BPM; Ab minor,"The track opens with a somber and reflective mood, establishing a narrative of struggle and introspection during the verses.",Singer A (Male).,"A melancholic piano melody serves as the core harmonic foundation, present from the Intro through the Outro, providing a continuous emotional thread.",templates/hip-hop-melodic-rap_0001.txt
Hip-Hop & Rap,hip-hop-melodic-trap_0001,Hip-Hop / Melodic Trap,—,154 BPM; Eb minor,"The track opens with a grounded, introspective atmosphere that quickly establishes a confident and assertive tone.","A single male vocalist delivers the performance with a smooth, resonant baritone timbre that carries a slight rasp, adding texture and grit to the melodic lines.","A melancholic, bell-like synthesizer melody serves as the central harmonic motif, present from the intro through to the outro, providing a consistent emotional anchor.",templates/hip-hop-melodic-trap_0001.txt
Hip-Hop & Rap,hip-hop-neo-soul_0001,Hip-Hop / Neo-Soul,modern-rnb-neo-soul,87 BPM; B minor,"The track establishes a laid-back, confident, and narrative-driven atmosphere from the outset.",Singer A (Male) and Singer B (Female).,"A warm electric piano with a soft, Rhodes-like tone serves as the harmonic backbone, present throughout the entire track.",templates/hip-hop-neo-soul_0001.txt
Hip-Hop & Rap,hip-hop-pop-rap-with-cinematic-influences_0001,Hip-Hop / Pop-Rap with Cinematic influences,—,90 BPM; A minor,"The track opens with a contemplative and rhythmic spoken-word introduction, establishing a grounded, storytelling atmosphere.",Singer A (Male).,"A bright, percussive piano loop serves as the core harmonic and melodic driver, present from the very beginning and continuing throughout the entire track, providing a consistent rhythmic motif.",templates/hip-hop-pop-rap-with-cinematic-influences_0001.txt
Hip-Hop & Rap,hip-hop-storytelling-rap-with-folk-pop-influences_0001,Hip-Hop / Storytelling Rap with Folk-Pop influences,—,95 BPM; E minor,"The track opens with a playful, rhythmic introduction that quickly settles into a narrative-driven verse characterized by a sense of mounting anxiety and urgency.",Singer A (Male) and Singer B (Female).,"A rhythmic acoustic guitar loop, playing a syncopated, folk-inspired pattern, serves as the core harmonic foundation from the Intro to the Outro.",templates/hip-hop-storytelling-rap-with-folk-pop-influences_0001.txt
Hip-Hop & Rap,hip-hop-trap_0001,Hip-Hop / Trap,—,150 BPM; E minor,"The track launches immediately with a high-octane, aggressive energy that remains consistently intense throughout the verses.",Singer A (Male).,"A deep, distorted 808 sub-bass serves as the harmonic and rhythmic anchor, present from the very beginning to the end, driving the track's low-frequency weight.",templates/hip-hop-trap_0001.txt
Hip-Hop & Rap,hip-hop-trap_0002,Hip-Hop / Trap,—,162 BPM; Eb minor,"The track opens with an atmospheric and slightly ominous mood that quickly solidifies into a confident, assertive stance.",Singer A (Male).,"A deep, distorted 808 bass line serves as the harmonic and rhythmic anchor, present from the very beginning and driving the track continuously.",templates/hip-hop-trap_0002.txt
Hip-Hop & Rap,hip-hop-trap_0003,Hip-Hop / Trap,—,130 BPM; Eb minor,"The track establishes an immediate atmosphere of confidence and assertiveness, maintaining a high-energy, driving momentum throughout the verses.",Singer A (Male).,"A deep, resonant 808 sub-bass serves as the harmonic and rhythmic anchor, present from the Intro to the Outro, driving the track's low-frequency energy.",templates/hip-hop-trap_0003.txt
Hip-Hop & Rap,hip-hop-trap_0004,Hip-Hop / Trap,—,140 BPM; C# minor,The track establishes a confident and assertive mood immediately with a driving rhythmic foundation.,Singer A (Male).,"A bright, bell-like synthesized melody serves as the central hook, playing a repetitive, hypnotic motif that persists from the Intro through to the Outro, anchoring the track's identity.",templates/hip-hop-trap_0004.txt
Hip-Hop & Rap,hip-hop-trap_0005,Hip-Hop / Trap,—,128 BPM; Eb minor,"The track establishes a dark, confident, and regal atmosphere from the outset, maintaining a steady, hypnotic tension throughout.",Singer A (Male).,"A melancholic, minor-key piano loop serves as the central harmonic and melodic anchor, present continuously from the Intro to the Outro.",templates/hip-hop-trap_0005.txt
Hip-Hop & Rap,hip-hop-trap-with-atmospheric-electronic-influences_0001,Hip-Hop / Trap with Atmospheric Electronic influences,—,154 BPM; Bb minor,"The track establishes a cold, imposing, and grandiose atmosphere from the outset, maintaining a high level of tension through relentless rhythmic drive.",Singer A (Male).,"A deep, distorted 808 sub-bass serves as the harmonic and rhythmic anchor, present from the very first beat and driving the entire track with sustained notes and sliding pitches.",templates/hip-hop-trap-with-atmospheric-electronic-influences_0001.txt
Hip-Hop & Rap,hip-hop-trap-with-cinematic-and-folklore-influences_0001,Hip-Hop / Trap with Cinematic and Folklore influences,—,87 BPM; Bb minor,"The track establishes a dark, mythic atmosphere immediately, maintaining a steady, confident tension throughout the verses.",Singer A (Male).,"A deep, distorted 808 bass serves as the harmonic and rhythmic anchor, present from the Intro to the Outro, driving the song's weight.",templates/hip-hop-trap-with-cinematic-and-folklore-influences_0001.txt
Hip-Hop & Rap,hip-hop-trap-with-cinematic-and-traditional-chinese-influences_0001,Hip-Hop / Trap with Cinematic and Traditional Chinese influences,—,140 BPM; Eb minor,"The track opens with a somber, atmospheric tension that quickly ignites into a high-energy, aggressive drive.",Singer A (Male).,"A synthesized 808 sub-bass serves as the harmonic and rhythmic anchor throughout the entire track, driving the low-end energy.",templates/hip-hop-trap-with-cinematic-and-traditional-chinese-influences_0001.txt
Hip-Hop & Rap,hip-hop-trap-with-cinematic-influences_0001,Hip-Hop / Trap with Cinematic influences,—,140 BPM; C# minor,"The track opens with an atmospheric and slightly ominous tone, establishing a sense of vast space.",Singer A (Male).,"A dark, atmospheric synthesizer pad provides the harmonic bedrock from the very beginning, evolving into a brighter, more driving synth lead melody during the choruses.",templates/hip-hop-trap-with-cinematic-influences_0001.txt
Hip-Hop & Rap,hip-hop-trap-with-cinematic-influences_0002,Hip-Hop / Trap with Cinematic influences,—,90 BPM; A minor,"The track establishes a gritty, determined atmosphere from the outset, characterized by a steady, driving rhythm that mirrors the theme of relentless forging.",Singer A (Male).,"A deep, distorted 808-style sub-bass serves as the harmonic and rhythmic anchor, present throughout the entire track.",templates/hip-hop-trap-with-cinematic-influences_0002.txt
Hip-Hop & Rap,hip-hop-trap-with-eastern-stylistic-influences_0001,Hip-Hop / Trap with Eastern stylistic influences,—,143 BPM; E minor,"The track opens with an ominous, mystical atmosphere that quickly establishes a commanding and aggressive tone.",Singer A (Male).,"A distinctive synthesizer lead, emulating the timbre of a traditional bamboo flute but processed with modern digital effects, carries the main melodic motif throughout the entire track, serving as the sonic signature.",templates/hip-hop-trap-with-eastern-stylistic-influences_0001.txt
Hip-Hop & Rap,hip-hop-trap-with-melodic-pop-influences_0001,Hip-Hop / Trap with Melodic Pop influences,—,100 BPM; A minor,"The track opens with a mysterious and adventurous atmosphere, establishing a narrative tone in the verses.",Singer A (Male).,"A bright, plucked synthesizer melody serves as the central hook, present from the Intro and recurring throughout the track to anchor the harmonic structure.",templates/hip-hop-trap-with-melodic-pop-influences_0001.txt
Hip-Hop & Rap,hip-hop-trap-with-melodic-rap-elements_0001,Hip-Hop / Trap with Melodic Rap elements,—,90 BPM; D minor,"The track opens with a solitary, melancholic atmosphere that establishes a reflective mood.",Singer A (Male).,"A melancholic acoustic piano plays a repeating, arpeggiated motif that serves as the harmonic backbone from the Intro through to the Outro.",templates/hip-hop-trap-with-melodic-rap-elements_0001.txt
Hip-Hop & Rap,hip-hop-trap-with-melodic-rap-influences_0001,Hip-Hop / Trap with Melodic Rap influences,—,122 BPM; Ab minor,"The track opens with a pensive and atmospheric mood, establishing a sense of solitary determination.",Singer A (Male).,"A clean, plucked electric guitar plays a repetitive, melancholic arpeggiated riff that serves as the main melodic hook, present from the Intro through to the Outro.",templates/hip-hop-trap-with-melodic-rap-influences_0001.txt
Hip-Hop & Rap,hip-hop-trap-with-randb-influences_0001,Hip-Hop / Trap with R&B influences,—,85 BPM; D minor,"The track opens with a soulful, atmospheric intro that establishes a reflective and slightly gritty mood.",Singer A (Male).,"A sampled or synthesized piano loop with a soulful, slightly melancholic tone serves as the primary harmonic foundation, present from the Intro through to the Outro.",templates/hip-hop-trap-with-randb-influences_0001.txt
Hip-Hop & Rap,hip-hop-trap-with-randb-melodic-influences_0001,Hip-Hop / Trap with R&B melodic influences,—,92 BPM; G minor,"The track establishes a cold, majestic, and slightly melancholic atmosphere from the outset, maintaining a steady, confident tension throughout the verses.",Singer A (Male).,"A deep, sustained 808-style sub-bass serves as the harmonic anchor, present throughout the entire track, locking in with the kick drum to drive the groove.",templates/hip-hop-trap-with-randb-melodic-influences_0001.txt
Hip-Hop & Rap,hip-hop-trap-with-traditional-chinese-fusion-elements_0001,Hip-Hop / Trap with Traditional Chinese Fusion elements,—,95 BPM; G minor,"The track opens with an atmospheric and mysterious tone, quickly establishing a confident and assertive mood as the beat drops.",Singer A (Male).,"A deep, resonant 808-style sub-bass serves as the harmonic anchor, present from the first beat drop through to the outro, driving the groove alongside the kick drum.",templates/hip-hop-trap-with-traditional-chinese-fusion-elements_0001.txt
Hip-Hop & Rap,hip-hop-trap-with-traditional-chinese-fusion-elements_0002,Hip-Hop / Trap with Traditional Chinese Fusion elements,—,130 BPM; F minor,"The piece opens with a somber, atmospheric melancholy established by traditional instrumentation, which persists through the verses as a backdrop for introspective delivery.",Singer A (Male).,"A mournful, expressive Erhu (Chinese two-stringed fiddle) serves as the primary melodic voice, playing a recurring motif that spans from the Intro through the Outro, acting as the song's emotional anchor.",templates/hip-hop-trap-with-traditional-chinese-fusion-elements_0002.txt
Hip-Hop & Rap,hip-hop-trap-with-traditional-chinese-fusion-elements_0003,Hip-Hop / Trap with traditional Chinese fusion elements,—,154 BPM; Eb minor,"The track opens with an ethereal, atmospheric tension that abruptly shifts into a high-octane, aggressive stance upon the beat drop.",Singer A (Male).,"A hard-hitting trap drum kit, featuring a booming 808 kick, crisp snare, and rapid hi-hat rolls, serves as the rhythmic backbone from the first verse to the outro.",templates/hip-hop-trap-with-traditional-chinese-fusion-elements_0003.txt
Hip-Hop & Rap,hip-hop-trap-with-traditional-chinese-influences_0001,Hip-Hop / Trap with Traditional Chinese influences,—,94 BPM; F# minor,"The track establishes a confident and gritty atmosphere from the outset, maintaining a steady, assertive momentum through the verses.",Singer A (Male).,"A deep, sustained 808-style sub-bass serves as the harmonic anchor, present from the Intro to the Outro, driving the low-end foundation.",templates/hip-hop-trap-with-traditional-chinese-influences_0001.txt
Hip-Hop & Rap,hip-hop-trap-with-traditional-chinese-stylistic-influences_0001,Hip-Hop / Trap with traditional Chinese stylistic influences,—,140 BPM; Eb minor,"The track launches immediately with high-octane aggression and confidence, maintaining a relentless, driving intensity throughout the verses.",Singer A (Male).,"A deep, distorted 808 sub-bass serves as the harmonic and rhythmic anchor, present from the very first beat to the end, driving the track's low-end power.",templates/hip-hop-trap-with-traditional-chinese-stylistic-influences_0001.txt
Hip-Hop & Rap,industrial-hip-hop-dark-trap_0001,Industrial Hip-Hop / Dark Trap,—,120 BPM; E minor,"The piece opens with an eerie, whispered intimacy that quickly establishes a sense of psychological unease.",Singer A (Male).,"A massive, heavily distorted 808-style sub-bass synth serves as the harmonic and rhythmic anchor, present from the first beat drop through to the end.",templates/industrial-hip-hop-dark-trap_0001.txt
Hip-Hop & Rap,industrial-hip-hop-electronic-rock_0001,Industrial Hip-Hop / Electronic Rock,pop-alternative-rock,128 BPM; Eb major,"The track opens with a tense, rhythmic buildup that quickly erupts into an aggressive, high-energy assault.",Singer A (Male).,"A heavily distorted, saw-wave synthesizer bass serves as the core harmonic and rhythmic driver, present from the first beat and maintaining a relentless pulse throughout the track.",templates/industrial-hip-hop-electronic-rock_0001.txt
Hip-Hop & Rap,industrial-hip-hop-trap-metal_0001,Industrial Hip-Hop / Trap Metal,—,182 BPM; F minor,"The track establishes an immediate atmosphere of oppressive tension and mechanical aggression, maintaining a high level of intensity throughout the verses with relentless rhythmic drive.",Singer A (Male).,"A heavily distorted, down-tuned synthesizer bass serves as the core harmonic and rhythmic driver, present from the very first beat and persisting through the entire track with varying degrees of modulation.",templates/industrial-hip-hop-trap-metal_0001.txt
Hip-Hop & Rap,lo-fi-hip-hop-chill-randb_0001,Lo-fi Hip Hop / Chill R&B,general-pop-ballad,86 BPM; F# minor,"The piece opens with a hazy, contemplative mood established by sparse instrumentation, creating an intimate atmosphere.",Singer A (Male).,"A clean electric guitar playing a repetitive, melancholic arpeggiated riff serves as the central harmonic and melodic anchor, present from the very beginning to the end of the track.",templates/lo-fi-hip-hop-chill-randb_0001.txt
Hip-Hop & Rap,lo-fi-hip-hop-chillhop_0001,Lo-fi Hip Hop / Chillhop,general-pop-ballad,88 BPM; G minor,"The track establishes a contemplative and slightly desolate mood from the outset, maintaining a steady, hypnotic introspection throughout the verses.",Singer A (Male).,"A melancholic, looped synthesizer melody with a soft, bell-like or electric piano timbre serves as the central harmonic and melodic anchor, present continuously from the Intro to the Outro.",templates/lo-fi-hip-hop-chillhop_0001.txt
Hip-Hop & Rap,lo-fi-hip-hop-chillhop_0002,Lo-fi Hip Hop / Chillhop,general-pop-ballad,88 BPM; F# major,"The piece opens with a hazy, contemplative atmosphere established by soft melodic loops, maintaining a steady, introspective mood throughout the verses.",Singer A (Male).,"A melancholic electric piano loop with a soft, bell-like tone serves as the central harmonic and melodic anchor, present continuously from the Intro to the Outro.",templates/lo-fi-hip-hop-chillhop_0002.txt
Hip-Hop & Rap,lo-fi-hip-hop-chillwave_0001,Lo-fi Hip Hop / Chillwave,general-pop-ballad,71 BPM; A minor,"The piece opens with a solitary, nostalgic atmosphere established by sparse instrumentation, maintaining a consistent mood of gentle longing throughout the verses.",Singer A (Female).,"A warm, electric piano (Rhodes-style) serves as the harmonic backbone, playing a repetitive, melancholic chord progression that persists from the Intro through to the Outro, providing the track's core melodic identity.",templates/lo-fi-hip-hop-chillwave_0001.txt
Hip-Hop & Rap,lo-fi-hip-hop-conscious-rap_0001,Lo-fi Hip Hop / Conscious Rap,—,87 BPM; F minor,"The track opens with a solitary, melancholic atmosphere that establishes a reflective tone.",Singer A (Male).,"A clean, finger-picked acoustic guitar loop serves as the central harmonic and melodic motif, present from the Intro through to the Outro, providing a constant, organic foundation.",templates/lo-fi-hip-hop-conscious-rap_0001.txt
Hip-Hop & Rap,lo-fi-hip-hop-jazz-rap_0001,Lo-fi Hip Hop / Jazz Rap,jazz-swing-big-band,86 BPM; Eb major,"The track establishes a cool, contemplative, and artisanal atmosphere from the outset, maintaining a steady, laid-back groove throughout.",Singer A (Male) and Singer B (Female).,"A sampled acoustic saxophone loop serves as the primary melodic hook, playing a melancholic, jazzy phrase that repeats throughout the entire track, anchoring the harmonic structure.",templates/lo-fi-hip-hop-jazz-rap_0001.txt
Hip-Hop & Rap,lo-fi-hip-hop-jazz-rap_0002,Lo-fi Hip Hop / Jazz Rap,jazz-swing-big-band,86 BPM; A minor,"The piece opens with a solitary, nostalgic atmosphere that establishes a reflective mood.",Singer A (Male).,"A warm, electric piano (Rhodes-style) carries the main harmonic progression and melodic motifs, present continuously from the Intro to the Outro, serving as the song's emotional anchor.",templates/lo-fi-hip-hop-jazz-rap_0002.txt
Hip-Hop & Rap,lo-fi-hip-hop-melodic-rap_0001,Lo-fi Hip Hop / Melodic Rap,—,87 BPM; A minor,"The track opens with a hazy, introspective atmosphere that establishes a mood of solitary reflection.",Singer A (Male).,"A melancholic electric piano loop serves as the core harmonic and melodic foundation, playing a repetitive, jazzy chord progression from the Intro to the Outro.",templates/lo-fi-hip-hop-melodic-rap_0001.txt
Hip-Hop & Rap,lo-fi-hip-hop-melodic-rap_0002,Lo-fi Hip Hop / Melodic Rap,—,87 BPM; Bb major,"The piece opens with a solitary, introspective mood established by sparse instrumentation, gradually layering rhythmic elements to build a steady, contemplative momentum.",Singer A (Male).,"A melancholic electric piano serves as the core harmonic instrument, playing a repeating, minor-key chord progression that persists from the Intro through to the Outro, anchoring the song's emotional tone.",templates/lo-fi-hip-hop-melodic-rap_0002.txt
Hip-Hop & Rap,lo-fi-hip-hop-melodic-rap_0003,Lo-fi Hip Hop / Melodic Rap,—,87 BPM; F minor,"The piece opens with a wistful and contemplative mood, establishing a sense of solitary reflection.",Singer A (Male).,"A melancholic electric piano serves as the core harmonic instrument, playing a repetitive, looping chord progression that persists from the Intro through to the Outro, anchoring the song's emotional identity.",templates/lo-fi-hip-hop-melodic-rap_0003.txt
Hip-Hop & Rap,lo-fi-hip-hop-randb_0001,Lo-fi Hip Hop / R&B,general-pop-ballad,86 BPM; Ab major,"The track establishes a contemplative and slightly melancholic atmosphere from the outset, maintaining a steady, introspective mood throughout the verses.",Singer A (Male).,"A warm electric piano (Rhodes-style) playing jazzy, extended chords serves as the core harmonic foundation, present continuously from the Intro to the Outro.",templates/lo-fi-hip-hop-randb_0001.txt
Hip-Hop & Rap,narrative-hip-hop-cinematic-rap_0001,Narrative Hip-Hop / Cinematic Rap,—,85 BPM; E minor,"The piece opens with a somber, ethereal atmosphere that quickly grounds into a steady, storytelling groove.",Singer A (Male) and Singer B (Female).,"A melancholic piano loop serves as the harmonic backbone, playing a repetitive, minor-key motif that persists from the Intro through to the Outro, anchoring the song’s somber mood.",templates/narrative-hip-hop-cinematic-rap_0001.txt
Hip-Hop & Rap,pop-rap-alternative-hip-hop_0001,Pop Rap / Alternative Hip-Hop,—,92 BPM; A minor,"The track opens with a mysterious and alchemical atmosphere, establishing a tone of focused determination.",Singer A (Male).,"A bright, rhythmic piano loop serves as the central harmonic and melodic anchor, present from the Intro through to the Outro, driving the song's momentum.",templates/pop-rap-alternative-hip-hop_0001.txt
Hip-Hop & Rap,pop-rap-electronic-pop_0001,Pop Rap / Electronic Pop,electronic-synth-ambient-pop,95 BPM; Bb major,"The track establishes a determined and confident tone from the outset, maintaining a steady build of momentum through the verses.",Singer A (Male).,"A bright, plucked synth melody serves as the central hook, present from the Intro through to the Outro, providing the main harmonic and melodic identity.",templates/pop-rap-electronic-pop_0001.txt
Hip-Hop & Rap,pop-rap-funk-pop_0001,Pop Rap / Funk Pop,dance-pop-disco-funk,105 BPM; E minor,"The track opens with a confident, rhythmic swagger that establishes an energetic foundation.",Singer A (Male).,"A funky, clean electric guitar playing a syncopated, rhythmic riff serves as the core melodic hook, present from the Intro through to the Outro.",templates/pop-rap-funk-pop_0001.txt
Hip-Hop & Rap,trap-dark-hip-hop_0001,Trap / Dark Hip-Hop,—,150 BPM; F minor,"The track opens with an eerie, atmospheric tension that establishes a sense of foreboding.",Singer A (Male).,"A deep, distorted 808 bass serves as the harmonic and rhythmic anchor, present throughout the entire track except for brief breakdowns.",templates/trap-dark-hip-hop_0001.txt
Hip-Hop & Rap,trap-dark-randb-hip-hop_0001,Trap / Dark R&B / Hip-Hop,general-pop-ballad,130 BPM; D minor,"The track establishes a mysterious and commanding atmosphere from the outset, maintaining a steady, hypnotic tension throughout the verses.","A single male vocalist delivers the performance with a smooth, mid-range baritone timbre that carries a slightly raspy, intimate texture.","A deep, sustained 808 sub-bass serves as the harmonic anchor, present throughout the entire track, providing a dark, rumbling foundation that follows the chord changes.",templates/trap-dark-randb-hip-hop_0001.txt
Hip-Hop & Rap,trap-melodic-hip-hop_0001,Trap / Melodic Hip-Hop,—,94 BPM; G minor,"The track establishes a dark, brooding, and introspective atmosphere from the outset, maintaining a consistent sense of tension and mystery throughout.",Singer A (Male).,"A deep, sub-heavy 808 bass line serves as the harmonic and rhythmic anchor, present from the Intro to the Outro, providing a continuous low-frequency pulse.",templates/trap-melodic-hip-hop_0001.txt
Hip-Hop & Rap,uk-drill-melodic-hip-hop_0001,UK Drill / Melodic Hip-Hop,—,143 BPM; E minor,The track opens with an ethereal and melancholic atmosphere that establishes a sense of vastness and mystery.,Singer A (Male) and Singer B (Female).,"A dark, minor-key piano melody plays a repetitive, melancholic motif that serves as the harmonic backbone from the Intro through to the Outro.",templates/uk-drill-melodic-hip-hop_0001.txt
"Jazz, Swing & Big Band",big-band-swing-jazz_0001,Big Band / Swing Jazz,—,182 BPM; A major,"The piece launches immediately with high-energy exuberance and a buoyant, celebratory atmosphere.",Singer A (Female).,"A full brass and saxophone ensemble serves as the dominant melodic and harmonic force, delivering punchy stabs, soaring countermelodies, and unified fanfares from the Intro through to the Outro.",templates/big-band-swing-jazz_0001.txt
"Jazz, Swing & Big Band",big-band-swing-jazz_0002,Big Band / Swing Jazz,—,120 BPM; Bb major,"The piece opens with an immediate, high-energy burst of brass fanfare, establishing a celebratory and confident tone.",Singer A (Male).,"The core harmonic and melodic structure is driven by a full brass section (trumpets and trombones) and a saxophone section, which deliver punchy stabs, melodic counter-lines, and sweeping swells from the Intro through…",templates/big-band-swing-jazz_0002.txt
"Jazz, Swing & Big Band",big-band-swing-jazz-vocal-jazz_0001,Big Band / Swing Jazz / Vocal Jazz,—,182 BPM; Eb major,"The piece launches immediately with high-energy exuberance and a buoyant, celebratory atmosphere.",Singer A (Female) and Singer B (Male).,"A driving piano provides the harmonic backbone with rhythmic comping and melodic fills, present throughout the entire track.",templates/big-band-swing-jazz-vocal-jazz_0001.txt
"Jazz, Swing & Big Band",big-band-vocal-jazz_0001,Big Band / Vocal Jazz,—,111 BPM; Bb major,"The piece opens with a bold, cinematic fanfare that immediately establishes a confident and sophisticated atmosphere.",Singer A (Male).,"A walking upright bass provides the continuous harmonic and rhythmic foundation from start to finish, anchoring the swing feel.",templates/big-band-vocal-jazz_0001.txt
"Jazz, Swing & Big Band",big-band-vocal-jazz-swing_0001,Big Band / Vocal Jazz / Swing,—,125 BPM; Bb major,"The piece opens with a bold, celebratory brass fanfare that immediately establishes a grand, theatrical atmosphere.",Singer A (Male).,A full big band ensemble serves as the core structural element.,templates/big-band-vocal-jazz-swing_0001.txt
"Jazz, Swing & Big Band",big-band-vocal-jazz-swing_0002,Big Band / Vocal Jazz / Swing,—,136 BPM; G minor,"The piece opens with a bright, energetic fanfare that immediately establishes a celebratory and sophisticated mood.",Singer A (Male).,"A full brass and woodwind ensemble (trumpets, trombones, saxophones) serves as the core melodic and harmonic driver, present from the opening fanfare through to the finale.",templates/big-band-vocal-jazz-swing_0002.txt
"Jazz, Swing & Big Band",big-band-jazz-musical-theatre_0001,Big Band Jazz / Musical Theatre,traditional-vocal-stage,120 BPM; C minor,"The piece opens with a reflective, narrative intimacy that quickly swells into a confident, high-energy declaration of independence.",Singer A (Male).,"A grand piano serves as the harmonic anchor throughout the entire track, providing rhythmic comping in the verses and sweeping chordal support in the choruses.",templates/big-band-jazz-musical-theatre_0001.txt
"Jazz, Swing & Big Band",big-band-jazz-swing_0001,Big Band Jazz / Swing,—,200 BPM; D minor,"The piece opens with a burst of high-energy, celebratory brass fanfare that immediately establishes a vibrant and kinetic mood.",Singer A (Female).,"The piano serves as the primary harmonic driver, comping with rhythmic chord stabs and occasional melodic fills from the intro through to the outro.",templates/big-band-jazz-swing_0001.txt
"Jazz, Swing & Big Band",big-band-jazz-swing_0002,Big Band Jazz / Swing,—,130 BPM; Bb major,"The piece launches with an immediate, high-energy burst of brass fanfare, establishing a celebratory and confident tone.",Singer A (Female).,"A full brass and saxophone ensemble serves as the primary melodic and harmonic driver, present from the Intro through the Outro.",templates/big-band-jazz-swing_0002.txt
"Jazz, Swing & Big Band",big-band-jazz-swing_0003,Big Band Jazz / Swing,—,194 BPM; G minor,"The piece launches with an explosive, high-energy brass fanfare that immediately establishes a celebratory and confident tone.",Singer A (Female).,"A full acoustic brass section (trumpets, trombones) and woodwind section (saxophones) enter immediately for the intro hits, drop to background swells during verses, and return with powerful unison lines and harmonies…",templates/big-band-jazz-swing_0003.txt
"Jazz, Swing & Big Band",big-band-jazz-swing-musical-theatre_0001,Big Band Jazz / Swing / Musical Theatre,traditional-vocal-stage,109 BPM; F minor,"The piece opens with a mischievous and theatrical energy, establishing a playful yet eerie narrative tone.",Singer A (Female).,"A driving upright bass provides the harmonic and rhythmic foundation throughout the entire track, playing a walking bass line that anchors the swing feel.",templates/big-band-jazz-swing-musical-theatre_0001.txt
"Jazz, Swing & Big Band",big-band-jazz-swing-pop_0001,Big Band Jazz / Swing Pop,—,130 BPM; Eb major,"The piece opens with a suave, confident swagger, establishing a playful and romantic tension.",Singer A (Male) and Singer B (Female).,"A walking upright bass line anchors the harmonic foundation from start to finish, providing a steady, propulsive pulse.",templates/big-band-jazz-swing-pop_0001.txt
"Jazz, Swing & Big Band",big-band-jazz-swing-pop_0002,Big Band Jazz / Swing Pop,—,146 BPM; Eb major,"The piece launches immediately with high-energy exuberance and theatrical confidence, maintaining a buoyant and commanding atmosphere throughout the verses and choruses.",Singer A (Female).,"A full brass and saxophone ensemble serves as the dominant melodic and harmonic force, delivering punchy stabs, soaring counter-melodies, and lush chordal swells from the Intro through to the Outro.",templates/big-band-jazz-swing-pop_0002.txt
"Jazz, Swing & Big Band",big-band-jazz-swing-pop_0003,Big Band Jazz / Swing Pop,—,128 BPM; Ab major,"The piece opens with a playful, scat-led introduction that immediately establishes a buoyant and confident mood.",Singer A (Male) and Singer B (Female).,"A full brass section (trumpets, trombones) and saxophone ensemble serve as the primary melodic and harmonic drivers, entering forcefully in the choruses and providing punchy stabs and soaring countermelodies throughout.",templates/big-band-jazz-swing-pop_0003.txt
"Jazz, Swing & Big Band",big-band-jazz-swing-pop_0004,Big Band Jazz / Swing Pop,—,207 BPM; F minor,"The piece opens with a burst of high-energy brass fanfares, immediately establishing a vibrant and theatrical mood.",Singer A (Male).,"A driving acoustic drum kit and a walking upright bass form the rhythmic backbone, present from start to finish.",templates/big-band-jazz-swing-pop_0004.txt
"Jazz, Swing & Big Band",big-band-jazz-swing-pop_0005,Big Band Jazz / Swing Pop,—,107 BPM; Bb major,"The piece opens with a mysterious and theatrical atmosphere, establishing a narrative tone through sparse instrumentation.",Singer A (Female).,"An upright bass provides a walking bassline that anchors the harmonic progression from start to finish, interlocking with the drums to drive the swing feel.",templates/big-band-jazz-swing-pop_0005.txt
"Jazz, Swing & Big Band",big-band-jazz-swing-pop_0006,Big Band Jazz / Swing Pop,—,182 BPM; Bb major,"The piece opens with a burst of high-energy, theatrical exuberance that immediately establishes a celebratory mood.",Singer A (Male).,"A full brass and woodwind ensemble (trumpets, trombones, saxophones) serves as the core melodic and harmonic driver, present throughout most of the track with varying density.",templates/big-band-jazz-swing-pop_0006.txt
"Jazz, Swing & Big Band",big-band-jazz-swing-pop_0007,Big Band Jazz / Swing Pop,—,182 BPM; Bb major,"The piece launches with an immediate burst of high-energy exuberance and theatrical flair, maintaining a buoyant and playful momentum through the verses.",Singer A (Female).,A driving upright bass playing a walking bassline serves as the harmonic and rhythmic anchor from start to finish.,templates/big-band-jazz-swing-pop_0007.txt
"Jazz, Swing & Big Band",big-band-jazz-swing-pop_0008,Big Band Jazz / Swing Pop,—,128 BPM; F minor,"The piece opens with a bright, energetic brass fanfare that immediately establishes a lively and sophisticated mood.",Singer A (Male).,"A full brass and woodwind ensemble (trumpets, trombones, saxophones) serves as the primary melodic and harmonic driver, appearing prominently in the Intro, Choruses, and instrumental breaks with punchy stabs and…",templates/big-band-jazz-swing-pop_0008.txt
"Jazz, Swing & Big Band",big-band-jazz-swing-vocal_0001,Big Band Jazz / Swing Vocal,—,176 BPM; C major,"The piece opens with an intimate, questioning atmosphere driven by sparse accompaniment, creating a sense of vulnerability.",Singer A (Female).,"An acoustic piano serves as the primary harmonic anchor, providing rhythmic comping and melodic fills throughout the entire track, from the intro to the outro.",templates/big-band-jazz-swing-vocal_0001.txt
"Jazz, Swing & Big Band",big-band-jazz-vocal-jazz_0001,Big Band Jazz / Vocal Jazz,—,125 BPM; Bb minor,"The piece opens with a bold, energetic brass fanfare that immediately establishes a sophisticated and lively atmosphere.",Singer A (Male).,"A full acoustic brass section (trumpets, trombones) and woodwind section (saxophones) serve as the core melodic and harmonic drivers, appearing in powerful unison lines during the intro, interludes, and climactic hits,…",templates/big-band-jazz-vocal-jazz_0001.txt
"Jazz, Swing & Big Band",big-band-jazz-vocal-swing_0001,Big Band Jazz / Vocal Swing,—,111 BPM; Bb major,"The piece opens with a bold, energetic brass fanfare that immediately establishes a confident and lively mood.",Singer A (Male).,"A full brass and woodwind section (trumpets, trombones, saxophones) serves as the core melodic and harmonic driver, providing punchy stabs in the intro and lush, sustained pads behind the vocals.",templates/big-band-jazz-vocal-swing_0001.txt
"Jazz, Swing & Big Band",bossa-nova-smooth-jazz_0001,Bossa Nova / Smooth Jazz,—,133 BPM; D minor,"The piece opens with a serene, floating atmosphere that establishes an intimate and dreamy mood.",Singer A (Female).,A nylon-string acoustic guitar playing syncopated Bossa Nova chords serves as the harmonic backbone from the Intro to the Outro.,templates/bossa-nova-smooth-jazz_0001.txt
"Jazz, Swing & Big Band",jazz-blues-ballad_0001,Jazz / Blues Ballad,general-pop-ballad,61 BPM; Eb minor,"The piece opens with a somber, cinematic atmosphere that establishes a mood of isolation and longing.",Singer A (Female).,"A grand piano provides the core harmonic structure, playing lush, extended chords and melodic fills throughout the track.",templates/jazz-blues-ballad_0001.txt
"Jazz, Swing & Big Band",jazz-vocal-ballad_0001,Jazz / Vocal Ballad,general-pop-ballad,56 BPM; Bb minor,"The piece opens with a solitary, introspective atmosphere that establishes a mood of quiet longing.",Singer A (Female).,"An acoustic piano serves as the harmonic and melodic core, present from the very first second to the end.",templates/jazz-vocal-ballad_0001.txt
"Jazz, Swing & Big Band",jazz-vocal-blues_0001,Jazz / Vocal Blues,general-pop-ballad,120 BPM; C minor,"The piece opens with a solitary, melancholic piano introduction that sets a tone of regret and introspection.",Singer A (Female).,"An acoustic piano serves as the harmonic backbone, initiating the track with a solo improvisation and continuing throughout with rhythmic comping and melodic fills.",templates/jazz-vocal-blues_0001.txt
"Jazz, Swing & Big Band",jazz-vocal-blues_0002,Jazz / Vocal Blues,general-pop-ballad,103 BPM; D minor,"The piece opens with a solitary, introspective mood established by sparse instrumentation, evoking a sense of quiet longing.",Singer A (Female).,"A clean-toned electric guitar plays arpeggiated chords and melodic fills, serving as the primary harmonic and melodic anchor from the Intro through to the Outro.",templates/jazz-vocal-blues_0002.txt
"Jazz, Swing & Big Band",jazz-ballad-acoustic-pop_0001,Jazz Ballad / Acoustic Pop,contemporary-folk-acoustic,59 BPM; F minor,"The piece opens with an intimate, hushed atmosphere that suggests a quiet, private moment.",Singer A (Male).,"A clean electric guitar with a warm, rounded tone plays sparse, jazz-inflected chord voicings and melodic fills, serving as the harmonic anchor from the Intro through to the Outro.",templates/jazz-ballad-acoustic-pop_0001.txt
"Jazz, Swing & Big Band",jazz-ballad-indie-soul_0001,Jazz Ballad / Indie Soul,soul-blues-gospel,61 BPM; A minor,"The piece opens with a fragile, introspective melancholy, establishing a sense of quiet resignation.",Singer A (Female).,"A grand piano serves as the harmonic and melodic core, playing sparse, resonant chords and arpeggios from the Intro through to the Outro.",templates/jazz-ballad-indie-soul_0001.txt
"Jazz, Swing & Big Band",jazz-ballad-mandopop_0001,Jazz Ballad / Mandopop,east-asian-ballad-heritage,65 BPM; Bb major,"The piece opens with a solitary, contemplative atmosphere that establishes a sense of nostalgia and quiet introspection.",Singer A (Female).,"A grand piano serves as the harmonic and melodic backbone, playing flowing arpeggios and chord voicings from the Intro through to the Outro.",templates/jazz-ballad-mandopop_0001.txt
"Jazz, Swing & Big Band",jazz-ballad-mandopop_0002,Jazz Ballad / Mandopop,east-asian-ballad-heritage,65 BPM; Bb major,"The piece opens with a hushed, intimate atmosphere that feels solitary and reflective.",Singer A (Female).,"A grand piano serves as the harmonic and melodic core, playing flowing arpeggios and chord voicings from the very beginning to the end.",templates/jazz-ballad-mandopop_0002.txt
"Jazz, Swing & Big Band",jazz-ballad-soul_0001,Jazz Ballad / Soul,soul-blues-gospel,58 BPM; G minor,"The piece opens with a hushed, intimate atmosphere that feels suspended in time, characterized by sparse instrumentation and breathy vocals.",Singer A (Female).,"An acoustic piano serves as the central harmonic and melodic anchor, playing complex jazz voicings and arpeggios from the very beginning through to the end.",templates/jazz-ballad-soul_0001.txt
"Jazz, Swing & Big Band",jazz-ballad-vocal-jazz_0001,Jazz Ballad / Vocal Jazz,—,75 BPM; Bb major,"The piece opens with a solitary, mournful woodwind melody that establishes a deep sense of introspection and melancholy.",Singer A (Male).,"An acoustic piano provides the core harmonic foundation with lush, extended jazz chords, playing continuously from the first verse through to the outro.",templates/jazz-ballad-vocal-jazz_0001.txt
"Jazz, Swing & Big Band",jazz-ballad-vocal-jazz_0002,Jazz Ballad / Vocal Jazz,—,87 BPM; Bb major,"The piece opens with a solitary, contemplative atmosphere established by the piano, setting a tone of quiet introspection.",Singer A (Female).,"A grand piano serves as the harmonic and melodic backbone, playing flowing arpeggios and chordal support from the Intro through to the Outro, often taking the lead during instrumental interludes.",templates/jazz-ballad-vocal-jazz_0002.txt
"Jazz, Swing & Big Band",jazz-ballad-vocal-jazz_0003,Jazz Ballad / Vocal Jazz,—,60 BPM; Bb minor,"The piece opens with a solitary, contemplative atmosphere established by the piano, setting a tone of intimate vulnerability.",Singer A (Female).,"An acoustic piano serves as the harmonic and melodic anchor, playing lush, extended chords and delicate melodic fills from the Intro through to the Outro.",templates/jazz-ballad-vocal-jazz_0003.txt
"Jazz, Swing & Big Band",jazz-ballad-vocal-jazz_0004,Jazz Ballad / Vocal Jazz,—,71 BPM; G minor,"The piece opens with a solitary, introspective atmosphere established by the piano, setting a tone of quiet melancholy.",Singer A (Female).,"A grand piano serves as the harmonic and melodic core, playing intricate voicings and arpeggios from the Intro through to the Outro.",templates/jazz-ballad-vocal-jazz_0004.txt
"Jazz, Swing & Big Band",jazz-noir-cinematic-ballad_0001,Jazz Noir / Cinematic Ballad,cinematic-pop-ballad,78 BPM; G minor,"The piece opens with a dramatic, sweeping orchestral introduction that immediately establishes a sense of grandeur and melancholy.",Singer A (Female).,"An upright bass provides the harmonic and rhythmic foundation throughout the entire track, playing a walking line in the verses that simplifies to long, sustained roots during the heavier chorus sections.",templates/jazz-noir-cinematic-ballad_0001.txt
"Jazz, Swing & Big Band",jazz-pop-cabaret-swing_0001,Jazz Pop / Cabaret Swing,—,120 BPM; C minor,"The piece opens with a mysterious and slightly melancholic narrative tone, establishing an intimate atmosphere.",Singer A (Female).,"An acoustic piano serves as the harmonic and melodic backbone throughout the entire track, driving the chord progressions with a mix of block chords and rhythmic comping that adapts to the song's dynamic shifts.",templates/jazz-pop-cabaret-swing_0001.txt
"Jazz, Swing & Big Band",jazz-pop-lounge_0001,Jazz Pop / Lounge,general-pop-ballad,143 BPM; C major,"The piece opens with a gentle, nostalgic atmosphere that feels like a quiet reminiscence.",Singer A (Female).,"A grand piano serves as the harmonic and melodic anchor, playing flowing arpeggios and chord voicings from the Intro through to the Outro, establishing the jazz-inflected tonal palette.",templates/jazz-pop-lounge_0001.txt
"Jazz, Swing & Big Band",jazz-pop-soul-ballad_0001,Jazz Pop / Soul Ballad,soul-blues-gospel,200 BPM; Bb minor,"The piece opens with a solitary, mournful atmosphere established by a solo wind instrument, creating a sense of intimate isolation.",Singer A (Female).,"A soulful tenor saxophone serves as the primary melodic voice alongside the vocals, introducing the theme in the intro and providing expressive counter-melodies and solos throughout the track, especially in the…",templates/jazz-pop-soul-ballad_0001.txt
"Jazz, Swing & Big Band",jazz-pop-swing_0001,Jazz Pop / Swing,—,118 BPM; Eb major,"The piece opens with a playful and slightly contentious atmosphere, driven by a light swing rhythm that suggests a whimsical debate.",Singer A (Female).,"An acoustic piano provides the core harmonic structure with comping chords and occasional melodic fills, present throughout the entire track from Intro to Outro.",templates/jazz-pop-swing_0001.txt
"Jazz, Swing & Big Band",smooth-jazz-adult-contemporary-randb_0001,Smooth Jazz / Adult Contemporary R&B,modern-rnb-neo-soul,171 BPM; Bb major,"The piece opens with a tender, atmospheric intimacy that gradually builds into a passionate, swelling declaration during the choruses.",Singer A (Female).,"A warm electric piano provides the core harmonic foundation from the Intro through the Outro, playing lush, extended jazz chords.",templates/smooth-jazz-adult-contemporary-randb_0001.txt
"Jazz, Swing & Big Band",swing-big-band-jazz-pop_0001,Swing / Big Band Jazz Pop,—,214 BPM; Bb major,"The piece opens with a playful, scat-led introduction that immediately establishes a buoyant and sophisticated mood.",Singer A (Female).,"An upright bass playing a walking bassline serves as the harmonic and rhythmic anchor, present from the very beginning to the end, driving the swing feel.",templates/swing-big-band-jazz-pop_0001.txt
"Jazz, Swing & Big Band",swing-vocal-jazz_0001,Swing / Vocal Jazz,—,200 BPM; D minor,"The piece opens with a relaxed, inviting atmosphere that immediately establishes a carefree and optimistic tone.",Singer A (Male).,"An acoustic upright bass provides a walking bassline that anchors the harmonic progression from start to finish, while a rhythmic acoustic piano supplies syncopated comping chords that drive the swing feel throughout…",templates/swing-vocal-jazz_0001.txt
"Jazz, Swing & Big Band",swing-jazz-vocal-pop_0001,Swing Jazz / Vocal Pop,general-pop-ballad,128 BPM; A major,"The piece opens with a buoyant and whimsical energy, establishing an immediate sense of celebration.",Singer A (Male).,"An acoustic piano serves as the harmonic backbone, playing rhythmic comping chords with occasional melodic fills.",templates/swing-jazz-vocal-pop_0001.txt
"Jazz, Swing & Big Band",swing-revival-big-band-pop_0001,Swing Revival / Big Band Pop,—,167 BPM; G minor,"The piece opens with a relaxed, humming introduction that quickly accelerates into a high-energy, jubilant main section.",Singer A (Male).,"A bright, percussive piano drives the harmonic rhythm throughout the entire track, playing syncopated chords that define the swing groove.",templates/swing-revival-big-band-pop_0001.txt
"Jazz, Swing & Big Band",vocal-jazz-ballad_0001,Vocal Jazz / Ballad,general-pop-ballad,71 BPM; Bb major,"The piece opens with a wistful and cinematic atmosphere, establishing a sense of nostalgia through a sparse piano introduction.",Singer A (Female).,"An acoustic piano serves as the harmonic backbone, playing arpeggiated chords and melodic fills from the Intro through to the Outro, providing both rhythm and melody.",templates/vocal-jazz-ballad_0001.txt
"Jazz, Swing & Big Band",vocal-jazz-big-ballad_0001,Vocal Jazz / Big Ballad,general-pop-ballad,69 BPM; F minor,"The piece opens with a solitary, wistful atmosphere established by a woodwind solo and sparse accompaniment, creating a sense of intimate longing.",Singer A (Female).,"A grand piano serves as the harmonic anchor, playing arpeggiated figures in the intro and verses, shifting to block chords and rhythmic comping during the climactic sections.",templates/vocal-jazz-big-ballad_0001.txt
"Jazz, Swing & Big Band",vocal-jazz-big-band-swing_0001,Vocal Jazz / Big Band Swing,—,130 BPM; Bb minor,"The piece opens with a suave, intimate atmosphere that feels both romantic and slightly melancholic.",Singer A (Male).,"An acoustic piano provides the core harmonic foundation with lush, extended jazz voicings, present from the Intro through to the Outro.",templates/vocal-jazz-big-band-swing_0001.txt
"Jazz, Swing & Big Band",vocal-jazz-cool-jazz_0001,Vocal Jazz / Cool Jazz,—,125 BPM; Bb minor,"The piece opens with a sophisticated, laid-back swing feel that establishes an intimate and contemplative mood.",Singer A (Male).,"An acoustic piano serves as the harmonic and melodic core, providing lush, extended jazz chords and melodic fills from the Intro through to the Outro.",templates/vocal-jazz-cool-jazz_0001.txt
"Jazz, Swing & Big Band",vocal-jazz-cool-jazz-ballad_0001,Vocal Jazz / Cool Jazz Ballad,—,57 BPM; Bb major,"The piece opens with a hushed, intimate vulnerability, establishing a contemplative mood that remains restrained through the initial verses.",Singer A (Female).,"A grand piano serves as the harmonic and melodic anchor, playing sparse, resonant chords and gentle arpeggios from the Intro through to the Outro.",templates/vocal-jazz-cool-jazz-ballad_0001.txt
"Jazz, Swing & Big Band",vocal-jazz-indie-pop_0001,Vocal Jazz / Indie Pop,general-pop-ballad,120 BPM; Bb minor,"The piece opens with an intimate, solitary atmosphere that feels contemplative and slightly yearning.",Singer A (Female).,"A clean-toned electric guitar serves as the harmonic backbone, playing intricate jazz chord voicings and melodic fills from the very beginning through to the end.",templates/vocal-jazz-indie-pop_0001.txt
"Jazz, Swing & Big Band",vocal-jazz-jazz-ballad_0001,Vocal Jazz / Jazz Ballad,—,62 BPM; Bb major,"The piece opens with a tender, intimate atmosphere that feels like a private confession.",Singer A (Female).,"A grand piano serves as the harmonic and melodic anchor throughout the entire track, providing arpeggiated figures in the intro and shifting to fuller, rhythmic chord voicings as the arrangement builds.",templates/vocal-jazz-jazz-ballad_0001.txt
"Jazz, Swing & Big Band",vocal-jazz-lounge-pop_0001,Vocal Jazz / Lounge Pop,general-pop-ballad,107 BPM; Bb major,"The piece opens with a whimsical, carefree atmosphere established by unaccompanied vocal improvisation, which then settles into a relaxed, swaying groove.",Singer A (Female).,"An acoustic piano serves as the harmonic backbone, playing syncopated jazz chords and melodic fills from the first verse through to the end.",templates/vocal-jazz-lounge-pop_0001.txt
"Jazz, Swing & Big Band",vocal-jazz-orchestral-ballad_0001,Vocal Jazz / Orchestral Ballad,general-pop-ballad,78 BPM; Bb major,"The piece opens with a cinematic, sweeping grandeur that quickly settles into an intimate, wistful introspection during the verses.",Singer A (Female).,"A grand piano serves as the harmonic anchor, playing arpeggiated figures and chordal support from the Intro through to the Outro, providing the foundational structure for the melody.",templates/vocal-jazz-orchestral-ballad_0001.txt
"Jazz, Swing & Big Band",vocal-jazz-smooth-jazz-ballad_0001,Vocal Jazz / Smooth Jazz Ballad,—,109 BPM; Bb major,"The piece opens with a gentle, intimate atmosphere that feels like a private conversation, maintaining a warm and romantic tone throughout the verses.",Singer A (Female) and Singer B (Male).,"An acoustic piano serves as the harmonic backbone, playing flowing, syncopated jazz voicings and melodic fills from the Intro through to the Outro.",templates/vocal-jazz-smooth-jazz-ballad_0001.txt
"Jazz, Swing & Big Band",vocal-jazz-swing_0001,Vocal Jazz / Swing,—,130 BPM; Bb major,"The piece opens with a sophisticated and relaxed swing atmosphere, establishing an intimate mood immediately.",Singer A (Male).,"An acoustic piano serves as the harmonic and melodic core, providing chordal comping throughout the vocal sections and taking the lead with an improvised solo during the instrumental break.",templates/vocal-jazz-swing_0001.txt
"Jazz, Swing & Big Band",vocal-jazz-swing_0002,Vocal Jazz / Swing,—,118 BPM; A minor,"The piece opens with a wistful, slightly melancholic narrative tone that feels intimate and restrained.",Singer A (Male).,"An acoustic piano serves as the harmonic backbone throughout the entire track, providing comping chords and melodic fills between vocal phrases.",templates/vocal-jazz-swing_0002.txt
"Jazz, Swing & Big Band",vocal-jazz-swing_0003,Vocal Jazz / Swing,—,118 BPM; Bb major,"The piece opens with an intimate, slightly mysterious atmosphere that quickly blossoms into a playful and confident swing feel.",Singer A (Female).,"An acoustic piano serves as the harmonic backbone throughout the entire track, providing rhythmic comping in the verses and more intricate, syncopated fills during the instrumental breaks and choruses.",templates/vocal-jazz-swing_0003.txt
"Jazz, Swing & Big Band",vocal-jazz-swing-ballad_0001,Vocal Jazz / Swing Ballad,—,107 BPM; C major,"The piece opens with a relaxed, intimate atmosphere that establishes a sense of nostalgia and warmth.",Singer A (Male).,"An acoustic piano serves as the harmonic and melodic anchor, playing syncopated chord voicings and melodic fills from the Intro through to the Outro.",templates/vocal-jazz-swing-ballad_0001.txt
"Jazz, Swing & Big Band",vocal-jazz-swing-pop_0001,Vocal Jazz / Swing Pop,—,120 BPM; C# major,"The piece opens with a whimsical and lighthearted atmosphere, establishing a playful conversational tone between the vocalists.",Singer A (Female) and Singer B (Male).,"An acoustic piano serves as the central harmonic and melodic driver, present from the very beginning to the end.",templates/vocal-jazz-swing-pop_0001.txt
"Jazz, Swing & Big Band",vocal-jazz-traditional-pop_0001,Vocal Jazz / Traditional Pop,traditional-vocal-stage,130 BPM; F minor,"The piece establishes a wistful, nostalgic atmosphere from the outset, maintaining a steady, contemplative mood throughout the verses.",Singer A (Male).,"An acoustic piano serves as the harmonic core, playing lush, extended jazz chords and melodic fills from the Intro through to the Outro.",templates/vocal-jazz-traditional-pop_0001.txt
"Jazz, Swing & Big Band",vocal-jazz-traditional-pop-ballad_0001,Vocal Jazz / Traditional Pop Ballad,traditional-vocal-stage,77 BPM; C major,"The piece opens with an intimate, conversational tone that feels like a private confession.",Singer A (Male) and Singer B (Female).,"An acoustic piano provides the core harmonic foundation with lush, extended jazz voicings, present from the intro through to the outro.",templates/vocal-jazz-traditional-pop-ballad_0001.txt
"Jazz, Swing & Big Band",vocal-jazz-traditional-pop-ballad_0002,Vocal Jazz / Traditional Pop Ballad,traditional-vocal-stage,87 BPM; Ab major,"The piece opens with a gentle, nocturnal intimacy that establishes a reflective mood.",Singer A (Female).,"An acoustic piano serves as the harmonic backbone, playing lush, extended jazz chords and melodic fills from the Intro through to the Outro.",templates/vocal-jazz-traditional-pop-ballad_0002.txt
"Jazz, Swing & Big Band",vocal-jazz-traditional-pop-ballad_0003,Vocal Jazz / Traditional Pop Ballad,traditional-vocal-stage,80 BPM; F major,"The piece establishes a somber, reflective mood immediately with a sparse arrangement, maintaining a consistent atmosphere of melancholy throughout the verses.","Singer A (Male) possesses a smooth, resonant baritone with a slightly weathered texture that conveys maturity and sorrow.","An acoustic piano serves as the harmonic backbone, playing lush, extended jazz chords and gentle melodic fills from the Intro through to the Outro.",templates/vocal-jazz-traditional-pop-ballad_0003.txt
Metal & Heavy Rock,alternative-metal-electronic-rock_0001,Alternative Metal / Electronic Rock,pop-alternative-rock,94 BPM; Bb minor,"The piece opens with a claustrophobic and tense atmosphere, characterized by restrained instrumentation that mirrors internal struggle.",Singer A (Female).,"Heavily distorted electric guitars provide the core harmonic weight, playing chugging, palm-muted riffs in the verses and opening up into soaring, sustained power chords during the choruses.",templates/alternative-metal-electronic-rock_0001.txt
Metal & Heavy Rock,alternative-metal-hard-rock_0001,Alternative Metal / Hard Rock,—,87 BPM; C minor,"The piece opens with a brooding, atmospheric tension that feels organic and grounded, slowly building anticipation.",Singer A (Male).,"Heavily distorted electric guitars serve as the core harmonic engine, playing chugging, palm-muted riffs in the verses and opening up into soaring, sustained power chords in the choruses.",templates/alternative-metal-hard-rock_0001.txt
Metal & Heavy Rock,alternative-metal-hard-rock_0002,Alternative Metal / Hard Rock,—,182 BPM; Bb minor,"The piece opens with a brooding, atmospheric tension that feels restrained and ominous.",Singer A (Male).,Heavily distorted electric guitars serve as the core harmonic and melodic drivers.,templates/alternative-metal-hard-rock_0002.txt
Metal & Heavy Rock,alternative-metal-industrial-rock_0001,Alternative Metal / Industrial Rock,pop-alternative-rock,98 BPM; Eb minor,"The piece opens with a tense, mechanical atmosphere that quickly erupts into high-octane aggression.",Singer A (Male).,"Heavily distorted electric guitars provide the core harmonic foundation, playing tight, palm-muted chugging riffs in the verses and opening up into sustained, ringing power chords during the choruses.",templates/alternative-metal-industrial-rock_0001.txt
Metal & Heavy Rock,alternative-metal-nu-metal_0001,Alternative Metal / Nu-Metal,—,90 BPM; Bb minor,"The track opens with a brooding, mysterious tension that gradually builds through the verses with increasing rhythmic density.",Singer A (Male).,"Heavily distorted electric guitars serve as the core harmonic and melodic drivers, utilizing palm-muted chugging riffs in the verses and open, soaring power chords in the choruses.",templates/alternative-metal-nu-metal_0001.txt
Metal & Heavy Rock,alternative-metal-post-grunge_0001,Alternative Metal / Post-Grunge,general-pop-ballad,90 BPM; Bb minor,"The piece opens with a somber, atmospheric stillness that gradually accumulates tension through the verses.",Singer A (Male).,"Heavily distorted electric guitars serve as the core harmonic driver, present throughout the track but shifting from clean, arpeggiated patterns in the intro and verses to thick, palm-muted power chords in the choruses.",templates/alternative-metal-post-grunge_0001.txt
Metal & Heavy Rock,alternative-metal-post-hardcore_0001,Alternative Metal / Post-Hardcore,—,87 BPM; Bb minor,"The piece opens with a somber, atmospheric melancholy that quickly builds into a tense, driving urgency.",Singer A (Male).,"Heavily distorted electric guitars serve as the core harmonic and melodic drivers, utilizing palm-muted chugging rhythms in the verses and soaring, open power-chord progressions in the choruses.",templates/alternative-metal-post-hardcore_0001.txt
Metal & Heavy Rock,alternative-metal-post-hardcore_0002,Alternative Metal / Post-Hardcore,—,88 BPM; C# major,"The piece opens with a somber, atmospheric melancholy that establishes a sense of vulnerability.",Singer A (Male).,"Heavily distorted electric guitars serve as the core harmonic engine, playing tight, palm-muted chugging riffs in the verses and opening up into soaring, sustained power chords during the choruses.",templates/alternative-metal-post-hardcore_0002.txt
Metal & Heavy Rock,alternative-metal-post-hardcore_0003,Alternative Metal / Post-Hardcore,—,95 BPM; C# minor,"The piece opens with a brooding, atmospheric tension that feels introspective and heavy.",A single male vocalist delivers the performance.,"Heavily distorted electric guitars serve as the core harmonic driver, playing tight, palm-muted chugging riffs in the verses and opening up into soaring, sustained power chords during the choruses.",templates/alternative-metal-post-hardcore_0003.txt
Metal & Heavy Rock,folk-metal-hard-rock_0001,Folk Metal / Hard Rock,—,95 BPM; E minor,"The piece opens with an atmospheric and mystical tension that quickly erupts into a high-energy, aggressive drive.",Singer A (Male).,"Distorted electric guitars provide the core harmonic weight and rhythmic chugging throughout the track, excluding the very brief intro.",templates/folk-metal-hard-rock_0001.txt
Metal & Heavy Rock,folk-metal-heavy-metal-fusion-with-traditional-chinese-influences_0001,Folk Metal / Heavy Metal fusion with traditional Chinese influences,—,130 BPM; A minor,"The piece opens with a solemn, meditative atmosphere that evokes ancient spirituality, which is abruptly shattered by an explosive transition into high-octane aggression.",Singer A (Male).,"Heavily distorted electric guitars playing fast, palm-muted riffs and power chords form the core harmonic structure from the first heavy beat until the outro.",templates/folk-metal-heavy-metal-fusion-with-traditional-chinese-influences_0001.txt
Metal & Heavy Rock,hard-rock-alternative-metal_0001,Hard Rock / Alternative Metal,—,85 BPM; Eb minor,"The piece opens with a tense, atmospheric build-up that quickly erupts into a high-octane, defiant energy.",Singer A (Male).,"Heavily distorted electric guitars serve as the core harmonic and melodic drivers, utilizing palm-muted chugging riffs in the verses and soaring, sustained power chords in the choruses.",templates/hard-rock-alternative-metal_0001.txt
Metal & Heavy Rock,hard-rock-alternative-metal_0002,Hard Rock / Alternative Metal,—,86 BPM; C# minor,"The piece opens with a somber, atmospheric melancholy that establishes a sense of isolation.",Singer A (Male).,"Heavily distorted electric guitars serve as the core harmonic and melodic drivers, present from the first heavy downbeat through to the end.",templates/hard-rock-alternative-metal_0002.txt
Metal & Heavy Rock,hard-rock-arena-rock_0001,Hard Rock / Arena Rock,pop-alternative-rock,88 BPM; Eb minor,"The piece opens with a tense, atmospheric buildup that quickly erupts into a high-energy, defiant drive.",Singer A (Male).,"Heavily distorted electric guitars serve as the core harmonic and melodic drivers, present throughout the track with palm-muted chugging in the verses and open, soaring power chords in the choruses.",templates/hard-rock-arena-rock_0001.txt
Metal & Heavy Rock,hard-rock-arena-rock_0002,Hard Rock / Arena Rock,pop-alternative-rock,85 BPM; G minor,"The piece launches with an anthemic, high-energy declaration that immediately establishes a heroic tone.",Singer A (Male).,"Heavily distorted electric guitars serve as the core harmonic and melodic drivers, playing chunky power-chord riffs in the verses and soaring, melodic lead lines during the choruses and solo sections.",templates/hard-rock-arena-rock_0002.txt
Metal & Heavy Rock,hard-rock-arena-rock_0003,Hard Rock / Arena Rock,pop-alternative-rock,146 BPM; Eb minor,"The track launches with immediate, high-octane aggression, establishing a relentless and fiery atmosphere from the outset.",Singer A (Male).,"Heavily distorted electric guitars serve as the core harmonic and melodic drivers, present from the very first second to the end.",templates/hard-rock-arena-rock_0003.txt
Metal & Heavy Rock,hard-rock-arena-rock_0004,Hard Rock / Arena Rock,pop-alternative-rock,143 BPM; Ab major,"The track launches with immediate, high-octane energy, establishing a tone of relentless forward motion and determination.",Singer A (Male).,"Heavily distorted electric guitars serve as the core harmonic and melodic drivers, playing chunky power-chord riffs in the verses and opening up into broader, ringing chord voicings in the choruses.",templates/hard-rock-arena-rock_0004.txt
Metal & Heavy Rock,hard-rock-arena-rock_0005,Hard Rock / Arena Rock,pop-alternative-rock,86 BPM; F# major,"The piece opens with a somber, atmospheric melancholy that gradually builds tension through the verses.",Singer A (Male).,Distorted electric guitars serve as the core harmonic and melodic drivers.,templates/hard-rock-arena-rock_0005.txt
Metal & Heavy Rock,hard-rock-blues-rock_0001,Hard Rock / Blues Rock,soul-blues-gospel,162 BPM; Ab minor,"The track launches immediately with high-octane aggression and a driving, relentless momentum that persists throughout.",Singer A (Male).,"Heavily distorted electric guitars serve as the core harmonic and melodic drivers, present from the very first second to the end.",templates/hard-rock-blues-rock_0001.txt
Metal & Heavy Rock,hard-rock-heavy-metal_0001,Hard Rock / Heavy Metal,—,92 BPM; Eb minor,"The piece opens with an atmospheric, almost mystical tension that abruptly shifts into a high-energy, aggressive assault.",Singer A (Male).,"Heavily distorted electric guitars serve as the core harmonic and melodic drivers, present from the first heavy riff to the final chord.",templates/hard-rock-heavy-metal_0001.txt
Metal & Heavy Rock,hard-rock-heavy-metal-with-east-asian-stylistic-influences_0001,Hard Rock / Heavy Metal with East Asian stylistic influences,—,94 BPM; Eb minor,"The piece opens with a dramatic, cinematic tension that immediately erupts into a high-octane, aggressive drive.",Singer A (Male).,"Heavily distorted electric guitars serve as the core harmonic and melodic engine, present from the very first second to the final chord.",templates/hard-rock-heavy-metal-with-east-asian-stylistic-influences_0001.txt
Metal & Heavy Rock,hard-rock-j-rock-influenced-pop-rock_0001,Hard Rock / J-Rock influenced Pop Rock,pop-alternative-rock,162 BPM; Eb minor,"The piece launches immediately with high-octane energy and a sense of urgency, maintaining a relentless forward momentum through the verses.",Singer A (Male).,"Heavily distorted electric guitars serve as the core harmonic and melodic drivers, present from the very first second to the end.",templates/hard-rock-j-rock-influenced-pop-rock_0001.txt
Metal & Heavy Rock,heavy-metal-melodic-death-metal_0001,Heavy Metal / Melodic Death Metal,—,128 BPM; D minor,"The piece launches with immediate, high-octane aggression and relentless kinetic energy.",Singer A (Male).,"Heavily distorted, down-tuned electric guitars serve as the core harmonic and melodic drivers, present from the very first second to the end.",templates/heavy-metal-melodic-death-metal_0001.txt
Metal & Heavy Rock,heavy-metal-melodic-death-metal_0002,Heavy Metal / Melodic Death Metal,—,115 BPM; D minor,"The piece launches with immediate, high-octane aggression and relentless kinetic energy.",Singer A (Male).,"Heavily distorted, down-tuned electric guitars serve as the core harmonic and melodic drivers, present from the opening riff to the final chord.",templates/heavy-metal-melodic-death-metal_0002.txt
Metal & Heavy Rock,heavy-metal-modern-groove-metal_0001,Heavy Metal / Modern Groove Metal,—,143 BPM; Eb minor,"The piece opens with a menacing and tense atmosphere, established by a chugging rhythmic motif that suggests lurking danger.",Singer A (Male).,"Heavily distorted, down-tuned electric guitars serve as the core harmonic and rhythmic engine.",templates/heavy-metal-modern-groove-metal_0001.txt
Metal & Heavy Rock,metalcore-alternative-metal_0001,Metalcore / Alternative Metal,—,95 BPM; Eb minor,"The piece opens with a tense, atmospheric buildup that quickly erupts into aggressive, high-energy instrumentation.",Singer A (Male).,"Heavily distorted electric guitars serve as the core harmonic and melodic drivers, utilizing palm-muted chugging rhythms in the verses and open, soaring power chords in the choruses.",templates/metalcore-alternative-metal_0001.txt
Metal & Heavy Rock,metalcore-alternative-metal_0002,Metalcore / Alternative Metal,—,194 BPM; Bb minor,"The piece opens with a tense, atmospheric buildup that quickly erupts into aggressive, high-energy confrontation.",Singer A (Male).,"Heavily distorted electric guitars serve as the core harmonic and rhythmic engine, delivering chugging palm-muted riffs in the verses and soaring, sustained power chords in the choruses.",templates/metalcore-alternative-metal_0002.txt
Metal & Heavy Rock,metalcore-deathcore_0001,Metalcore / Deathcore,general-pop-ballad,125 BPM; Bb minor,"The track launches immediately into a state of high-octane aggression and chaotic intensity, maintaining a relentless wall of sound throughout the verses.",Singer A (Male).,"Heavily distorted, down-tuned electric guitars serve as the core harmonic and rhythmic engine, utilizing chugging palm-muted riffs and dissonant power chords from start to finish.",templates/metalcore-deathcore_0001.txt
Metal & Heavy Rock,metalcore-electronic-rock_0001,Metalcore / Electronic Rock,pop-alternative-rock,187 BPM; Eb minor,"The piece opens with a tense, atmospheric buildup that quickly erupts into an aggressive and defiant energy.",Singer A (Male).,"Heavily distorted electric guitars playing palm-muted chugging riffs and open power chords form the harmonic backbone, present throughout the track except for the atmospheric intro.",templates/metalcore-electronic-rock_0001.txt
Metal & Heavy Rock,metalcore-electronic-rock_0002,Metalcore / Electronic Rock,pop-alternative-rock,92 BPM; C minor,"The piece opens with a tense, cinematic atmosphere that quickly erupts into high-octane aggression.",Singer A (Male).,"Heavily distorted electric guitars serve as the core harmonic and rhythmic engine, playing tight, palm-muted chugging riffs in the verses and soaring, open power chords in the choruses.",templates/metalcore-electronic-rock_0002.txt
Metal & Heavy Rock,metalcore-electronicore_0001,Metalcore / Electronicore,electronic-synth-ambient-pop,128 BPM; Bb minor,"The piece opens with a cold, atmospheric tension that quickly erupts into aggressive, high-energy intensity.",Singer A (Male).,"Heavily distorted, down-tuned electric guitars serve as the core harmonic and rhythmic engine, present from the first heavy bar to the end.",templates/metalcore-electronicore_0001.txt
Metal & Heavy Rock,metalcore-electronicore_0002,Metalcore / Electronicore,electronic-synth-ambient-pop,194 BPM; Bb minor,"The piece opens with a tense, atmospheric build-up that quickly erupts into high-octane aggression and urgency.",Singer A (Male).,"Heavily distorted, down-tuned electric guitars provide the core harmonic and rhythmic drive, utilizing palm-muted chugging patterns in the verses and open, soaring power chords in the choruses.",templates/metalcore-electronicore_0002.txt
Metal & Heavy Rock,metalcore-modern-heavy-metal_0001,Metalcore / Modern Heavy Metal,—,125 BPM; Bb minor,"The track erupts immediately with high-octane aggression and defiant intensity, maintaining a relentless drive through the verses.",Singer A (Male).,"Heavily distorted, down-tuned electric guitars serve as the core harmonic engine, delivering chugging palm-muted riffs in the verses and open, soaring power chords in the choruses.",templates/metalcore-modern-heavy-metal_0001.txt
Metal & Heavy Rock,metalcore-nu-metal_0001,Metalcore / Nu-Metal,—,98 BPM; Bb minor,"The piece launches with immediate, high-octane aggression and chaotic energy, establishing a confrontational tone.",Singer A (Male).,"Heavily distorted, down-tuned electric guitars serve as the core harmonic and rhythmic engine, utilizing palm-muted chugging patterns in the verses and open, soaring power chords in the choruses.",templates/metalcore-nu-metal_0001.txt
Metal & Heavy Rock,metalcore-post-hardcore_0001,Metalcore / Post-Hardcore,—,95 BPM; Bb minor,"The piece opens with a tense, atmospheric melancholy that gradually builds into an explosive release of aggression and defiance.",Singer A (Male).,"Heavily distorted electric guitars serve as the core harmonic driver, alternating between chugging, palm-muted rhythmic patterns in the heavy sections and clean, arpeggiated melodies with delay in the softer verses.",templates/metalcore-post-hardcore_0001.txt
Metal & Heavy Rock,metalcore-post-hardcore_0002,Metalcore / Post-Hardcore,—,182 BPM; Bb minor,"The piece opens with a somber, atmospheric melancholy that gradually builds tension through melodic restraint.",A single male vocalist performs two distinct roles.,"Heavily distorted electric guitars serve as the core harmonic driver, playing chugging palm-muted riffs in the heavy sections and arpeggiated, cleaner lines in the intro and bridge.",templates/metalcore-post-hardcore_0002.txt
Metal & Heavy Rock,metalcore-post-hardcore_0003,Metalcore / Post-Hardcore,—,90 BPM; Bb minor,"The piece opens with a somber, atmospheric melancholy that quickly fractures into aggressive, high-tension catharsis.",A single male vocalist performs dual roles.,"Heavily distorted electric guitars serve as the core harmonic and rhythmic engine, alternating between chugging, palm-muted riffs in the heavy sections and soaring, arpeggiated clean lines with chorus effects in the…",templates/metalcore-post-hardcore_0003.txt
Metal & Heavy Rock,metalcore-post-hardcore_0004,Metalcore / Post-Hardcore,—,95 BPM; Eb minor,"The piece opens with a somber, atmospheric tension that gradually builds into a driving, anthemic urgency during the verses.",Singer A (Male).,"Heavily distorted electric guitars serve as the core harmonic and rhythmic engine, playing chugging palm-muted riffs in the verses and open, soaring power chords in the choruses.",templates/metalcore-post-hardcore_0004.txt
Metal & Heavy Rock,metalcore-post-hardcore_0005,Metalcore / Post-Hardcore,—,176 BPM; F# major,"The piece opens with a somber, atmospheric melancholy that quickly builds into urgent tension.",Singer A (Male).,"Heavily distorted electric guitars serve as the core harmonic driver, playing chugging, palm-muted riffs in the verses and open, soaring power chords in the choruses.",templates/metalcore-post-hardcore_0005.txt
Metal & Heavy Rock,metalcore-post-hardcore_0006,Metalcore / Post-Hardcore,—,194 BPM; B minor,"The piece opens with a somber, atmospheric tension that feels heavy and rooted, gradually escalating into explosive, aggressive outbursts during the choruses.",Singer A (Male).,"Heavily distorted, down-tuned electric guitars serve as the core harmonic driver, utilizing palm-muted chugging patterns in the verses and soaring, dissonant lead lines in the choruses.",templates/metalcore-post-hardcore_0006.txt
Metal & Heavy Rock,metalcore-post-hardcore-with-electronic-influences_0001,Metalcore / Post-Hardcore with Electronic influences,pop-alternative-rock,136 BPM; Bb minor,"The piece opens with an atmosphere of suffocating tension and claustrophobia, driven by aggressive rhythmic density.",Singer A (Male).,"Heavily distorted, down-tuned electric guitars provide the core harmonic weight, playing chugging, syncopated riffs in the verses and open, ringing power chords in the choruses.",templates/metalcore-post-hardcore-with-electronic-influences_0001.txt
Metal & Heavy Rock,metalcore-post-hardcore-with-electronic-influences_0002,Metalcore / Post-Hardcore with Electronic influences,pop-alternative-rock,95 BPM; Bb minor,"The piece opens with a melancholic and atmospheric tension, utilizing clean textures to establish a sense of isolation.",Singer A (Male).,"Heavily distorted, down-tuned electric guitars serve as the core harmonic driver, playing chugging palm-muted riffs in the verses and soaring, sustained power chords in the choruses.",templates/metalcore-post-hardcore-with-electronic-influences_0002.txt
Metal & Heavy Rock,modern-hard-rock-alternative-metal_0001,Modern Hard Rock / Alternative Metal,—,182 BPM; B minor,"The piece opens with a somber, atmospheric melancholy that gradually accumulates tension through the verses.",Singer A (Male) and Singer B (Female).,"Heavily distorted electric guitars serve as the core harmonic engine, playing chugging power-chord riffs in the verses and soaring, sustained leads in the choruses.",templates/modern-hard-rock-alternative-metal_0001.txt
Metal & Heavy Rock,modern-hard-rock-alternative-metal_0002,Modern Hard Rock / Alternative Metal,—,154 BPM; F# major,"The piece opens with a tense, brooding atmosphere driven by a rhythmic guitar motif, creating a sense of anticipation.",Singer A (Male).,"Heavily distorted electric guitars serve as the core harmonic and melodic drivers, present from the intro riff through to the outro.",templates/modern-hard-rock-alternative-metal_0002.txt
Metal & Heavy Rock,modern-hard-rock-alternative-metal_0003,Modern Hard Rock / Alternative Metal,—,171 BPM; Bb minor,"The track launches with immediate, high-octane aggression, establishing a tense and urgent atmosphere.",Singer A (Male).,"Heavily distorted electric guitars serve as the core harmonic and melodic drivers, present from the very first second.",templates/modern-hard-rock-alternative-metal_0003.txt
Metal & Heavy Rock,modern-hard-rock-arena-rock_0001,Modern Hard Rock / Arena Rock,pop-alternative-rock,146 BPM; Eb minor,"The track opens with a somber, atmospheric tension that quickly erupts into high-energy defiance.",Singer A (Male).,"Heavily distorted electric guitars serve as the harmonic backbone, playing tight, palm-muted rhythmic chugs in the verses and soaring, open power chords in the choruses.",templates/modern-hard-rock-arena-rock_0001.txt
Metal & Heavy Rock,modern-metal-alternative-rock_0001,Modern Metal / Alternative Rock,pop-alternative-rock,95 BPM; Bb minor,"The piece opens with a tense, atmospheric buildup that quickly erupts into a high-energy, defiant assault.",Singer A (Male).,"Heavily distorted electric guitars serve as the core harmonic engine, playing tight, palm-muted chugging riffs in the verses and opening up into broad, soaring power chords during the choruses.",templates/modern-metal-alternative-rock_0001.txt
Metal & Heavy Rock,modern-metal-electronic-rock_0001,Modern Metal / Electronic Rock,pop-alternative-rock,95 BPM; Eb minor,"The piece opens with an ethereal, atmospheric tension that quickly erupts into a high-octane, aggressive drive.",Singer A (Male) and Singer B (Female).,"Heavily distorted electric guitars playing tight, palm-muted chugging riffs serve as the harmonic backbone from the first verse through the final chorus.",templates/modern-metal-electronic-rock_0001.txt
Metal & Heavy Rock,modern-metal-melodic-metalcore_0001,Modern Metal / Melodic Metalcore,—,194 BPM; C# minor,"The piece opens with an urgent, high-tension instrumental drive that immediately establishes a sense of frantic motion.",Singer A (Male).,"Heavily distorted, down-tuned electric guitars serve as the core harmonic and rhythmic engine, utilizing palm-muted chugging patterns in the verses and open, soaring power chords in the choruses.",templates/modern-metal-melodic-metalcore_0001.txt
Metal & Heavy Rock,modern-metal-melodic-metalcore_0002,Modern Metal / Melodic Metalcore,—,109 BPM; Eb minor,"The piece opens with an ominous, atmospheric tension that quickly erupts into high-octane aggression.",Singer A (Male).,"Heavily distorted, down-tuned electric guitars serve as the core harmonic and rhythmic engine, present from the first bar to the end.",templates/modern-metal-melodic-metalcore_0002.txt
Metal & Heavy Rock,modern-metal-symphonic-rock_0001,Modern Metal / Symphonic Rock,pop-alternative-rock,100 BPM; Eb minor,"The piece opens with an atmospheric, cinematic tension that quickly erupts into high-octane aggression and urgency.",Singer A (Male).,"Heavily distorted electric guitars serve as the core harmonic and melodic drivers, present from the first beat after the intro.",templates/modern-metal-symphonic-rock_0001.txt
Metal & Heavy Rock,nu-metal-alternative-metal_0001,Nu-Metal / Alternative Metal,—,97 BPM; Bb minor,"The piece opens with a tense, atmospheric build-up that quickly erupts into an aggressive and high-energy assault.",Singer A (Male).,"Heavily distorted electric guitars serve as the core harmonic and rhythmic engine, playing tight, palm-muted chugging riffs in the verses and opening up into soaring, sustained power chords in the choruses.",templates/nu-metal-alternative-metal_0001.txt
Metal & Heavy Rock,nu-metal-alternative-metal_0002,Nu-Metal / Alternative Metal,—,102 BPM; C# minor,"The track launches immediately with high-octane aggression and kinetic energy, maintaining a relentless, confrontational tone throughout the verses.",Singer A (Male).,"Heavily distorted, down-tuned electric guitars playing chugging, palm-muted power chord riffs serve as the harmonic backbone from start to finish.",templates/nu-metal-alternative-metal_0002.txt
Metal & Heavy Rock,nu-metal-electronic-rock_0001,Nu-Metal / Electronic Rock,pop-alternative-rock,97 BPM; Bb minor,"The piece launches with an immediate, high-octane intensity that establishes a combative and urgent atmosphere.",Singer A (Male).,"Heavily distorted electric guitars playing tight, palm-muted chugging riffs serve as the harmonic backbone, present from the intro through to the finale.",templates/nu-metal-electronic-rock_0001.txt
Metal & Heavy Rock,nu-metal-electronic-rock_0002,Nu-Metal / Electronic Rock,pop-alternative-rock,95 BPM; Bb minor,"The piece opens with a tense, atmospheric build-up that quickly erupts into an aggressive and high-energy assault.",Singer A (Male).,"Heavily distorted electric guitars serve as the core harmonic and rhythmic engine, playing chugging power-chord riffs in the verses and opening up into broader, melodic lead lines during the choruses.",templates/nu-metal-electronic-rock_0002.txt
Metal & Heavy Rock,nu-metal-hard-rock-with-electronic-elements_0001,Nu-Metal / Hard Rock with Electronic elements,pop-alternative-rock,95 BPM; Eb minor,"The track launches with an immediate, high-octane aggression that establishes a combative and defiant tone.",Singer A (Male).,"Heavily distorted electric guitars serve as the core harmonic driver, playing chugging, palm-muted riffs in the verses and opening up into sustained, soaring power chords during the choruses.",templates/nu-metal-hard-rock-with-electronic-elements_0001.txt
Metal & Heavy Rock,nu-metal-industrial-rock_0001,Nu-Metal / Industrial Rock,pop-alternative-rock,95 BPM; Eb minor,"The track launches with immediate, high-octane aggression, establishing a combative atmosphere that persists through the verses.",Singer A (Male).,"Heavily distorted, down-tuned electric guitars provide the core harmonic and rhythmic drive, utilizing chugging palm-muted riffs in the verses and open, sustained power chords in the choruses.",templates/nu-metal-industrial-rock_0001.txt
Metal & Heavy Rock,nu-metal-rap-rock_0001,Nu-Metal / Rap Rock,hip-hop-rap,94 BPM; B minor,"The track launches immediately with a confrontational and high-tension atmosphere, maintaining a relentless aggressive drive throughout the verses.",Singer A (Male).,"Heavily distorted electric guitars playing syncopated, palm-muted power chord riffs serve as the harmonic backbone, present from the very first second and driving the track until the end.",templates/nu-metal-rap-rock_0001.txt
Metal & Heavy Rock,nu-metal-rap-rock_0002,Nu-Metal / Rap Rock,hip-hop-rap,95 BPM; C# minor,"The track launches immediately with high-octane aggression and confrontational energy, maintaining a relentless intensity through the verses.",Singer A (Male).,"Heavily distorted electric guitars playing chugging, palm-muted riffs serve as the core harmonic and rhythmic driver, present from the Intro through to the Outro.",templates/nu-metal-rap-rock_0002.txt
Metal & Heavy Rock,nu-metal-rap-rock_0003,Nu-Metal / Rap Rock,hip-hop-rap,95 BPM; Eb minor,"The track opens with a tense, atmospheric build-up that quickly erupts into an aggressive and high-energy assault.",Singer A (Male).,"Heavily distorted electric guitars playing chugging, palm-muted power chord riffs serve as the harmonic backbone, present from the first beat of the main section through to the outro.",templates/nu-metal-rap-rock_0003.txt
Metal & Heavy Rock,post-hardcore-alternative-metal_0001,Post-Hardcore / Alternative Metal,—,171 BPM; C# major,"The piece opens with a somber, atmospheric melancholy that gradually builds tension through restrained verses.",Singer A (Male).,"Heavily distorted electric guitars serve as the core harmonic driver, playing palm-muted chugging riffs in the verses and open, soaring power chords in the choruses.",templates/post-hardcore-alternative-metal_0001.txt
Metal & Heavy Rock,power-metal-heavy-metal_0001,Power Metal / Heavy Metal,—,194 BPM; Eb minor,"The piece launches immediately into a high-octane, aggressive atmosphere that sustains relentless intensity throughout the verses and choruses.",Singer A (Male).,"Heavily distorted electric guitars dominate the arrangement, playing fast, palm-muted rhythmic chugging patterns in the verses and shifting to soaring, harmonized melodic leads during the choruses and solo sections.",templates/power-metal-heavy-metal_0001.txt
Metal & Heavy Rock,power-metal-heavy-metal_0002,Power Metal / Heavy Metal,—,187 BPM; Eb minor,"The piece launches with an immediate, high-octane intensity that establishes a heroic and urgent atmosphere.",Singer A (Male).,"Heavily distorted electric guitars dominate the arrangement, providing both the rhythmic chugging foundation and the soaring melodic leads.",templates/power-metal-heavy-metal_0002.txt
Metal & Heavy Rock,power-metal-melodic-heavy-metal_0001,Power Metal / Melodic Heavy Metal,—,182 BPM; Eb minor,"The piece launches with immediate, high-octane aggression and anthemic grandeur, establishing a tone of defiant power.",Singer A (Male).,"Heavily distorted electric guitars serve as the core harmonic and melodic engine, utilizing fast palm-muted chugging rhythms in the verses and open, soaring power chords in the choruses.",templates/power-metal-melodic-heavy-metal_0001.txt
Metal & Heavy Rock,power-metal-neoclassical-metal_0001,Power Metal / Neoclassical Metal,—,167 BPM; Eb minor,"The piece launches with an immediate, high-octane sense of urgency and technical virtuosity, establishing a frantic and epic atmosphere.",Singer A (Male).,"Heavily distorted electric guitars dominate the arrangement, providing both the chugging rhythmic foundation via palm-muted riffs and the soaring melodic content through fast-paced neoclassical lead lines and…",templates/power-metal-neoclassical-metal_0001.txt
Metal & Heavy Rock,power-metal-symphonic-metal_0001,Power Metal / Symphonic Metal,—,167 BPM; Eb minor,"The piece launches with immediate, high-octane intensity through a rapid instrumental introduction, establishing a heroic and urgent atmosphere.",Singer A (Male).,"Heavily distorted electric guitars serve as the core harmonic and melodic engine, present from the very first second.",templates/power-metal-symphonic-metal_0001.txt
Metal & Heavy Rock,power-metal-symphonic-metal_0002,Power Metal / Symphonic Metal,—,171 BPM; F# major,"The piece launches with immediate, high-octane intensity and maintains a relentless heroic drive throughout the verses.",Singer A (Male).,"Heavily distorted electric guitars serve as the core harmonic and melodic drivers, present from the very first second.",templates/power-metal-symphonic-metal_0002.txt
Metal & Heavy Rock,power-metal-symphonic-metal_0003,Power Metal / Symphonic Metal,—,158 BPM; F# major,"The piece launches with immediate, high-octane intensity and heroic grandeur, maintaining a relentless forward momentum throughout the verses.",Singer A (Male).,"Heavily distorted electric guitars playing rapid, palm-muted rhythmic patterns and intricate, harmonized lead melodies serve as the core harmonic and melodic drivers, present from the opening second to the final…",templates/power-metal-symphonic-metal_0003.txt
Metal & Heavy Rock,southern-rock-blues-rock_0001,Southern Rock / Blues Rock,soul-blues-gospel,79 BPM; D minor,"The piece opens with a gritty, storytelling atmosphere that feels grounded and cautionary.",Singer A (Male).,"A crunchy, overdriven electric guitar plays the main riff and chord progressions, present from the Intro through the Outro, serving as the harmonic backbone.",templates/southern-rock-blues-rock_0001.txt
Metal & Heavy Rock,southern-rock-modern-country-rock_0001,Southern Rock / Modern Country Rock,country-americana,85 BPM; Eb minor,"The piece opens with a brooding, atmospheric tension that suggests an approaching storm, establishing a sense of foreboding.",Singer A (Male).,"Heavily distorted electric guitars serve as the core harmonic and melodic drivers, present from the first verse through the outro.",templates/southern-rock-modern-country-rock_0001.txt
Metal & Heavy Rock,symphonic-metal-folk-metal-fusion_0001,Symphonic Metal / Folk Metal fusion,—,95 BPM; Eb minor,"The piece opens with a mournful, cinematic atmosphere that quickly erupts into high-octane aggression.",Singer A (Male).,Heavily distorted electric guitars provide the core harmonic rhythm with chugging power chords and palm-muted riffs throughout the track.,templates/symphonic-metal-folk-metal-fusion_0001.txt
Metal & Heavy Rock,symphonic-metal-hard-rock_0001,Symphonic Metal / Hard Rock,—,95 BPM; Eb minor,"The piece opens with an ethereal and mysterious atmosphere that quickly gives way to aggressive, high-energy tension upon the entry of the full band.",Singer A (Female).,"Heavily distorted electric guitars serve as the core harmonic and rhythmic engine, playing palm-muted chugging riffs in the verses and open, soaring power chords in the choruses.",templates/symphonic-metal-hard-rock_0001.txt
Metal & Heavy Rock,symphonic-metal-hard-rock_0002,Symphonic Metal / Hard Rock,—,86 BPM; Eb minor,"The piece opens with a cinematic and atmospheric tension that rapidly escalates into an aggressive, high-octane drive.",Singer A (Male).,"Heavily distorted electric guitars serve as the core harmonic and rhythmic driver, playing palm-muted chugging riffs in the verses and open, soaring power chords in the choruses.",templates/symphonic-metal-hard-rock_0002.txt
Metal & Heavy Rock,symphonic-metal-hard-rock-with-traditional-chinese-folk-influences_0001,Symphonic Metal / Hard Rock with Traditional Chinese Folk influences,roots-traditional-global,90 BPM; Eb minor,"The piece opens with an atmospheric and mystical tension, utilizing traditional melodic motifs to establish a sense of ancient grandeur.",Singer A (Male).,"Heavily distorted electric guitars serve as the core harmonic and rhythmic driver, playing tight, palm-muted riffs in the verses and soaring, open power chords in the choruses.",templates/symphonic-metal-hard-rock-with-traditional-chinese-folk-influences_0001.txt
Metal & Heavy Rock,symphonic-metal-melodic-metalcore_0001,Symphonic Metal / Melodic Metalcore,—,171 BPM; B minor,The piece opens with a cinematic and ominous atmosphere that rapidly escalates into high-octane aggression.,Singer A (Female) and Singer B (Male).,"Heavily distorted electric guitars playing palm-muted chugging riffs and melodic lead lines form the harmonic core, present throughout the track except for the atmospheric intro and bridge.",templates/symphonic-metal-melodic-metalcore_0001.txt
Metal & Heavy Rock,symphonic-metal-modern-rock_0001,Symphonic Metal / Modern Rock,pop-alternative-rock,90 BPM; F# major,"The piece opens with a mysterious and atmospheric tension, utilizing sparse textures to evoke a sense of depth and isolation.",Singer A (Male) and Singer B (Female).,"Distorted electric guitars serve as the core harmonic driver, playing heavy, palm-muted riffs in the verses and opening up into full, sustained power chords during the choruses.",templates/symphonic-metal-modern-rock_0001.txt
Metal & Heavy Rock,symphonic-metal-power-metal_0001,Symphonic Metal / Power Metal,—,100 BPM; Eb minor,"The piece opens with an ethereal, cinematic atmosphere that quickly erupts into a high-energy, triumphant drive.",Singer A (Male).,"Heavily distorted electric guitars playing palm-muted rhythmic chugs in the verses and soaring, harmonized lead melodies in the choruses serve as the core harmonic and melodic drivers throughout the track.",templates/symphonic-metal-power-metal_0001.txt
Metal & Heavy Rock,symphonic-metal-power-metal_0002,Symphonic Metal / Power Metal,—,182 BPM; Eb minor,"The piece opens with a cinematic and anticipatory atmosphere, establishing a sense of vastness before erupting into high-octane aggression and triumph.",Singer A (Male).,"Heavily distorted electric guitars playing fast, palm-muted chugging riffs and soaring melodic leads form the core harmonic and rhythmic engine, present from the first verse through to the outro.",templates/symphonic-metal-power-metal_0002.txt
Modern R&B & Neo-Soul,alternative-randb-ambient-pop_0001,Alternative R&B / Ambient Pop,electronic-synth-ambient-pop,77 BPM; C minor,"The piece opens with a vast, ethereal stillness that establishes a contemplative and solitary mood.","A single male vocalist delivers the performance with a smooth, breathy tenor timbre.","Lush, evolving synthesizer pads serve as the harmonic backbone, present from the very beginning to the end, providing a continuous atmospheric bed.",templates/alternative-randb-ambient-pop_0001.txt
Modern R&B & Neo-Soul,alternative-randb-ambient-pop_0002,Alternative R&B / Ambient Pop,electronic-synth-ambient-pop,95 BPM; F# minor,"The piece opens with a solitary, ethereal atmosphere that establishes a tone of longing and introspection.",Singer A (Female).,"A deep, sustained sub-bass synth serves as the harmonic anchor throughout the entire track, providing a continuous low-frequency foundation.",templates/alternative-randb-ambient-pop_0002.txt
Modern R&B & Neo-Soul,alternative-randb-ambient-soul_0001,Alternative R&B / Ambient Soul,soul-blues-gospel,120 BPM; Eb minor,"The piece opens with a fragile, submerged atmosphere that feels suspended in time, maintaining a sense of vulnerability through the verses.",Singer A (Male).,"A clean, finger-picked electric guitar with heavy reverb serves as the central melodic and harmonic anchor, present from the intro through to the outro, providing a repetitive, hypnotic motif.",templates/alternative-randb-ambient-soul_0001.txt
Modern R&B & Neo-Soul,alternative-randb-ambient-soul_0002,Alternative R&B / Ambient Soul,soul-blues-gospel,81 BPM; C# minor,"The piece opens with an ethereal, floating atmosphere that establishes a sense of deep introspection and vulnerability.",Singer A (Female) and Singer B (Male).,"A warm, Rhodes-style electric piano plays sustained, jazzy chords that serve as the harmonic backbone from the Intro through to the Outro, providing a lush, shifting foundation.",templates/alternative-randb-ambient-soul_0002.txt
Modern R&B & Neo-Soul,alternative-randb-cinematic-soul_0001,Alternative R&B / Cinematic Soul,soul-blues-gospel,90 BPM; A minor,"The piece opens with a sparse, contemplative atmosphere that mirrors internal questioning, maintaining a low-energy tension through the verses.","A single Male vocalist delivers the performance with a rich, soulful baritone timbre that carries a slight rasp, adding texture and emotional weight.","A melancholic piano motif serves as the harmonic backbone, present from the very first second and continuing through to the fade-out, anchoring the song's emotional core.",templates/alternative-randb-cinematic-soul_0001.txt
Modern R&B & Neo-Soul,alternative-randb-electronic-pop_0001,Alternative R&B / Electronic Pop,electronic-synth-ambient-pop,94 BPM; D minor,"The piece opens with a disoriented, dreamlike atmosphere that gradually grounds itself into a steady, introspective groove during the verses.","A single male vocalist delivers the performance with a smooth, breathy tenor timbre that feels intimate and slightly distant.","A warm, detuned synthesizer pad serves as the harmonic bedrock, present from the very beginning and sustaining through the entire track to maintain the atmospheric mood.",templates/alternative-randb-electronic-pop_0001.txt
Modern R&B & Neo-Soul,alternative-randb-electronic-soul_0001,Alternative R&B / Electronic Soul,soul-blues-gospel,78 BPM; G minor,"The piece opens with an ethereal, floating atmosphere that establishes a sense of vastness and introspection.",Singer A (Female).,"A warm, electric piano serves as the harmonic backbone, playing sustained chords and gentle arpeggios from the Intro through to the Outro.",templates/alternative-randb-electronic-soul_0001.txt
Modern R&B & Neo-Soul,alternative-randb-lo-fi-hip-hop_0001,Alternative R&B / Lo-fi Hip Hop,hip-hop-rap,94 BPM; F# major,"The piece opens with an ethereal, floating atmosphere that quickly grounds into a contemplative and steady groove.",Singer A (Female) and Singer B (Male).,"A melancholic piano motif serves as the central harmonic anchor, playing a repetitive, minor-key progression that persists from the Intro through to the Outro.",templates/alternative-randb-lo-fi-hip-hop_0001.txt
Modern R&B & Neo-Soul,alternative-randb-melodic-hip-hop_0001,Alternative R&B / Melodic Hip-Hop,hip-hop-rap,154 BPM; G minor,"The track establishes a somber, introspective mood immediately, maintaining a consistent atmosphere of melancholic reflection throughout the verses.",Singer A (Male).,"A clean, finger-picked acoustic guitar loop serves as the harmonic backbone, playing a repetitive, melancholic progression that persists from the Intro through to the Outro, providing a constant organic anchor.",templates/alternative-randb-melodic-hip-hop_0001.txt
Modern R&B & Neo-Soul,contemporary-randb-alternative-soul_0001,Contemporary R&B / Alternative Soul,soul-blues-gospel,74 BPM; Bb minor,"The piece opens with a sparse, vulnerable atmosphere that establishes a tone of melancholy and introspection.","A single male vocalist delivers the performance with a smooth, breathy tenor timbre that carries a distinct emotional fragility.","A clean electric guitar with a subtle chorus effect plays arpeggiated figures and melodic motifs, serving as the central harmonic anchor from the intro through to the outro.",templates/contemporary-randb-alternative-soul_0001.txt
Modern R&B & Neo-Soul,contemporary-randb-alternative-soul_0002,Contemporary R&B / Alternative Soul,soul-blues-gospel,109 BPM; G minor,"The track opens with a spacious, yearning atmosphere that establishes a tone of introspection and longing.",Singer A (Male).,"A lush, atmospheric synthesizer pad serves as the harmonic backbone, present from the Intro to the Outro, providing a continuous bed of sound that shifts subtly in texture.",templates/contemporary-randb-alternative-soul_0002.txt
Modern R&B & Neo-Soul,contemporary-randb-cinematic-pop_0001,Contemporary R&B / Cinematic Pop,cinematic-pop-ballad,136 BPM; C minor,"The piece opens with a solitary, introspective atmosphere that gradually builds into a reassuring and empowering anthem.","A solo female vocalist delivers the performance with a smooth, warm, and resonant timbre.","A grand piano serves as the harmonic backbone throughout the entire track, playing arpeggiated chords in the verses and shifting to fuller, block chords during the choruses to drive the emotional intensity.",templates/contemporary-randb-cinematic-pop_0001.txt
Modern R&B & Neo-Soul,contemporary-randb-dream-pop_0001,Contemporary R&B / Dream Pop,electronic-synth-ambient-pop,87 BPM; Ab major,"The piece opens with an ethereal and floating atmosphere, establishing a sense of vastness and introspection.","A single female vocalist delivers the performance with a soft, breathy, and crystalline timbre.","A warm, electric piano serves as the core harmonic foundation, playing sustained chords and gentle arpeggios from the Intro through to the Outro.",templates/contemporary-randb-dream-pop_0001.txt
Modern R&B & Neo-Soul,contemporary-randb-indie-soul_0001,Contemporary R&B / Indie Soul,soul-blues-gospel,113 BPM; G major,"The piece opens with a fragile, intimate melancholy, establishing a sense of longing through sparse instrumentation.",Singer A (Female) and Singer B (Male).,"A clean electric guitar playing arpeggiated chords serves as the harmonic backbone throughout the entire track, providing a continuous, shimmering texture.",templates/contemporary-randb-indie-soul_0001.txt
Modern R&B & Neo-Soul,contemporary-randb-lo-fi-hip-hop_0001,Contemporary R&B / Lo-fi Hip Hop,hip-hop-rap,80 BPM; C# minor,"The piece opens with a hazy, dreamlike atmosphere that establishes a sense of nocturnal longing.",Singer A (Male).,"A clean electric guitar playing a repetitive, jazzy chord progression with a chorus effect serves as the harmonic backbone, present from the Intro through to the Outro.",templates/contemporary-randb-lo-fi-hip-hop_0001.txt
Modern R&B & Neo-Soul,contemporary-randb-lo-fi-hip-hop_0002,Contemporary R&B / Lo-fi Hip Hop,hip-hop-rap,88 BPM; Ab major,"The piece opens with a hazy, submerged atmosphere that establishes a sense of weightless isolation.","A single male vocalist delivers the performance with a soft, breathy, and smooth tenor timbre.","A warm, Rhodes-style electric piano carries the core harmonic progression, playing jazzy, extended chords with a soft attack.",templates/contemporary-randb-lo-fi-hip-hop_0002.txt
Modern R&B & Neo-Soul,contemporary-randb-lo-fi-hip-hop_0003,Contemporary R&B / Lo-fi Hip Hop,hip-hop-rap,82 BPM; Ab major,"The piece opens with a solitary, introspective atmosphere that establishes a mood of quiet melancholy.",Singer A (Male).,"A mellow electric piano serves as the core harmonic instrument, playing sustained chords and sparse melodic fills from the Intro through to the Outro.",templates/contemporary-randb-lo-fi-hip-hop_0003.txt
Modern R&B & Neo-Soul,contemporary-randb-mandopop_0001,Contemporary R&B / Mandopop,east-asian-ballad-heritage,90 BPM; Bb major,"The track opens with an intimate and dreamy atmosphere, establishing a sense of romantic longing.",Singer A (Male).,"A clean electric guitar playing arpeggiated chords serves as the central harmonic driver, present from the intro through to the outro, providing a consistent melodic motif.",templates/contemporary-randb-mandopop_0001.txt
Modern R&B & Neo-Soul,contemporary-randb-mandopop_0002,Contemporary R&B / Mandopop,east-asian-ballad-heritage,154 BPM; Bb minor,"The piece opens with a wistful and spacious atmosphere, establishing a tone of solitary reflection.",Singer A (Male).,"A clean, electric guitar playing arpeggiated chords serves as the central harmonic motif, present from the very beginning and persisting through most of the track, providing a gentle, rhythmic pulse.",templates/contemporary-randb-mandopop_0002.txt
Modern R&B & Neo-Soul,contemporary-randb-mandopop_0003,Contemporary R&B / Mandopop,east-asian-ballad-heritage,103 BPM; A major,"The track opens with an intimate and airy atmosphere, establishing a romantic and slightly mysterious tone.",Singer A (Male).,"A clean electric guitar playing syncopated, funk-influenced chord stabs serves as the primary harmonic driver, present from the Intro through to the Outro.",templates/contemporary-randb-mandopop_0003.txt
Modern R&B & Neo-Soul,contemporary-randb-mandopop-ballad_0001,Contemporary R&B / Mandopop Ballad,east-asian-ballad-heritage,90 BPM; F minor,"The piece opens with a fragile, intimate melancholy that gradually swells into a poignant, yearning intensity during the chorus sections.",Singer A (Male).,"A warm, electric piano serves as the core harmonic instrument, playing extended jazz-influenced chords throughout the entire track, providing a consistent melodic anchor.",templates/contemporary-randb-mandopop-ballad_0001.txt
Modern R&B & Neo-Soul,contemporary-randb-mandopop-ballad_0002,Contemporary R&B / Mandopop Ballad,east-asian-ballad-heritage,143 BPM; Bb major,"The piece opens with a vulnerable and intimate atmosphere, establishing a sense of quiet confession.",Singer A (Female) and Singer B (Male).,"A warm, resonant electric piano serves as the harmonic backbone, playing arpeggiated chords from the intro through to the outro, providing a consistent melodic thread.",templates/contemporary-randb-mandopop-ballad_0002.txt
Modern R&B & Neo-Soul,contemporary-randb-mandopop-ballad_0003,Contemporary R&B / Mandopop Ballad,east-asian-ballad-heritage,88 BPM; Bb major,"The piece opens with a fragile, introspective mood that gradually accumulates emotional weight through the verses.","A single male vocalist delivers the performance with a smooth, clear tenor timbre.","A melancholic electric piano serves as the harmonic backbone, playing sustained chords and delicate arpeggios from the Intro through to the Outro.",templates/contemporary-randb-mandopop-ballad_0003.txt
Modern R&B & Neo-Soul,contemporary-randb-mandopop-ballad_0004,Contemporary R&B / Mandopop Ballad,east-asian-ballad-heritage,73 BPM; G major,"The piece opens with a tender, intimate atmosphere that establishes a sense of longing and vulnerability.",Singer A (Male) and Singer B (Female).,"A warm electric piano (Rhodes-style) provides the core harmonic foundation throughout the entire track, playing sustained chords and gentle arpeggios that define the song's mood.",templates/contemporary-randb-mandopop-ballad_0004.txt
Modern R&B & Neo-Soul,contemporary-randb-mandopop-with-electronic-influences_0001,Contemporary R&B / Mandopop with Electronic influences,east-asian-modern,88 BPM; C minor,"The piece opens with an intimate, breathless atmosphere that establishes a sense of romantic longing.",Singer A (Male).,"A warm, electric piano serves as the core harmonic instrument, playing sustained chords and delicate arpeggios from the Intro through to the Outro, anchoring the song's emotional tonality.",templates/contemporary-randb-mandopop-with-electronic-influences_0001.txt
Modern R&B & Neo-Soul,contemporary-randb-mandopop-with-lo-fi-influences_0001,Contemporary R&B / Mandopop with Lo-fi influences,east-asian-modern,87 BPM; C# major,"The piece opens with an intimate, dreamlike atmosphere that establishes a sense of longing and mystery.","A single male vocalist delivers the performance with a smooth, clear tenor timbre.","A warm electric piano serves as the harmonic backbone, playing lush, extended chords from the intro through to the outro.",templates/contemporary-randb-mandopop-with-lo-fi-influences_0001.txt
Modern R&B & Neo-Soul,contemporary-randb-mandopop-with-neo-soul-influences_0001,Contemporary R&B / Mandopop with Neo-Soul influences,east-asian-ballad-heritage,128 BPM; Ab major,"The piece opens with an ethereal, dream-like suspension that gradually grounds itself into a steady, yearning groove during the verses.",Singer A (Male).,"A warm electric piano (Rhodes-style) serves as the harmonic backbone, playing sustained chords and gentle arpeggios from the intro through to the outro.",templates/contemporary-randb-mandopop-with-neo-soul-influences_0001.txt
Modern R&B & Neo-Soul,contemporary-randb-mandopop-with-trap-influences_0001,Contemporary R&B / Mandopop with Trap influences,east-asian-modern,90 BPM; G minor,"The track opens with an ethereal and dreamlike atmosphere, establishing a sense of nocturnal intimacy.",Singer A (Male).,"A clean, electric guitar playing arpeggiated chords serves as the primary harmonic foundation, present from the Intro to the Outro.",templates/contemporary-randb-mandopop-with-trap-influences_0001.txt
Modern R&B & Neo-Soul,contemporary-randb-mandopop-with-trap-influences_0002,Contemporary R&B / Mandopop with Trap influences,east-asian-modern,97 BPM; G minor,"The track opens with an ethereal and dreamy atmosphere, establishing a sense of romantic longing.",Singer A (Male).,"A warm, electric piano (Rhodes-style) serves as the core harmonic instrument, playing sustained chords and gentle arpeggios from the Intro through to the Outro, providing the song's melodic backbone.",templates/contemporary-randb-mandopop-with-trap-influences_0002.txt
Modern R&B & Neo-Soul,contemporary-randb-mandopop-with-trap-influences_0003,Contemporary R&B / Mandopop with Trap influences,east-asian-modern,90 BPM; E minor,"The track opens with a dreamy, atmospheric intro that establishes a romantic and slightly wistful tone.",Singer A (Male).,"A warm electric piano with a soft attack serves as the core harmonic foundation, present from the Intro through to the Outro, anchoring the chord progressions.",templates/contemporary-randb-mandopop-with-trap-influences_0003.txt
Modern R&B & Neo-Soul,contemporary-randb-mandopop-with-trap-influences_0004,Contemporary R&B / Mandopop with Trap influences,east-asian-modern,92 BPM; Bb major,"The piece opens with a dreamy, introspective atmosphere that establishes a sense of longing.",Singer A (Male).,"A warm, atmospheric synthesizer pad serves as the harmonic bedrock, present from the very first second and sustaining throughout the entire track to maintain the dreamy mood.",templates/contemporary-randb-mandopop-with-trap-influences_0004.txt
Modern R&B & Neo-Soul,contemporary-randb-mandopop-with-trap-influences_0005,Contemporary R&B / Mandopop with Trap influences,east-asian-modern,90 BPM; C minor,"The piece opens with an intimate and atmospheric tone, establishing a sense of longing.","A single male vocalist delivers the performance with a smooth, clear tenor timbre.","A bright, plucked synthesizer motif serves as the central melodic hook, present from the intro through the outro, providing continuity and rhythmic drive.",templates/contemporary-randb-mandopop-with-trap-influences_0005.txt
Modern R&B & Neo-Soul,contemporary-randb-melodic-hip-hop_0001,Contemporary R&B / Melodic Hip-Hop,hip-hop-rap,97 BPM; Ab major,"The piece opens with a wistful, atmospheric tone that establishes a sense of isolation and longing.",Singer A (Female) and Singer B (Male).,"A melancholic electric piano motif serves as the harmonic backbone, present from the Intro through to the Outro, providing a consistent emotional anchor.",templates/contemporary-randb-melodic-hip-hop_0001.txt
Modern R&B & Neo-Soul,contemporary-randb-melodic-hip-hop_0002,Contemporary R&B / Melodic Hip-Hop,hip-hop-rap,78 BPM; G minor,"The track opens with a dreamy, introspective atmosphere that establishes a sense of longing and vastness.",Singer A (Male).,"A clean electric guitar playing arpeggiated chords serves as the central harmonic motif, present from the Intro through to the Outro, providing a warm, organic core to the track.",templates/contemporary-randb-melodic-hip-hop_0002.txt
Modern R&B & Neo-Soul,contemporary-randb-melodic-hip-hop_0003,Contemporary R&B / Melodic Hip-Hop,hip-hop-rap,78 BPM; D minor,"The track establishes a mysterious and introspective mood from the outset, maintaining a steady, hypnotic tension throughout the verses.","A single male vocalist delivers the performance with a smooth, slightly breathy baritone timbre that carries a resonant, storytelling quality.","A melancholic, bell-like synthesizer melody serves as the central harmonic anchor, playing a repetitive, looping motif that persists from the introduction through to the outro.",templates/contemporary-randb-melodic-hip-hop_0003.txt
Modern R&B & Neo-Soul,contemporary-randb-neo-soul_0001,Contemporary R&B / Neo-Soul,—,94 BPM; Bb minor,"The track opens with a serene, atmospheric introspection that gradually warms as the rhythm section enters.",Singer A (Female).,"A warm electric piano (Rhodes-style) serves as the harmonic backbone, playing lush, extended chords from the Intro through to the Outro.",templates/contemporary-randb-neo-soul_0001.txt
Modern R&B & Neo-Soul,contemporary-randb-pop_0001,Contemporary R&B / Pop,general-pop-ballad,94 BPM; Bb major,"The track opens with an atmospheric and alluring mood, establishing a sense of depth and mystery.",Singer A (Female).,"A warm, evolving synthesizer pad serves as the harmonic backbone, present from the Intro through to the Outro, providing a continuous atmospheric bed.",templates/contemporary-randb-pop_0001.txt
Modern R&B & Neo-Soul,contemporary-randb-pop-ballad_0001,Contemporary R&B / Pop Ballad,general-pop-ballad,68 BPM; Bb major,"The piece opens with a serene, atmospheric introspection that gradually builds into a passionate and yearning declaration during the choruses.",Singer A (Male).,"A warm electric piano serves as the harmonic backbone throughout the track, playing sustained chords that define the song's progression.",templates/contemporary-randb-pop-ballad_0001.txt
Modern R&B & Neo-Soul,contemporary-randb-pop-ballad_0002,Contemporary R&B / Pop Ballad,general-pop-ballad,140 BPM; Bb minor,"The track opens with a dreamy, ethereal atmosphere that establishes a sense of wonder and intimacy.",Singer A (Female).,"A grand piano serves as the harmonic backbone, playing arpeggiated chords and melodic motifs from the Intro through to the Outro.",templates/contemporary-randb-pop-ballad_0002.txt
Modern R&B & Neo-Soul,contemporary-randb-soul-ballad_0001,Contemporary R&B / Soul Ballad,soul-blues-gospel,128 BPM; Bb major,"The piece opens with a vulnerable and intimate atmosphere, establishing a tone of longing and regret.",A single Male vocalist leads the track.,"A clean, finger-picked acoustic guitar serves as the harmonic backbone, present from the Intro through the Outro, providing a consistent organic texture.",templates/contemporary-randb-soul-ballad_0001.txt
Modern R&B & Neo-Soul,contemporary-randb-soul-ballad_0002,Contemporary R&B / Soul Ballad,soul-blues-gospel,58 BPM; Eb major,"The piece opens with a vulnerable, intimate atmosphere that gradually accumulates emotional weight through the verses.",Singer A (Female).,"A grand piano serves as the harmonic backbone, playing arpeggiated chords in the intro and verses, transitioning to fuller block chords during the choruses to drive the momentum.",templates/contemporary-randb-soul-ballad_0002.txt
Modern R&B & Neo-Soul,contemporary-randb-soul-ballad_0003,Contemporary R&B / Soul Ballad,soul-blues-gospel,88 BPM; C# major,"The piece opens with an intimate, atmospheric vulnerability that gradually builds into a confident, romantic declaration.",Singer A (Male) and Singer B (Female).,"A warm electric piano serves as the harmonic backbone throughout the entire track, providing the core chord progressions with a mellow, Rhodes-like timbre.",templates/contemporary-randb-soul-ballad_0003.txt
Modern R&B & Neo-Soul,contemporary-randb-soul-pop_0001,Contemporary R&B / Soul-Pop,soul-blues-gospel,133 BPM; Eb major,"The piece opens with a spacious and contemplative mood, establishing a sense of longing through sparse instrumentation.","A single male vocalist delivers the performance with a smooth, resonant tenor timbre.","A grand piano serves as the harmonic backbone, playing arpeggiated chords and melodic motifs from the Intro through to the Outro.",templates/contemporary-randb-soul-pop_0001.txt
Modern R&B & Neo-Soul,contemporary-randb-trap-soul_0001,Contemporary R&B / Trap Soul,soul-blues-gospel,97 BPM; Bb minor,"The piece opens with a somber, atmospheric introspection that gradually accumulates rhythmic weight.",Singer A (Male).,"A lush, evolving synthesizer pad serves as the harmonic bedrock from the Intro to the Outro, providing a continuous, atmospheric wash.",templates/contemporary-randb-trap-soul_0001.txt
Modern R&B & Neo-Soul,contemporary-randb-trap-soul_0002,Contemporary R&B / Trap Soul,soul-blues-gospel,136 BPM; G minor,"The track opens with a moody, introspective atmosphere established by sparse instrumentation, creating a sense of nocturnal isolation.",Singer A (Male).,"A melancholic electric piano serves as the core harmonic instrument, playing a repetitive, looping chord progression that anchors the song from the Intro to the Outro.",templates/contemporary-randb-trap-soul_0002.txt
Modern R&B & Neo-Soul,contemporary-randb-trap-soul_0003,Contemporary R&B / Trap Soul,soul-blues-gospel,76 BPM; G minor,"The piece opens with a dreamy, introspective atmosphere that establishes a sense of longing and quiet devotion.",Singer A (Male).,"A warm, electric piano (Rhodes-style) serves as the core harmonic instrument, playing sustained chords and simple melodic motifs from the Intro through to the Outro.",templates/contemporary-randb-trap-soul_0003.txt
Modern R&B & Neo-Soul,contemporary-randb-trap-soul_0004,Contemporary R&B / Trap Soul,soul-blues-gospel,88 BPM; Eb minor,"The piece opens with a somber, atmospheric stillness that establishes a mood of introspection and resignation.","A single male vocalist delivers the performance with a smooth, slightly breathy tenor timbre that conveys vulnerability and fatigue.","A clean, reverberant electric guitar plays a repetitive, melancholic arpeggiated motif that serves as the harmonic backbone from the very beginning to the end of the track.",templates/contemporary-randb-trap-soul_0004.txt
Modern R&B & Neo-Soul,contemporary-randb-trap-soul_0005,Contemporary R&B / Trap Soul,soul-blues-gospel,92 BPM; C minor,"The track opens with a dreamy, atmospheric intro that establishes a sense of nocturnal mystery and romantic tension.",Singer A (Male).,"A warm, Rhodes-style electric piano provides the core harmonic progression, present from the Intro through to the Outro, anchoring the song's soulful vibe.",templates/contemporary-randb-trap-soul_0005.txt
Modern R&B & Neo-Soul,contemporary-randb-trap-soul_0006,Contemporary R&B / Trap Soul,soul-blues-gospel,94 BPM; Ab minor,"The track opens with an ethereal, mysterious atmosphere that quickly grounds into a confident and seductive groove.",Singer A (Female).,"A deep, sliding 808-style sub-bass synth serves as the harmonic and rhythmic anchor, present from the first beat and driving the groove throughout the entire track.",templates/contemporary-randb-trap-soul_0006.txt
Modern R&B & Neo-Soul,contemporary-randb-trap-soul_0007,Contemporary R&B / Trap Soul,soul-blues-gospel,94 BPM; Eb minor,"The track opens with an atmospheric, brooding tension that suggests an approaching storm.",Singer A (Female) and Singer B (Male).,"A deep, sub-heavy 808 bass line serves as the harmonic and rhythmic anchor, present from the intro through to the outro, driving the song's momentum.",templates/contemporary-randb-trap-soul_0007.txt
Modern R&B & Neo-Soul,modern-randb-nu-disco-funk-pop_0001,Modern R&B / Nu-Disco / Funk Pop,dance-pop-disco-funk,109 BPM; A major,"The track opens with a cool, atmospheric groove that establishes a sense of nocturnal anticipation.",Singer A (Male).,"A funky, syncopated electric bass line serves as the harmonic and rhythmic anchor, present from the very first bar and driving the groove throughout the entire track.",templates/modern-randb-nu-disco-funk-pop_0001.txt
Modern R&B & Neo-Soul,neo-soul-blues-rock_0001,Neo-Soul / Blues-Rock,pop-alternative-rock,86 BPM; F minor,"The piece opens with a solitary, atmospheric tension that feels weighty and introspective.",Singer A (Male).,"A deep, round-toned electric bass guitar serves as the melodic and rhythmic anchor, playing a syncopated, walking line that is present from the first beat of the groove until the fade-out.",templates/neo-soul-blues-rock_0001.txt
Modern R&B & Neo-Soul,neo-soul-blues-rock-ballad_0001,Neo-Soul / Blues-Rock Ballad,pop-alternative-rock,59 BPM; B major,"The piece opens with a somber, atmospheric stillness that establishes a mood of isolation and reflection.",Singer A (Male).,"A clean electric guitar with a warm, slightly overdriven tone serves as the melodic anchor, playing arpeggiated figures and sustained chords from the Intro through to the Outro.",templates/neo-soul-blues-rock-ballad_0001.txt
Modern R&B & Neo-Soul,neo-soul-blues-rock-ballad_0002,Neo-Soul / Blues-Rock Ballad,pop-alternative-rock,111 BPM; G minor,"The piece opens with a moody, introspective atmosphere defined by sparse instrumentation and breathy vocals.",Singer A (Female).,"A clean electric guitar with a slight overdrive serves as the central melodic and harmonic anchor, playing blues-inflected riffs and chord voicings from the Intro through to the Outro.",templates/neo-soul-blues-rock-ballad_0002.txt
Modern R&B & Neo-Soul,neo-soul-blues-rock-fusion_0001,Neo-Soul / Blues-Rock Fusion,pop-alternative-rock,92 BPM; C minor,"The piece opens with a mysterious and atmospheric tension, established by sparse instrumentation and humming.",Singer A (Male).,"A clean electric guitar with a slight overdrive provides the core rhythmic and harmonic foundation throughout the track, playing syncopated blues-rock riffs.",templates/neo-soul-blues-rock-fusion_0001.txt
Modern R&B & Neo-Soul,neo-soul-blues-rock-with-gospel-influences_0001,Neo-Soul / Blues-Rock with Gospel influences,soul-blues-gospel,94 BPM; G minor,"The piece opens with a solitary, defiant intimacy that gradually swells into a triumphant and liberating anthem.",Singer A (Male).,"A percussive acoustic piano serves as the harmonic backbone throughout the entire track, shifting from sparse, single-note motifs in the intro to full, rhythmic chordal comping in the choruses.",templates/neo-soul-blues-rock-with-gospel-influences_0001.txt
Modern R&B & Neo-Soul,neo-soul-contemporary-randb_0001,Neo-Soul / Contemporary R&B,—,91 BPM; Ab major,"The track opens with a vulnerable, intimate atmosphere that gradually builds into a resilient and anthemic declaration during the choruses.","A single Male vocalist delivers the performance with a smooth, velvety tenor timbre that carries a distinct warmth and slight raspiness in the upper register.","A warm electric piano (Rhodes-style) serves as the harmonic backbone, playing lush, extended chords from the intro through to the outro, providing the song's soulful foundation.",templates/neo-soul-contemporary-randb_0001.txt
Modern R&B & Neo-Soul,neo-soul-contemporary-randb_0002,Neo-Soul / Contemporary R&B,—,94 BPM; D minor,"The track opens with a grounded, storytelling atmosphere that feels intimate and reflective.",Singer A (Female).,"A warm, Rhodes-style electric piano provides the core harmonic foundation throughout the entire track, playing syncopated chords that drive the neo-soul groove.",templates/neo-soul-contemporary-randb_0002.txt
Modern R&B & Neo-Soul,neo-soul-contemporary-randb_0003,Neo-Soul / Contemporary R&B,—,90 BPM; Eb major,"The piece opens with an intimate, yearning atmosphere established by sparse instrumentation and soft vocals.",Singer A (Male).,"A warm electric piano (Rhodes-style) serves as the harmonic backbone, playing chordal patterns with a gentle tremolo effect from the Intro through to the Outro.",templates/neo-soul-contemporary-randb_0003.txt
Modern R&B & Neo-Soul,neo-soul-funk-pop_0001,Neo-Soul / Funk-Pop,dance-pop-disco-funk,103 BPM; D minor,"The track opens with an intimate, soulful atmosphere that quickly expands into a confident and celebratory groove.",Singer A (Female).,"A melodic, round-toned electric bass drives the harmonic foundation from the very beginning, locking tightly with the drums to establish the funk groove.",templates/neo-soul-funk-pop_0001.txt
Modern R&B & Neo-Soul,neo-soul-gospel-infused-randb_0001,Neo-Soul / Gospel-Infused R&B,soul-blues-gospel,86 BPM; C minor,"The piece opens with an intimate, contemplative atmosphere that gradually builds in spiritual intensity.","Singer A (Female) possesses a rich, soulful alto/mezzo-soprano timbre with a slight rasp that conveys deep emotion.","A warm electric piano (Rhodes-style) establishes the harmonic foundation from the Intro, playing syncopated chords that drive the groove throughout the entire track.",templates/neo-soul-gospel-infused-randb_0001.txt
Modern R&B & Neo-Soul,neo-soul-jazz-ballad_0001,Neo-Soul / Jazz Ballad,jazz-swing-big-band,59 BPM; G minor,"The piece opens with a hushed, intimate melancholy, establishing a tone of quiet reflection.",Singer A (Female).,"A warm electric piano with a Rhodes-like tone serves as the harmonic backbone, playing lush, extended jazz chords throughout the entire track.",templates/neo-soul-jazz-ballad_0001.txt
Modern R&B & Neo-Soul,neo-soul-jazz-ballad_0002,Neo-Soul / Jazz Ballad,jazz-swing-big-band,67 BPM; C major,"The piece opens with a hushed, intimate atmosphere that feels like a private confession, maintaining a steady, soothing warmth throughout the verses.",Singer A (Female).,"A clean electric guitar plays arpeggiated jazz chords with a warm, rounded tone, serving as the constant harmonic anchor from the intro through to the outro.",templates/neo-soul-jazz-ballad_0002.txt
Modern R&B & Neo-Soul,neo-soul-randb-ballad_0001,Neo-Soul / R&B Ballad,general-pop-ballad,162 BPM; F major,"The piece opens with a hushed, intimate atmosphere that gradually expands into a lush, romantic swell during the chorus sections.","A single male vocalist delivers the performance with a smooth, velvety baritone timbre that possesses a rich, resonant quality.","A clean electric guitar with a warm, rounded tone plays arpeggiated chords and melodic fills, serving as the harmonic backbone throughout the entire track.",templates/neo-soul-randb-ballad_0001.txt
Modern R&B & Neo-Soul,neo-soul-retro-pop_0001,Neo-Soul / Retro-Pop,general-pop-ballad,100 BPM; Bb major,"The track opens with a confident, laid-back groove that establishes an atmosphere of admiration and stability.",Singer A (Female).,"A funky, melodic electric bass line drives the harmonic foundation throughout the entire track, locking tightly with the drums to create the core groove.",templates/neo-soul-retro-pop_0001.txt
Modern R&B & Neo-Soul,neo-soul-smooth-jazz_0001,Neo-Soul / Smooth Jazz,jazz-swing-big-band,97 BPM; C# major,"The piece opens with a sophisticated, late-night lounge atmosphere, establishing a mood of relaxed introspection.",Singer A (Male).,"A warm electric piano (Rhodes-style) provides the core harmonic foundation with jazzy extended chords, present from the very beginning and continuing through to the end.",templates/neo-soul-smooth-jazz_0001.txt
Pop & Alternative Rock,alternative-rock-arena-rock_0001,Alternative Rock / Arena Rock,—,76 BPM; A minor,"The piece opens with a solitary, atmospheric melancholy that gradually accumulates weight and determination through the verses.",Singer A (Male).,"An acoustic guitar provides the foundational rhythmic and harmonic strumming pattern from the Intro through the Outro, serving as the song's backbone.",templates/alternative-rock-arena-rock_0001.txt
Pop & Alternative Rock,alternative-rock-arena-rock_0002,Alternative Rock / Arena Rock,—,82 BPM; D major,"The track opens with a driving, anticipatory energy that quickly establishes a sense of urgency.",Singer A (Male).,"Distorted electric guitars serve as the core harmonic and melodic drivers, playing chunky power-chord rhythms in the verses and soaring lead lines in the choruses.",templates/alternative-rock-arena-rock_0002.txt
Pop & Alternative Rock,alternative-rock-arena-rock_0003,Alternative Rock / Arena Rock,—,94 BPM; Eb minor,"The piece opens with a brooding and atmospheric tension, establishing a sense of solitary introspection.",Singer A (Male).,"Distorted electric guitars serve as the core harmonic driver, playing heavy power-chord riffs in the choruses and cleaner, arpeggiated patterns in the verses.",templates/alternative-rock-arena-rock_0003.txt
Pop & Alternative Rock,alternative-rock-arena-rock_0004,Alternative Rock / Arena Rock,—,79 BPM; Eb major,"The piece opens with a spacious, atmospheric anticipation that quickly ignites into a driving, determined energy during the verses.",Singer A (Male).,"Distorted electric guitars serve as the core harmonic driver, playing rhythmic power chords in the verses and expanding into melodic, sustained leads during the choruses.",templates/alternative-rock-arena-rock_0004.txt
Pop & Alternative Rock,alternative-rock-arena-rock_0005,Alternative Rock / Arena Rock,—,95 BPM; F# major,"The piece opens with a contemplative and spacious atmosphere, establishing a sense of vastness.",Singer A (Male).,"Distorted electric guitars serve as the core harmonic driver, playing heavy, sustained power chords in the choruses and cleaner, arpeggiated patterns in the verses.",templates/alternative-rock-arena-rock_0005.txt
Pop & Alternative Rock,alternative-rock-blues-rock_0001,Alternative Rock / Blues Rock,soul-blues-gospel,78 BPM; F minor,"The piece opens with a desolate, haunting atmosphere that feels suspended in time, characterized by sparse instrumentation and an intimate vocal delivery.",Singer A (Female).,"A clean, finger-picked electric guitar establishes the harmonic foundation in the verses, switching to a heavily distorted, overdriven tone with power-chord rhythms for the choruses.",templates/alternative-rock-blues-rock_0001.txt
Pop & Alternative Rock,alternative-rock-christian-rock_0001,Alternative Rock / Christian Rock,soul-blues-gospel,80 BPM; Eb major,"The piece opens with a spacious and atmospheric introduction that quickly builds into an energetic, driving verse.",Singer A (Male).,"Distorted electric guitars serve as the core harmonic and melodic drivers, utilizing power chords and rhythmic palm-muting in the verses, shifting to open, ringing chords and melodic lead lines in the choruses.",templates/alternative-rock-christian-rock_0001.txt
Pop & Alternative Rock,alternative-rock-contemporary-christian-music_0001,Alternative Rock / Contemporary Christian Music,soul-blues-gospel,158 BPM; Bb major,"The piece opens with a reflective and yearning atmosphere, establishing a sense of searching.",Singer A (Male).,"An acoustic guitar provides the initial rhythmic and harmonic bed with a steady strumming pattern, present from the Intro through the verses.",templates/alternative-rock-contemporary-christian-music_0001.txt
Pop & Alternative Rock,alternative-rock-folk-rock_0001,Alternative Rock / Folk Rock,roots-traditional-global,72 BPM; A minor,"The piece opens with a somber, narrative-driven atmosphere that gradually accumulates tension through dynamic layering.",Singer A (Male).,"An acoustic guitar with a finger-picked pattern serves as the foundational harmonic element, present from the Intro through the first half of the track.",templates/alternative-rock-folk-rock_0001.txt
Pop & Alternative Rock,alternative-rock-industrial-rock_0001,Alternative Rock / Industrial Rock,—,176 BPM; F minor,"The piece opens with a brooding, mysterious atmosphere that feels ritualistic and restrained.",Singer A (Male).,"A heavily distorted electric guitar serves as the core harmonic driver, entering subtly in the verses and exploding into a dense, rhythmic wall of sound during the choruses.",templates/alternative-rock-industrial-rock_0001.txt
Pop & Alternative Rock,alternative-rock-nu-metal_0001,Alternative Rock / Nu-Metal,metal-heavy-rock,182 BPM; A minor,"The piece opens with a somber, intimate atmosphere that gradually accumulates tension through the verses.",Singer A (Male).,"A clean electric guitar with a chorus effect establishes the harmonic foundation in the intro and verses, switching to a heavily distorted, palm-muted rhythm guitar that drives the choruses and breakdown.",templates/alternative-rock-nu-metal_0001.txt
Pop & Alternative Rock,alternative-rock-pop-rock_0001,Alternative Rock / Pop Rock,—,87 BPM; E minor,"The piece opens with a contemplative and slightly melancholic atmosphere, establishing a sense of longing.",Singer A (Male).,"Distorted electric guitars serve as the core harmonic and melodic drivers, entering with clean arpeggios in the intro and switching to heavy, palm-muted power chords in the verses.",templates/alternative-rock-pop-rock_0001.txt
Pop & Alternative Rock,alternative-rock-pop-rock_0002,Alternative Rock / Pop Rock,—,90 BPM; Bb minor,"The piece opens with a brooding and introspective atmosphere, establishing a sense of isolation through restrained instrumentation.",Singer A (Male).,"Distorted electric guitars serve as the core harmonic and melodic drivers, playing power chord progressions in the verses and expanding into fuller, riff-based patterns in the choruses.",templates/alternative-rock-pop-rock_0002.txt
Pop & Alternative Rock,alternative-rock-pop-rock_0003,Alternative Rock / Pop Rock,—,143 BPM; F# major,"The piece opens with a tense, atmospheric anticipation that quickly accelerates into a driving, urgent narrative during the verses.",Singer A (Male).,"Distorted electric guitars serve as the core harmonic driver, playing heavy power-chord riffs in the choruses and cleaner, arpeggiated patterns in the verses.",templates/alternative-rock-pop-rock_0003.txt
Pop & Alternative Rock,alternative-rock-post-grunge_0001,Alternative Rock / Post-Grunge,general-pop-ballad,88 BPM; F# major,"The piece opens with a spacious, atmospheric melancholy that gradually builds tension through restrained verses.",Singer A (Male).,"A clean electric guitar with a chorus effect establishes the harmonic foundation in the intro and verses, playing arpeggiated patterns.",templates/alternative-rock-post-grunge_0001.txt
Pop & Alternative Rock,alternative-rock-post-grunge_0002,Alternative Rock / Post-Grunge,general-pop-ballad,92 BPM; C# major,"The track opens with a brooding and atmospheric tension, establishing a sense of foreboding that persists through the verses.","A single male vocalist delivers the performance with a versatile timbre that shifts from a smooth, resonant baritone in the verses to a gritty, strained tenor in the choruses.","Heavily distorted electric guitars serve as the core harmonic and melodic drivers, present from the first verse but swelling significantly in density and volume during the choruses.",templates/alternative-rock-post-grunge_0002.txt
Pop & Alternative Rock,alternative-rock-post-hardcore_0001,Alternative Rock / Post-Hardcore,metal-heavy-rock,92 BPM; C# major,"The track opens with a somber and reflective tone, establishing a sense of resignation.",Singer A (Male).,"Heavily distorted electric guitars serve as the core harmonic driver, playing palm-muted rhythmic chugs in the verses and opening up into sustained, soaring power chords during the choruses.",templates/alternative-rock-post-hardcore_0001.txt
Pop & Alternative Rock,alternative-rock-post-hardcore_0002,Alternative Rock / Post-Hardcore,metal-heavy-rock,176 BPM; Bb minor,"The piece opens with a somber, atmospheric melancholy that gradually builds tension through restrained verses.",Singer A (Male).,"Heavily distorted electric guitars serve as the core harmonic and rhythmic driver, playing power-chord progressions in the choruses and arpeggiated, cleaner patterns in the verses.",templates/alternative-rock-post-hardcore_0002.txt
Pop & Alternative Rock,arena-rock-alternative-rock_0001,Arena Rock / Alternative Rock,—,80 BPM; C major,"The piece opens with a solitary, intimate atmosphere that gradually accumulates layers of tension and anticipation.",Singer A (Male).,"A grand piano provides the initial harmonic foundation with arpeggiated chords, present from the Intro.",templates/arena-rock-alternative-rock_0001.txt
Pop & Alternative Rock,arena-rock-modern-hard-rock_0001,Arena Rock / Modern Hard Rock,metal-heavy-rock,125 BPM; D major,"The track launches with immediate, high-energy momentum driven by distorted guitars and a driving beat.",Singer A (Male).,"Distorted electric guitars serve as the core harmonic driver, playing chunky power-chord riffs and melodic hooks from the Intro through to the Outro.",templates/arena-rock-modern-hard-rock_0001.txt
Pop & Alternative Rock,arena-rock-power-ballad_0001,Arena Rock / Power Ballad,general-pop-ballad,76 BPM; F major,"The piece opens with a somber, reflective atmosphere that gradually builds tension through the verses.",Singer A (Male).,"A grand piano serves as the foundational harmonic instrument, present from the very beginning and continuing throughout the entire track, anchoring the chord progressions.",templates/arena-rock-power-ballad_0001.txt
Pop & Alternative Rock,electronic-rock-dubstep_0001,Electronic Rock / Dubstep,club-edm-house-trance,150 BPM; F minor,"The piece opens with a cinematic, brooding atmosphere that establishes a sense of impending doom.",Singer A (Male).,"Heavily distorted ""growl"" bass synthesizers serve as the dominant melodic and harmonic force during the drop sections, characterized by complex modulation and aggressive filtering.",templates/electronic-rock-dubstep_0001.txt
Pop & Alternative Rock,indie-rock-alternative-ballad_0001,Indie Rock / Alternative Ballad,general-pop-ballad,158 BPM; A minor,"The piece opens with a fragile, melancholic intimacy that gradually accumulates weight and tension.",Singer A (Female).,A clean electric guitar playing arpeggiated figures serves as the harmonic backbone throughout the verses.,templates/indie-rock-alternative-ballad_0001.txt
Pop & Alternative Rock,indie-rock-alternative-blues_0001,Indie Rock / Alternative Blues,general-pop-ballad,78 BPM; G minor,"The piece opens with a solitary, introspective mood that feels grounded and earthy.",Singer A (Female).,"A clean electric guitar with a slight overdrive drives the harmonic structure, playing rhythmic chord stabs and melodic fills from the Intro through to the Outro.",templates/indie-rock-alternative-blues_0001.txt
Pop & Alternative Rock,indie-rock-alternative-pop_0001,Indie Rock / Alternative Pop,general-pop-ballad,154 BPM; A major,"The piece opens with a spacious and contemplative atmosphere, establishing a sense of wonder and isolation.","A single male vocalist delivers the performance with a clear, emotive tenor timbre.",Clean electric guitars playing arpeggiated figures with heavy delay and reverb serve as the harmonic backbone from the intro through the verses.,templates/indie-rock-alternative-pop_0001.txt
Pop & Alternative Rock,indie-rock-alternative-rock_0001,Indie Rock / Alternative Rock,—,91 BPM; F major,"The piece opens with a brooding, atmospheric tension that feels vast and solitary.",Singer A (Male).,"A clean electric guitar playing arpeggiated figures serves as the harmonic backbone in the verses, establishing the mood.",templates/indie-rock-alternative-rock_0001.txt
Pop & Alternative Rock,j-rock-anime-rock_0001,J-Rock / Anime Rock,—,176 BPM; Eb major,"The track launches immediately with high-octane energy and urgency, maintaining a driving momentum through the verses.",Singer A (Female).,"Distorted electric guitars serve as the core harmonic and melodic drivers, playing fast-paced power chord riffs and melodic lead lines throughout the entire track.",templates/j-rock-anime-rock_0001.txt
Pop & Alternative Rock,j-rock-anime-rock-power-metal_0001,J-Rock / Anime Rock / Power Metal,metal-heavy-rock,182 BPM; Eb major,"The piece launches immediately with high-octane intensity, establishing a heroic and urgent atmosphere that persists through the verses.",Singer A (Male).,"Heavily distorted electric guitars serve as the core harmonic and melodic drivers, playing fast, palm-muted riffs in the verses and open, power-chord progressions in the choruses.",templates/j-rock-anime-rock-power-metal_0001.txt
Pop & Alternative Rock,j-rock-pop-punk_0001,J-Rock / Pop Punk,—,176 BPM; Eb major,"The track launches immediately with high-octane energy and an adventurous spirit, maintaining a relentless forward momentum throughout the verses.",Singer A (Female).,"Heavily distorted electric guitars serve as the core harmonic and melodic drivers, playing fast-paced power chord riffs and melodic lead lines from the Intro through to the Outro.",templates/j-rock-pop-punk_0001.txt
Pop & Alternative Rock,j-rock-symphonic-rock_0001,J-Rock / Symphonic Rock,—,86 BPM; D minor,"The piece opens with a fragile, ethereal atmosphere that quickly erupts into high-octane urgency and defiance.",Singer A (Female).,"Distorted electric guitars serve as the harmonic backbone, entering with heavy power chords at the first verse and maintaining a driving presence through the choruses.",templates/j-rock-symphonic-rock_0001.txt
Pop & Alternative Rock,j-rock-symphonic-rock-anime-rock_0001,J-Rock / Symphonic Rock / Anime Rock,—,98 BPM; F# major,"The piece launches immediately with high-octane intensity and heroic grandeur, maintaining a relentless forward momentum throughout the verses.",Singer A (Female).,"Distorted electric guitars serve as the core harmonic and melodic drivers, present from the very first second.",templates/j-rock-symphonic-rock-anime-rock_0001.txt
Pop & Alternative Rock,modern-rock-alternative-metal_0001,Modern Rock / Alternative Metal,metal-heavy-rock,150 BPM; C# major,"The piece opens with a brooding, atmospheric tension that suggests an impending storm, gradually building resolve through the verses.",Singer A (Male).,"Heavily distorted electric guitars serve as the core harmonic driver, utilizing power-chord riffs and palm-muted chugging patterns throughout the track.",templates/modern-rock-alternative-metal_0001.txt
Pop & Alternative Rock,pop-punk-alternative-rock_0001,Pop Punk / Alternative Rock,—,176 BPM; Bb major,"The track opens with a tense, atmospheric restraint that quickly escalates into an urgent, driving energy.",Singer A (Male).,"Distorted electric guitars serve as the core harmonic driver, utilizing heavy palm-muting in the verses and open, ringing power chords in the choruses.",templates/pop-punk-alternative-rock_0001.txt
Pop & Alternative Rock,pop-punk-alternative-rock_0002,Pop Punk / Alternative Rock,—,182 BPM; Bb major,"The track launches immediately with high-octane urgency and restless energy, maintaining a driving momentum through the verses.",Singer A (Male).,"Distorted electric guitars serve as the core harmonic engine, playing fast-paced power chord progressions with palm-muted chugging in the verses and open, ringing strums in the choruses.",templates/pop-punk-alternative-rock_0002.txt
Pop & Alternative Rock,pop-punk-alternative-rock_0003,Pop Punk / Alternative Rock,—,176 BPM; A major,"The track opens with a tense, narrative-driven atmosphere that quickly accelerates into high-energy defiance.",Singer A (Male).,"Heavily distorted electric guitars serve as the core harmonic engine, playing power-chord progressions with palm-muted rhythmic chugging in the verses and open, sustained strumming in the choruses.",templates/pop-punk-alternative-rock_0003.txt
Pop & Alternative Rock,pop-rock-adult-contemporary-ballad_0001,Pop Rock / Adult Contemporary Ballad,traditional-vocal-stage,71 BPM; Eb major,"The piece opens with a solitary, reflective mood that gradually accumulates warmth and resolve through the verses.",A single Male vocalist delivers the performance.,"A grand piano serves as the harmonic backbone, playing arpeggiated figures in the intro and verses, shifting to bold, rhythmic block chords in the choruses.",templates/pop-rock-adult-contemporary-ballad_0001.txt
Pop & Alternative Rock,pop-rock-alternative-rock_0001,Pop Rock / Alternative Rock,—,77 BPM; C# major,"The piece opens with a somber, atmospheric introspection that gradually accumulates tension through the verses.",Singer A (Male).,"A distorted electric guitar serves as the primary harmonic and melodic driver, entering with power chords in the first chorus and maintaining a heavy presence through the remainder of the track.",templates/pop-rock-alternative-rock_0001.txt
Pop & Alternative Rock,pop-rock-alternative-rock_0002,Pop Rock / Alternative Rock,—,79 BPM; F# major,"The piece opens with a solitary, reflective atmosphere that gradually accumulates tension through the verses.",Singer A (Female).,"An acoustic guitar provides the initial harmonic foundation with a delicate picking pattern, present from the Intro through the first verse.",templates/pop-rock-alternative-rock_0002.txt
Pop & Alternative Rock,pop-rock-alternative-rock_0003,Pop Rock / Alternative Rock,—,77 BPM; Eb minor,"The piece opens with a somber, reflective atmosphere driven by sparse piano, gradually accumulating tension through the verses.",Singer A (Male).,"A clean electric piano establishes the harmonic foundation in the intro and verses, continuing as a textural bed throughout the track.",templates/pop-rock-alternative-rock_0003.txt
Pop & Alternative Rock,pop-rock-alternative-rock_0004,Pop Rock / Alternative Rock,—,140 BPM; E major,"The piece opens with a reflective and slightly melancholic atmosphere, establishing a sense of introspection.",Singer A (Male).,"Distorted electric guitars serve as the core harmonic and melodic drivers, present from the intro riff through to the outro.",templates/pop-rock-alternative-rock_0004.txt
Pop & Alternative Rock,pop-rock-alternative-rock_0005,Pop Rock / Alternative Rock,—,140 BPM; Eb minor,"The piece opens with a somber, atmospheric tension that quickly erupts into a high-energy, driving force.",Singer A (Male).,"Distorted electric guitars serve as the core harmonic and melodic driver, playing heavy power-chord riffs in the verses and soaring lead lines in the choruses.",templates/pop-rock-alternative-rock_0005.txt
Pop & Alternative Rock,pop-rock-alternative-rock_0006,Pop Rock / Alternative Rock,—,154 BPM; Eb major,"The track opens with a shimmering, atmospheric anticipation that quickly builds into a driving, anthemic energy.",Singer A (Male).,"Distorted electric guitars serve as the core harmonic driver, playing rhythmic power chords throughout the choruses and switching to cleaner, arpeggiated textures in the verses.",templates/pop-rock-alternative-rock_0006.txt
Pop & Alternative Rock,pop-rock-alternative-rock_0007,Pop Rock / Alternative Rock,—,78 BPM; F# major,"The piece opens with a fragile and introspective mood, establishing a sense of quiet anticipation.","A female lead vocalist delivers the performance with a clear, resonant timbre that shifts from a soft, breathy quality in the verses to a powerful, belted projection in the choruses.","Clean electric guitars with a shimmering chorus effect establish the harmonic foundation in the intro and verses, switching to heavily distorted power chords that drive the energy during the choruses.",templates/pop-rock-alternative-rock_0007.txt
Pop & Alternative Rock,pop-rock-alternative-rock_0008,Pop Rock / Alternative Rock,—,94 BPM; A major,"The track opens with a moment of suspended tension before exploding into a high-energy, defiant atmosphere.",Singer A (Female).,"Distorted electric guitars serve as the core harmonic and melodic driver, playing chunky power-chord rhythms throughout the verses and choruses.",templates/pop-rock-alternative-rock_0008.txt
Pop & Alternative Rock,pop-rock-alternative-rock_0009,Pop Rock / Alternative Rock,—,143 BPM; E major,"The piece opens with a tense, driving atmosphere that feels urgent and focused, mirroring the intensity of a forging process.",Singer A (Female).,Distorted electric guitars serve as the core harmonic and melodic drivers.,templates/pop-rock-alternative-rock_0009.txt
Pop & Alternative Rock,pop-rock-alternative-rock_0010,Pop Rock / Alternative Rock,—,176 BPM; Bb major,"The track opens with a driving, urgent energy that establishes a tone of determination and forward momentum.",Singer A (Male).,"Distorted electric guitars serve as the core harmonic driver, playing power-chord progressions throughout the verses and switching to open, ringing chord voicings in the choruses.",templates/pop-rock-alternative-rock_0010.txt
Pop & Alternative Rock,pop-rock-alternative-rock_0011,Pop Rock / Alternative Rock,—,140 BPM; D major,"The track opens with a crisp, anticipatory atmosphere that feels slightly cold and restrained, mirroring the lyrical theme of winter.",Singer A (Male).,A clean electric guitar playing arpeggiated figures establishes the harmonic foundation in the intro and verses.,templates/pop-rock-alternative-rock_0011.txt
Pop & Alternative Rock,pop-rock-alternative-rock_0012,Pop Rock / Alternative Rock,—,150 BPM; Bb major,"The piece launches with immediate high-energy momentum, establishing a tone of urgent determination from the very first bar.",Singer A (Male).,"Distorted electric guitars serve as the harmonic backbone, playing chunky power-chord rhythms throughout the verses and shifting to higher-register, ringing arpeggios and lead lines during the choruses.",templates/pop-rock-alternative-rock_0012.txt
Pop & Alternative Rock,pop-rock-anime-rock_0001,Pop Rock / Anime Rock,—,150 BPM; Eb major,"The piece opens with a tense, anticipatory atmosphere driven by rhythmic arpeggios, which quickly escalates into a high-octane, defiant energy upon the entry of the full band.",Singer A (Male).,"Heavily distorted electric guitars serve as the core harmonic and melodic drivers, present from the first bar to the end.",templates/pop-rock-anime-rock_0001.txt
Pop & Alternative Rock,pop-rock-anime-rock_0002,Pop Rock / Anime Rock,—,82 BPM; Bb major,"The piece opens with a delicate, solitary piano motif that establishes a reflective and slightly melancholic tone.",Singer A (Female).,"A bright acoustic piano serves as the foundational harmonic instrument, present from the very beginning and continuing throughout the track, anchoring the chord progressions even when other instruments take the melodic…",templates/pop-rock-anime-rock_0002.txt
Pop & Alternative Rock,pop-rock-anthemic-pop_0001,Pop Rock / Anthemic Pop,general-pop-ballad,143 BPM; A major,"The track opens with a breezy, optimistic atmosphere that feels expansive and light.",Singer A (Female).,A clean electric guitar playing arpeggiated chords establishes the harmonic foundation in the intro and verses.,templates/pop-rock-anthemic-pop_0001.txt
Pop & Alternative Rock,pop-rock-arena-rock_0001,Pop Rock / Arena Rock,—,74 BPM; Eb major,"The piece opens with a somber, cinematic introspection driven by piano and strings, establishing a mood of quiet resilience.",Singer A (Male).,"A grand piano anchors the harmonic foundation throughout the track, playing arpeggiated figures in the intro and verses before switching to block chords in the choruses.",templates/pop-rock-arena-rock_0001.txt
Pop & Alternative Rock,pop-rock-arena-rock_0002,Pop Rock / Arena Rock,—,150 BPM; Bb major,"The track launches immediately with high-energy triumph and anthemic grandeur, maintaining a relentless forward momentum through the verses.",Singer A (Male).,"Heavily distorted electric guitars serve as the core harmonic and melodic driver, playing power-chord rhythms and melodic riffs from the Intro to the Outro.",templates/pop-rock-arena-rock_0002.txt
Pop & Alternative Rock,pop-rock-electronic-rock_0001,Pop Rock / Electronic Rock,—,100 BPM; F major,"The track opens with an atmospheric and anticipatory mood, quickly establishing a sense of urgency.",Singer A (Female).,"Distorted electric guitars serve as the core harmonic and melodic driver, playing heavy power-chord riffs in the verses and soaring lead lines in the choruses.",templates/pop-rock-electronic-rock_0001.txt
Pop & Alternative Rock,pop-rock-electronic-rock_0002,Pop Rock / Electronic Rock,—,111 BPM; C minor,"The piece opens with a tense, rhythmic urgency that quickly escalates into a high-energy, anthemic release in the chorus.","A single male vocalist delivers the performance with a clear, powerful tenor timbre that carries a slight edge of grit suitable for the rock genre.","Distorted electric guitars provide the core harmonic drive, playing chunky power-chord riffs in the verses and expanding into melodic, soaring lines during the choruses.",templates/pop-rock-electronic-rock_0002.txt
Pop & Alternative Rock,pop-rock-electronic-rock-with-hip-hop-influences_0001,Pop Rock / Electronic Rock with Hip-Hop influences,hip-hop-rap,154 BPM; B major,"The track launches immediately with high-octane energy and an anthemic, heroic tone.",Singer A (Male).,"Heavily distorted electric guitars drive the harmonic structure, playing power-chord riffs in the verses and expanding into broad, sustained chords during the choruses.",templates/pop-rock-electronic-rock-with-hip-hop-influences_0001.txt
Pop & Alternative Rock,pop-rock-mandopop_0001,Pop Rock / Mandopop,east-asian-ballad-heritage,74 BPM; Eb major,"The piece opens with a reflective and slightly melancholic atmosphere, establishing a sense of introspection.",Singer A (Male).,"A clean electric guitar with a chorus effect establishes the harmonic foundation in the intro and verses, playing arpeggiated patterns.",templates/pop-rock-mandopop_0001.txt
Pop & Alternative Rock,pop-rock-mandopop-ballad_0001,Pop Rock / Mandopop Ballad,east-asian-ballad-heritage,75 BPM; Eb minor,"The piece opens with a solitary, contemplative atmosphere that gradually accumulates tension through the verses.",Singer A (Male).,A clean electric guitar with a chorus effect establishes the harmonic motif in the intro and verses.,templates/pop-rock-mandopop-ballad_0001.txt
Pop & Alternative Rock,pop-rock-mandopop-ballad_0002,Pop Rock / Mandopop Ballad,east-asian-ballad-heritage,74 BPM; F# major,"The piece opens with a somber and reflective mood, establishing a sense of isolation through sparse instrumentation.",Singer A (Male).,"A clean electric guitar with a slight chorus effect establishes the harmonic foundation in the intro and verses, playing arpeggiated patterns.",templates/pop-rock-mandopop-ballad_0002.txt
Pop & Alternative Rock,pop-rock-power-ballad_0001,Pop Rock / Power Ballad,general-pop-ballad,143 BPM; Ab minor,"The piece opens with a poignant and reflective atmosphere, establishing a sense of longing through sparse instrumentation.",Singer A (Male).,"A grand piano serves as the harmonic backbone throughout the track, playing arpeggiated figures in the verses and block chords in the choruses.",templates/pop-rock-power-ballad_0001.txt
Pop & Alternative Rock,pop-rock-power-ballad_0002,Pop Rock / Power Ballad,general-pop-ballad,136 BPM; Bb major,"The piece opens with a solitary, melancholic piano motif that establishes an introspective and vulnerable tone.",Singer A (Male).,"A grand piano serves as the foundational harmonic instrument, present from the very beginning and continuing through the entire track, anchoring the melody in the verses and providing rhythmic drive in the choruses.",templates/pop-rock-power-ballad_0002.txt
Pop & Alternative Rock,pop-rock-power-ballad_0003,Pop Rock / Power Ballad,general-pop-ballad,74 BPM; Eb minor,"The piece opens with a somber, introspective atmosphere defined by sparse instrumentation, gradually accumulating tension through the pre-chorus.",A single male vocalist delivers the performance.,"An acoustic guitar provides the foundational harmonic rhythm in the intro and verses with a clean, finger-picked pattern.",templates/pop-rock-power-ballad_0003.txt
Pop & Alternative Rock,pop-rock-power-ballad_0004,Pop Rock / Power Ballad,general-pop-ballad,73 BPM; F major,"The piece opens with a somber and reflective mood, establishing a sense of isolation through sparse instrumentation.",Singer A (Male).,"An acoustic piano serves as the foundational harmonic instrument, playing arpeggiated patterns in the intro and verses, shifting to block chords during the heavier sections.",templates/pop-rock-power-ballad_0004.txt
Pop & Alternative Rock,pop-rock-power-ballad_0005,Pop Rock / Power Ballad,general-pop-ballad,150 BPM; Bb major,"The piece opens with a solitary, melancholic atmosphere that gradually accumulates tension through the verses.",Singer A (Female).,"A grand piano serves as the harmonic backbone, playing arpeggiated figures in the intro and verses, transitioning to block chords in the choruses.",templates/pop-rock-power-ballad_0005.txt
Pop & Alternative Rock,pop-rock-power-ballad_0006,Pop Rock / Power Ballad,general-pop-ballad,143 BPM; D minor,"The piece opens with a solitary, melancholic piano motif that establishes an introspective and lonely atmosphere.",Singer A (Male).,"A grand piano serves as the harmonic backbone, playing arpeggiated figures in the intro and verses, shifting to block chords during the choruses to drive the rhythm.",templates/pop-rock-power-ballad_0006.txt
Pop & Alternative Rock,pop-rock-soul-ballad_0001,Pop Rock / Soul Ballad,soul-blues-gospel,57 BPM; Bb major,"The piece opens with a somber, reflective mood established by sparse instrumentation and intimate vocals.",Singer A (Male) and Singer B (Female).,"A clean electric guitar with a slight overdrive drives the harmonic progression, present from the Intro to the Outro, providing rhythmic strumming in verses and melodic fills in choruses.",templates/pop-rock-soul-ballad_0001.txt
Pop & Alternative Rock,pop-rock-symphonic-rock_0001,Pop Rock / Symphonic Rock,—,77 BPM; Bb major,"The piece opens with a somber, atmospheric introspection that gradually accumulates tension through the verses.",Singer A (Female).,"Distorted electric guitars serve as the primary harmonic and melodic drivers during the choruses and climax, delivering heavy power chords and soaring lead lines.",templates/pop-rock-symphonic-rock_0001.txt
Pop & Alternative Rock,pop-rock-symphonic-rock_0002,Pop Rock / Symphonic Rock,—,146 BPM; F# major,"The piece opens with a solitary, melancholic atmosphere that quickly gathers momentum through a driving rhythmic build-up.",Singer A (Female).,"A grand piano establishes the harmonic foundation in the intro and verses, later transitioning to a supporting role beneath distorted electric guitars that drive the choruses and bridge.",templates/pop-rock-symphonic-rock_0002.txt
Pop & Alternative Rock,pop-rock-theatrical-soul_0001,Pop Rock / Theatrical Soul,soul-blues-gospel,125 BPM; Bb minor,"The piece opens with a dramatic, almost operatic declaration that immediately establishes high tension.",Singer A (Male).,"A driving electric bass guitar provides a funky, syncopated foundation present from the very beginning, locking tightly with the drums.",templates/pop-rock-theatrical-soul_0001.txt
Pop & Alternative Rock,post-punk-indie-rock_0001,Post-Punk / Indie Rock,—,146 BPM; E minor,"The piece opens with a driving, urgent momentum that establishes a cold and atmospheric tension.",Singer A (Male).,"A distorted electric guitar playing a repetitive, arpeggiated riff serves as the central melodic and harmonic hook, present from the very first second and continuing through to the outro.",templates/post-punk-indie-rock_0001.txt
Pop & Alternative Rock,rock-and-roll-boogie-woogie_0001,Rock and Roll / Boogie-Woogie,general-pop-ballad,167 BPM; G major,"The piece launches immediately with high-energy exuberance, maintaining a consistently upbeat and driving momentum throughout.",Singer A (Male).,"A distorted electric guitar serves as the primary melodic driver, alternating between crunchy rhythm chords and blues-inflected lead licks.",templates/rock-and-roll-boogie-woogie_0001.txt
Pop & Alternative Rock,soft-rock-power-ballad_0001,Soft Rock / Power Ballad,general-pop-ballad,68 BPM; G minor,"The piece opens with a wistful and atmospheric tone, establishing a sense of longing through sparse instrumentation.",Singer A (Male).,"A grand piano serves as the harmonic backbone, playing arpeggiated figures in the intro and verses, transitioning to block chords in the choruses.",templates/soft-rock-power-ballad_0001.txt
Pop & Alternative Rock,symphonic-rock-c-pop-rock_0001,Symphonic Rock / C-Pop Rock,east-asian-modern,97 BPM; Eb major,"The piece opens with a cinematic and atmospheric tension that quickly erupts into a high-energy, anthemic drive.",Singer A (Male).,"Distorted electric guitars serve as the core harmonic and melodic driver, playing heavy power-chord riffs in the verses and soaring lead melodies in the choruses.",templates/symphonic-rock-c-pop-rock_0001.txt
Pop & Alternative Rock,symphonic-rock-c-pop-with-traditional-chinese-fusion-elements_0001,Symphonic Rock / C-Pop with Traditional Chinese fusion elements,east-asian-ballad-heritage,100 BPM; Eb minor,"The piece opens with a mysterious and atmospheric introduction that quickly swells into a majestic, heroic theme.",Singer A (Male).,"A driving rock drum kit and distorted electric guitars form the rhythmic and harmonic backbone from the first verse through to the end, providing the core energy.",templates/symphonic-rock-c-pop-with-traditional-chinese-fusion-elements_0001.txt
Pop & Alternative Rock,symphonic-rock-j-rock-influenced-pop_0001,Symphonic Rock / J-Rock influenced Pop,—,77 BPM; Eb minor,"The piece opens with a somber, atmospheric melancholy that quickly accelerates into a high-octane, defiant energy.",Singer A (Female).,"Distorted electric guitars serve as the core harmonic driver, playing heavy power-chord riffs in the verses and shifting to melodic, harmonized lead lines during the choruses and instrumental breaks.",templates/symphonic-rock-j-rock-influenced-pop_0001.txt
"Roots, Traditional & Global",acoustic-blues-folk_0001,Acoustic Blues / Folk,—,125 BPM; F minor,"The piece opens with a solitary, introspective mood established by the instrumental introduction, maintaining a consistent atmosphere of wistful longing throughout.",Singer A (Male).,"A solo acoustic guitar serves as the sole harmonic and melodic foundation, utilizing a fingerstyle technique that weaves bass lines, chords, and melodic fills simultaneously.",templates/acoustic-blues-folk_0001.txt
"Roots, Traditional & Global",celtic-folk-contemporary-folk-rock_0001,Celtic Folk / Contemporary Folk-Rock,—,158 BPM; G major,"The piece opens with a wistful and nostalgic atmosphere established by solo woodwinds, which gradually builds into a warm, communal sentiment as the full band enters.",Singer A (Male).,"A rhythmic acoustic guitar provides the core harmonic strumming pattern throughout the entire track, serving as the structural backbone.",templates/celtic-folk-contemporary-folk-rock_0001.txt
"Roots, Traditional & Global",celtic-folk-ethereal-ballad_0001,Celtic Folk / Ethereal Ballad,general-pop-ballad,78 BPM; Eb minor,"The piece opens with a somber, solitary atmosphere that establishes a sense of ancient longing.",Singer A (Female).,"A finger-picked acoustic guitar provides the foundational harmonic rhythm from the very beginning, continuing through to the end as the structural backbone of the song.",templates/celtic-folk-ethereal-ballad_0001.txt
"Roots, Traditional & Global",chinese-folk-acoustic-ballad_0001,Chinese Folk / Acoustic Ballad,—,80 BPM; G major,"The piece opens with a serene, nostalgic atmosphere established by sparse instrumentation, evoking a sense of quiet storytelling.",Singer A (Male).,"An acoustic guitar with a finger-picked pattern serves as the foundational harmonic and rhythmic element, present from the Intro through to the Outro.",templates/chinese-folk-acoustic-ballad_0001.txt
"Roots, Traditional & Global",chinese-folk-cinematic-ballad_0001,Chinese Folk / Cinematic Ballad,cinematic-pop-ballad,85 BPM; C minor,"The piece opens with a serene, contemplative atmosphere established by a solitary wind instrument, evoking a sense of vast natural space.",Singer A (Female).,"A solo bamboo flute (Dizi) serves as the melodic anchor, introducing the main motif in the Intro and returning for the Outro.",templates/chinese-folk-cinematic-ballad_0001.txt
"Roots, Traditional & Global",chinese-folk-contemporary-ballad_0001,Chinese Folk / Contemporary Ballad,general-pop-ballad,70 BPM; B minor,"The piece opens with a solitary, contemplative atmosphere that establishes a tone of wistful nostalgia.",Singer A (Male).,"An acoustic guitar plays a delicate, finger-picked arpeggio pattern that serves as the harmonic backbone from the Intro to the Outro.",templates/chinese-folk-contemporary-ballad_0001.txt
"Roots, Traditional & Global",chinese-traditional-cinematic-ballad_0001,Chinese Traditional / Cinematic Ballad,cinematic-pop-ballad,71 BPM; F minor,"The piece opens with a solitary, mournful atmosphere established by a wind instrument, evoking a sense of ancient solitude.",Singer A (Female).,"A solo bamboo flute (Dizi) serves as the primary melodic voice in the intro and outro, carrying the main motif with an expressive, breathy tone.",templates/chinese-traditional-cinematic-ballad_0001.txt
"Roots, Traditional & Global",chinese-traditional-cinematic-ballad_0002,Chinese Traditional / Cinematic Ballad,cinematic-pop-ballad,90 BPM; A minor,"The piece opens with a solitary, wistful atmosphere established by a lone wind instrument, setting a tone of historical melancholy.",Singer A (Female).,"A solo bamboo flute (Dizi) serves as the primary melodic voice in the introduction and interludes, characterized by its airy, breathy tone and expressive vibrato.",templates/chinese-traditional-cinematic-ballad_0002.txt
"Roots, Traditional & Global",chinese-traditional-cinematic-ballad_0003,Chinese Traditional / Cinematic Ballad,cinematic-pop-ballad,79 BPM; Bb major,"The piece opens with a solitary, mournful atmosphere established by traditional instrumentation, evoking a sense of ancient solitude.",Singer A (Male).,"A bowed string instrument (resembling an Erhu) serves as the primary melodic voice, introducing the main theme in the intro and weaving counter-melodies around the vocal line throughout the verses and choruses.",templates/chinese-traditional-cinematic-ballad_0003.txt
"Roots, Traditional & Global",chinese-traditional-cinematic-world-music_0001,Chinese Traditional / Cinematic World Music,general-pop-ballad,80 BPM; F minor,"The piece opens with a serene, meditative atmosphere established by sparse instrumentation, evoking a sense of ancient stillness.",Singer A (Female).,"A solo bamboo flute (Dizi) serves as the primary melodic voice in the intro and interludes, characterized by its breathy, expressive tone and extensive use of vibrato and glissando.",templates/chinese-traditional-cinematic-world-music_0001.txt
"Roots, Traditional & Global",chinese-traditional-new-age-ballad_0001,Chinese Traditional / New Age Ballad,electronic-synth-ambient-pop,69 BPM; D minor,"The piece opens with a solitary, mournful atmosphere established by a traditional wind instrument, setting a tone of deep nostalgia.",Singer A (Female).,"A traditional bamboo flute (Dizi) serves as the primary melodic voice in the intro and interludes, delivering a plaintive, ornamented melody.",templates/chinese-traditional-new-age-ballad_0001.txt
"Roots, Traditional & Global",cinematic-folk-epic-orchestral_0001,Cinematic Folk / Epic Orchestral,general-pop-ballad,113 BPM; A minor,"The piece opens with a somber, narrative-driven atmosphere, characterized by intimacy and restraint.",Singer A (Male).,"A solo cello provides the initial melodic and harmonic anchor, playing long, mournful lines from the Intro through the first half.",templates/cinematic-folk-epic-orchestral_0001.txt
"Roots, Traditional & Global",cinematic-folk-epic-pop-ballad_0001,Cinematic Folk / Epic Pop Ballad,general-pop-ballad,71 BPM; A minor,"The piece opens with a solitary, melancholic introspection that feels vast and lonely.",A single Male vocalist delivers the performance.,"A finger-picked acoustic guitar serves as the foundational harmonic instrument, present from the very beginning and continuing throughout the entire track, anchoring the song's folk roots.",templates/cinematic-folk-epic-pop-ballad_0001.txt
"Roots, Traditional & Global",cinematic-folk-musical-theatre-ballad_0001,Cinematic Folk / Musical Theatre Ballad,traditional-vocal-stage,125 BPM; G minor,"The piece opens with a somber, narrative-driven atmosphere that feels like an ancient tale being recounted.",Singer A (Male) and Singer B (Female).,"An acoustic guitar with a steady, finger-picked arpeggio pattern serves as the harmonic backbone throughout the entire track, providing continuity and rhythmic stability.",templates/cinematic-folk-musical-theatre-ballad_0001.txt
"Roots, Traditional & Global",dark-folk-cinematic-americana_0001,Dark Folk / Cinematic Americana,country-americana,136 BPM; C minor,"The piece opens with a stark, ominous stillness that gradually accumulates weight and foreboding tension.",Singer A (Male).,"An acoustic guitar with a dark, woody tone provides the foundational rhythmic and harmonic pulse via a steady, percussive strumming pattern that persists from the first verse through to the outro.",templates/dark-folk-cinematic-americana_0001.txt
"Roots, Traditional & Global",folk-americana_0001,Folk / Americana,country-americana,83 BPM; Bb major,"The piece opens with a somber, reflective mood established by sparse instrumentation, maintaining a narrative restraint through the verses.",Singer A (Male).,"An acoustic guitar with a finger-picked pattern serves as the harmonic backbone, present from the Intro through to the Outro, providing a steady rhythmic and melodic foundation.",templates/folk-americana_0001.txt
"Roots, Traditional & Global",folk-americana_0002,Folk / Americana,country-americana,85 BPM; C major,"The piece opens with a solitary, narrative-driven intimacy that feels weathered and reflective.",Singer A (Male).,"A steel-string acoustic guitar serves as the harmonic backbone, employing a steady finger-picking pattern that persists from the intro through the outro, providing rhythmic and melodic continuity.",templates/folk-americana_0002.txt
"Roots, Traditional & Global",folk-americana_0003,Folk / Americana,country-americana,82 BPM; E major,"The piece opens with a quiet, contemplative atmosphere that suggests anticipation and stillness.",Singer A (Male).,"An acoustic guitar provides the foundational harmonic and rhythmic structure throughout the entire track, utilizing a steady finger-picking pattern that anchors the song's folk identity.",templates/folk-americana_0003.txt
"Roots, Traditional & Global",folk-americana-bluegrass-pop_0001,Folk / Americana / Bluegrass-Pop,country-americana,125 BPM; G major,"The track opens with an intimate, storytelling atmosphere that feels grounded and personal.","Singer A (Male) serves as the primary lead, possessing a clear, warm baritone with a slight rustic twang that suits the narrative style.","A bright, rhythmic acoustic guitar drives the harmonic foundation with steady strumming patterns from the Intro to the Outro.",templates/folk-americana-bluegrass-pop_0001.txt
"Roots, Traditional & Global",folk-americana-storytelling_0001,Folk / Americana Storytelling,country-americana,88 BPM; D minor,"The piece opens with a solitary, rustic atmosphere that feels introspective and slightly melancholic.",Singer A (Male).,"A steel-string acoustic guitar serves as the harmonic backbone throughout the entire track, utilizing a mix of fingerpicking in the verses and fuller strumming patterns in the choruses to drive the rhythm.",templates/folk-americana-storytelling_0001.txt
"Roots, Traditional & Global",folk-children-s-storytelling_0001,Folk / Children's Storytelling,general-pop-ballad,128 BPM; C major,"The piece maintains a consistently gentle, whimsical, and educational tone throughout its duration.",Singer A (Male).,"An acoustic guitar provides the core harmonic and rhythmic foundation, utilizing a steady, finger-picked pattern that persists from the Intro to the Outro, anchoring the song's folk character.",templates/folk-children-s-storytelling_0001.txt
"Roots, Traditional & Global",folk-narrative-ballad_0001,Folk / Narrative Ballad,general-pop-ballad,158 BPM; E major,"The piece opens with a mysterious and storytelling atmosphere, establishing a sense of ancient lore.",Singer A (Female).,"A bright, resonant pitched percussion instrument (resembling a kalimba or music box) plays a repetitive, arpeggiated motif that serves as the harmonic and melodic backbone from the very first second to the final…",templates/folk-narrative-ballad_0001.txt
"Roots, Traditional & Global",folk-blues-acoustic-ballad_0001,Folk Blues / Acoustic Ballad,—,61 BPM; F minor,"The piece opens with a solitary, intimate atmosphere that feels raw and confessional.",Singer A (Male).,"A steel-string acoustic guitar serves as the harmonic backbone throughout the entire track, utilizing a finger-picking style in the verses that transitions to a more rhythmic, percussive strumming pattern as the…",templates/folk-blues-acoustic-ballad_0001.txt
"Roots, Traditional & Global",folk-rock-blues-rock_0001,Folk Rock / Blues Rock,soul-blues-gospel,77 BPM; G minor,"The piece opens with a solitary, introspective mood established by sparse instrumentation, evoking a sense of lonely wandering.",Singer A (Male).,"An acoustic guitar with a bright, percussive strumming pattern serves as the harmonic backbone throughout the entire track, providing rhythmic drive and chordal structure.",templates/folk-rock-blues-rock_0001.txt
"Roots, Traditional & Global",folk-rock-sea-shanty-revival_0001,Folk Rock / Sea Shanty Revival,general-pop-ballad,130 BPM; C minor,"The piece launches with high-energy, communal exuberance, establishing a raucous and celebratory tone immediately.",Singer A (Male) and a Male Choir Ensemble.,"A rhythmic acoustic guitar with a bright, percussive strumming pattern drives the harmonic structure from start to finish, locking tightly with the percussion.",templates/folk-rock-sea-shanty-revival_0001.txt
"Roots, Traditional & Global",folk-rock-singer-songwriter_0001,Folk Rock / Singer-Songwriter,general-pop-ballad,83 BPM; G major,"The piece opens with a contemplative and narrative tone, establishing a sense of ancient storytelling.","A single male vocalist delivers the performance with a rich, resonant baritone that possesses a slightly raspy, earthy texture.","An acoustic guitar serves as the harmonic backbone, utilizing a mix of finger-picking patterns in the verses and vigorous strumming in the choruses.",templates/folk-rock-singer-songwriter_0001.txt
"Roots, Traditional & Global",reggae-roots-reggae_0001,Reggae / Roots Reggae,—,158 BPM; A minor,"The track establishes a relaxed, swaying groove immediately, maintaining a consistent atmosphere of laid-back resilience throughout the verses.",Singer A (Male).,"A clean electric guitar playing the characteristic off-beat ""skank"" rhythm serves as the primary harmonic driver, present from the Intro to the Outro.",templates/reggae-roots-reggae_0001.txt
"Roots, Traditional & Global",traditional-chinese-folk-new-age-ballad_0001,Traditional Chinese Folk / New Age Ballad,electronic-synth-ambient-pop,69 BPM; C major,"The piece opens with a solitary, mournful atmosphere established by a wind instrument, evoking a sense of ancient solitude.",Singer A (Female).,"A breathy bamboo flute (Dizi) serves as the primary melodic voice in the Intro and Outro, carrying the main thematic material with expressive slides and ornamentation.",templates/traditional-chinese-folk-new-age-ballad_0001.txt
"Roots, Traditional & Global",traditional-folk-maritime-ballad_0001,Traditional Folk / Maritime Ballad,general-pop-ballad,61 BPM; Bb minor,"The piece opens with a somber, reflective atmosphere established by the piano, maintaining a steady, mournful tone throughout.",Singer A (Male).,"A grand piano serves as the sole harmonic and melodic foundation, playing flowing arpeggiated figures and sustained chords from the Intro through to the Outro, providing both rhythmic momentum and emotional weight.",templates/traditional-folk-maritime-ballad_0001.txt
"Soul, Blues & Gospel",acoustic-soul-folk-ballad_0001,Acoustic Soul / Folk Ballad,roots-traditional-global,71 BPM; G minor,"The piece opens with a solitary, intimate atmosphere that feels vulnerable and raw.",Singer A (Male).,"A steel-string acoustic guitar played with a delicate finger-picking pattern serves as the harmonic and rhythmic backbone, present from the very first second through to the outro.",templates/acoustic-soul-folk-ballad_0001.txt
"Soul, Blues & Gospel",blues-electric-blues_0001,Blues / Electric Blues,general-pop-ballad,85 BPM; G minor,"The piece opens with a soulful, instrumental exposition that establishes a heavy, atmospheric mood.",Singer A (Male).,"A clean-to-lightly overdriven electric guitar serves as the melodic anchor, providing both rhythmic chordal support and extended, expressive solo passages that define the song's emotional arc.",templates/blues-electric-blues_0001.txt
"Soul, Blues & Gospel",blues-soul_0001,Blues / Soul,—,86 BPM; G minor,"The piece opens with a somber, reflective mood established by a sparse instrumental introduction.",Singer A (Male).,"A clean electric guitar serves as the central melodic and harmonic voice, playing rhythmic chordal stabs and intricate lead lines from the Intro through to the Outro, culminating in an extended, expressive solo in the…",templates/blues-soul_0001.txt
"Soul, Blues & Gospel",blues-soul-blues_0001,Blues / Soul-Blues,—,171 BPM; C minor,"The piece opens with a reflective, slightly weary atmosphere established by a solitary guitar line, which deepens into a soulful narrative as the vocals enter.",Singer A (Male).,"A clean electric guitar with a slight overdrive serves as the central melodic and harmonic voice, present from the very beginning with an intro solo, providing rhythmic comping behind the vocals, and taking the lead…",templates/blues-soul-blues_0001.txt
"Soul, Blues & Gospel",blues-soul-jazz_0001,Blues / Soul-Jazz,—,103 BPM; Bb minor,"The piece opens with a spirited, improvisational instrumental introduction that establishes a lively yet gritty atmosphere.",Singer A (Male).,"A warm, acoustic piano provides the core harmonic foundation with rhythmic comping and occasional melodic fills, present from the Intro through to the Outro.",templates/blues-soul-jazz_0001.txt
"Soul, Blues & Gospel",blues-soul-jazz-ballad_0001,Blues / Soul-Jazz Ballad,—,171 BPM; G minor,"The piece opens with a solitary, contemplative mood established by a clean electric guitar, which gradually deepens into a soulful melancholy as the rhythm section enters.",Singer A (Female).,"A clean electric guitar serves as the central melodic and harmonic voice, introducing the track with a solo line and providing rhythmic chordal comping and melodic fills throughout the entire duration.",templates/blues-soul-jazz-ballad_0001.txt
"Soul, Blues & Gospel",blues-rock-alternative-rock_0001,Blues Rock / Alternative Rock,pop-alternative-rock,86 BPM; G minor,"The piece opens with a solitary, introspective mood that gradually accumulates tension through the verses.",Singer A (Male).,"A clean electric guitar with a slight overdrive serves as the harmonic backbone, playing blues-inflected riffs and chord progressions from the Intro through the Outro.",templates/blues-rock-alternative-rock_0001.txt
"Soul, Blues & Gospel",blues-rock-alternative-rock-with-soul-influences_0001,Blues Rock / Alternative Rock with Soul influences,—,130 BPM; C minor,"The piece opens with a somber, introspective mood defined by sparse instrumentation and restrained vocals.",Singer A (Female).,"A clean electric guitar with a bluesy tone establishes the harmonic foundation in the intro and verses, switching to a heavily distorted, overdriven sound for the choruses to drive the energy.",templates/blues-rock-alternative-rock-with-soul-influences_0001.txt
"Soul, Blues & Gospel",blues-rock-americana_0001,Blues Rock / Americana,country-americana,56 BPM; G minor,"The piece opens with a contemplative and spacious atmosphere, establishing a narrative tone that remains steady through the verses.",Singer A (Male).,"A clean electric guitar with a slight overdrive serves as the melodic anchor, playing blues-inflected riffs and chordal structures from the Intro through the Outro.",templates/blues-rock-americana_0001.txt
"Soul, Blues & Gospel",blues-rock-big-band-jazz_0001,Blues Rock / Big Band Jazz,jazz-swing-big-band,109 BPM; C minor,"The piece launches with high-energy swagger and theatrical confidence, maintaining a driving momentum through the verses.",Singer A (Female).,"A percussive, boogie-woogie style piano drives the harmonic rhythm throughout the entire track, serving as the central melodic and rhythmic anchor.",templates/blues-rock-big-band-jazz_0001.txt
"Soul, Blues & Gospel",blues-rock-folk-rock_0001,Blues Rock / Folk Rock,roots-traditional-global,111 BPM; G minor,"The piece opens with a solitary, mournful atmosphere that establishes a sense of isolation.",Singer A (Male).,"An electric guitar with a clean, slightly overdriven tone serves as the primary melodic and harmonic driver, present from the very first second through to the end, alternating between finger-picked arpeggios and…",templates/blues-rock-folk-rock_0001.txt
"Soul, Blues & Gospel",blues-rock-gospel-rock_0001,Blues Rock / Gospel Rock,—,162 BPM; C major,"The piece opens with a gritty, narrative-driven tension that feels arid and weary, reflecting a struggle against adversity.",Singer A (Male).,"A percussive, honky-tonk style piano serves as the harmonic and rhythmic backbone, driving the song from the very first note to the end with rolling boogie-woogie patterns and emphatic chords.",templates/blues-rock-gospel-rock_0001.txt
"Soul, Blues & Gospel",blues-rock-hard-rock_0001,Blues Rock / Hard Rock,metal-heavy-rock,167 BPM; C minor,"The track launches immediately with high-octane energy and a gritty, confident attitude that persists throughout.",Singer A (Male).,"A heavily distorted electric guitar serves as the core melodic and harmonic driver, present from the very first second with a catchy riff that recurs throughout.",templates/blues-rock-hard-rock_0001.txt
"Soul, Blues & Gospel",blues-rock-hard-rock_0002,Blues Rock / Hard Rock,metal-heavy-rock,171 BPM; G minor,"The piece opens with a moody, restrained atmosphere that gradually accumulates tension through the verses.",Singer A (Male).,"A clean-toned electric guitar with a slight overdrive serves as the primary melodic and harmonic driver in the intro and verses, playing blues-inflected riffs.",templates/blues-rock-hard-rock_0002.txt
"Soul, Blues & Gospel",blues-rock-hard-rock_0003,Blues Rock / Hard Rock,metal-heavy-rock,86 BPM; C minor,"The piece opens with a solitary, brooding atmosphere that feels heavy and introspective.",Singer A (Male).,A heavily distorted electric guitar serves as the core harmonic and melodic driver.,templates/blues-rock-hard-rock_0003.txt
"Soul, Blues & Gospel",blues-rock-hard-rock_0004,Blues Rock / Hard Rock,metal-heavy-rock,95 BPM; G minor,"The piece opens with a gritty, soulful atmosphere established by a bluesy guitar motif, setting a tone of raw determination.",Singer A (Male).,"A distorted electric guitar serves as the core melodic and harmonic driver, present from the intro through the outro.",templates/blues-rock-hard-rock_0004.txt
"Soul, Blues & Gospel",blues-rock-indie-rock_0001,Blues Rock / Indie Rock,pop-alternative-rock,97 BPM; A minor,"The piece opens with a mysterious and spacious atmosphere, establishing a narrative tone that feels introspective.",Singer A (Male).,"A distorted electric guitar serves as the core harmonic and melodic driver, playing rhythmic riffs in the verses and soaring lead lines in the choruses and solo sections.",templates/blues-rock-indie-rock_0001.txt
"Soul, Blues & Gospel",blues-rock-indie-soul_0001,Blues Rock / Indie Soul,—,115 BPM; A minor,"The piece opens with a grounded, soulful introspection, maintaining a steady, mid-tempo groove that feels both weary and determined.",Singer A (Male).,"A clean electric guitar with a slight overdrive serves as the harmonic backbone, playing rhythmic chord stabs and melodic fills from the Intro through to the Outro.",templates/blues-rock-indie-soul_0001.txt
"Soul, Blues & Gospel",blues-rock-indie-soul_0002,Blues Rock / Indie Soul,—,100 BPM; C minor,"The piece opens with a moody, determined atmosphere driven by a sparse groove, gradually accumulating tension through the verses.",Singer A (Male).,"A clean electric guitar with a slight overdrive serves as the core harmonic and melodic driver, playing a repetitive, syncopated riff from the Intro through the Outro.",templates/blues-rock-indie-soul_0002.txt
"Soul, Blues & Gospel",blues-rock-jump-blues_0001,Blues Rock / Jump Blues,—,130 BPM; C major,"The track launches immediately with high-energy exuberance, maintaining a consistently upbeat and celebratory tone throughout.",Singer A (Female).,"A percussive, boogie-woogie style piano serves as the harmonic and rhythmic backbone, playing driving chordal patterns and melodic fills from the Intro through to the Outro.",templates/blues-rock-jump-blues_0001.txt
"Soul, Blues & Gospel",blues-rock-modern-rock_0001,Blues Rock / Modern Rock,pop-alternative-rock,82 BPM; G minor,"The piece opens with a gritty, confident swagger established by a solo guitar riff, setting a tone of cool defiance.",Singer A (Male).,"A distorted electric guitar serves as the core melodic and harmonic driver, present from the very first second with a signature riff and continuing through to the outro with variations in chordal density.",templates/blues-rock-modern-rock_0001.txt
"Soul, Blues & Gospel",blues-rock-slow-rock-ballad_0001,Blues Rock / Slow Rock Ballad,pop-alternative-rock,102 BPM; D minor,"The piece opens with a desolate and weary atmosphere, established by a sparse instrumental texture that mirrors a sense of isolation.",Singer A (Male).,"A clean electric guitar with a slight overdrive serves as the melodic anchor, playing blues-inflected riffs and chordal structures from the Intro through to the Outro.",templates/blues-rock-slow-rock-ballad_0001.txt
"Soul, Blues & Gospel",blues-rock-soul_0001,Blues Rock / Soul,—,59 BPM; G minor,"The piece opens with a solitary, yearning atmosphere established by a clean guitar line, which gradually builds into a grounded, soulful groove as the rhythm section enters.",Singer A (Male).,"A clean electric guitar with a slight overdrive serves as the primary melodic voice, present from the Intro through the Outro, delivering both rhythmic comping and expressive lead lines.",templates/blues-rock-soul_0001.txt
"Soul, Blues & Gospel",blues-rock-soul_0002,Blues Rock / Soul,—,171 BPM; D minor,"The piece opens with a brooding, atmospheric tension that suggests an approaching event.",Singer A (Male).,"A clean electric guitar plays a repetitive, blues-inflected riff that serves as the central melodic hook, present from the Intro through to the Outro.",templates/blues-rock-soul_0002.txt
"Soul, Blues & Gospel",blues-rock-soul_0003,Blues Rock / Soul,—,59 BPM; F minor,"The piece opens with a solitary, mournful atmosphere that gradually accumulates weight and grit as the rhythm section enters.",Singer A (Male).,"A clean electric guitar with a slight overdrive serves as the melodic anchor, introducing the main motif in the intro and maintaining a rhythmic, blues-inflected chordal presence throughout the track.",templates/blues-rock-soul_0003.txt
"Soul, Blues & Gospel",blues-rock-soul_0004,Blues Rock / Soul,—,167 BPM; C minor,"The piece opens with a somber, atmospheric tension that gradually builds into a gritty, driving narrative during the verses.",Singer A (Male).,"A clean electric guitar with a slight overdrive serves as the primary melodic and harmonic anchor, playing blues-inflected riffs and chord progressions from the Intro through to the Outro.",templates/blues-rock-soul_0004.txt
"Soul, Blues & Gospel",blues-rock-soul_0005,Blues Rock / Soul,—,83 BPM; C minor,"The piece opens with a solitary, contemplative mood established by a clean guitar line, which transitions into a grounded, gritty groove as the full band enters.",Singer A (Male).,"A clean electric guitar with a slight overdrive serves as the melodic anchor, present from the very beginning with an intro riff and continuing throughout as the main harmonic driver.",templates/blues-rock-soul_0005.txt
"Soul, Blues & Gospel",blues-rock-soul_0006,Blues Rock / Soul,—,91 BPM; G minor,"The piece opens with a raw, intimate vulnerability that quickly ignites into a high-energy, celebratory groove.",Singer A (Male).,"A clean electric guitar with a slight overdrive drives the harmonic rhythm throughout the track, switching to a more distorted, aggressive tone during the choruses to elevate the energy.",templates/blues-rock-soul_0006.txt
"Soul, Blues & Gospel",blues-rock-soul-ballad_0001,Blues Rock / Soul Ballad,—,171 BPM; Bb minor,"The piece opens with a somber, intimate atmosphere that gradually accumulates tension through the verses.",Singer A (Female).,"A clean electric guitar with a warm, slightly overdriven tone plays arpeggiated chords and melodic fills, serving as the harmonic backbone from the Intro through the Outro.",templates/blues-rock-soul-ballad_0001.txt
"Soul, Blues & Gospel",blues-rock-soul-ballad_0002,Blues Rock / Soul Ballad,—,154 BPM; F minor,"The piece opens with a somber, intimate atmosphere that gradually accumulates tension through the verses.",Singer A (Male).,"A clean electric guitar with a warm, slightly overdriven tone serves as the primary melodic and harmonic anchor, playing arpeggiated figures in the verses and shifting to sustained, expressive chords in the choruses.",templates/blues-rock-soul-ballad_0002.txt
"Soul, Blues & Gospel",blues-rock-soul-ballad_0003,Blues Rock / Soul Ballad,—,58 BPM; G minor,"The piece opens with a solitary, introspective mood established by sparse instrumentation, gradually layering instruments to build a sense of yearning and melancholy.",Singer A (Male).,"A clean-toned electric guitar serves as the harmonic backbone, playing arpeggiated chords and melodic fills throughout the entire track.",templates/blues-rock-soul-ballad_0003.txt
"Soul, Blues & Gospel",blues-rock-southern-gothic-rock_0001,Blues Rock / Southern Gothic Rock,pop-alternative-rock,167 BPM; Eb minor,"The piece opens with a somber, deliberate atmosphere that feels heavy and introspective.",Singer A (Male).,"An electric guitar with a clean-to-slightly-overdriven tone plays a repetitive, blues-inflected riff that serves as the harmonic backbone from the Intro through to the Outro.",templates/blues-rock-southern-gothic-rock_0001.txt
"Soul, Blues & Gospel",blues-rock-southern-rock_0001,Blues Rock / Southern Rock,metal-heavy-rock,86 BPM; Ab minor,"The piece opens with a gritty, solitary atmosphere that establishes a sense of warning and isolation.",Singer A (Male).,"A heavily distorted electric guitar serves as the core melodic and harmonic driver, present from the very first second.",templates/blues-rock-southern-rock_0001.txt
"Soul, Blues & Gospel",blues-rock-southern-rock_0002,Blues Rock / Southern Rock,metal-heavy-rock,83 BPM; A minor,"The piece opens with a grounded, earthy atmosphere that establishes a steady, storytelling mood.",Singer A (Male).,"A clean electric guitar with a slight overdrive drives the song with a repetitive, blues-based riff that serves as the harmonic backbone from the Intro through to the Outro.",templates/blues-rock-southern-rock_0002.txt
"Soul, Blues & Gospel",blues-rock-southern-rock_0003,Blues Rock / Southern Rock,metal-heavy-rock,88 BPM; C minor,"The piece opens with a raw, atmospheric tension that quickly establishes a gritty, storytelling mood.",Singer A (Male).,"A heavily distorted electric guitar serves as the primary melodic and harmonic driver, utilizing blues-scale riffs and power chords.",templates/blues-rock-southern-rock_0003.txt
"Soul, Blues & Gospel",blues-rock-southern-rock_0004,Blues Rock / Southern Rock,metal-heavy-rock,111 BPM; G minor,"The track opens with a gritty, driving energy that establishes a confident and earthy tone immediately.",Singer A (Male).,"A distorted electric guitar with a crunchy, overdriven tone serves as the main harmonic and melodic driver, present from the Intro through to the Outro.",templates/blues-rock-southern-rock_0004.txt
"Soul, Blues & Gospel",blues-rock-swing-jazz_0001,Blues Rock / Swing Jazz,jazz-swing-big-band,109 BPM; G major,"The piece opens with a playful, jaunty energy driven by a solo piano, quickly establishing a theatrical mood.",Singer A (Male).,"An acoustic piano serves as the harmonic and melodic anchor, present from the very first second with a ragtime-influenced riff that continues throughout the entire track, driving the swing feel.",templates/blues-rock-swing-jazz_0001.txt
"Soul, Blues & Gospel",contemporary-christian-pop-ballad_0001,Contemporary Christian / Pop Ballad,general-pop-ballad,73 BPM; Bb major,"The piece opens with a serene and contemplative atmosphere, establishing a sense of vulnerability and quiet hope.",Singer A (Female).,"A grand piano serves as the harmonic backbone, playing arpeggiated figures in the verses and transitioning to strong, rhythmic block chords in the choruses, present from the Intro to the Outro.",templates/contemporary-christian-pop-ballad_0001.txt
"Soul, Blues & Gospel",contemporary-christian-worship-ballad_0001,Contemporary Christian / Worship Ballad,general-pop-ballad,73 BPM; Bb major,"The piece opens with a serene and contemplative atmosphere, establishing a sense of quiet longing.",Singer A (Male) and a Mixed Choir.,"A grand piano with a bright yet mellow tone anchors the harmonic structure, playing arpeggiated figures in the verses and block chords in the choruses, present from the Intro to the Outro.",templates/contemporary-christian-worship-ballad_0001.txt
"Soul, Blues & Gospel",contemporary-christian-music-ccm-pop-rock_0001,Contemporary Christian Music (CCM) / Pop Rock,pop-alternative-rock,78 BPM; Eb major,The piece opens with an atmospheric and contemplative mood that gradually builds anticipation through the verse.,Singer A (Female).,"An electric guitar with a clean, shimmering tone and heavy delay/reverb serves as the primary melodic hook in the intro and verses.",templates/contemporary-christian-music-ccm-pop-rock_0001.txt
"Soul, Blues & Gospel",gospel-soul-blues_0001,Gospel / Soul-Blues,—,167 BPM; C minor,"The piece opens with a grounded, anticipatory atmosphere that gradually builds in spiritual intensity.","Singer A (Female) possesses a rich, commanding alto-mezzo timbre with a distinctively gritty, soulful texture capable of powerful belting.","A Hammond-style organ serves as the harmonic backbone, present from the very beginning with swelling chords that dictate the song's emotional contour.",templates/gospel-soul-blues_0001.txt
"Soul, Blues & Gospel",indie-soul-slow-blues_0001,Indie Soul / Slow Blues,general-pop-ballad,60 BPM; A minor,"The piece opens with a somber, intimate atmosphere that feels suspended in time.",Singer A (Female).,"A clean electric guitar with a slight overdrive and heavy reverb serves as the melodic and harmonic anchor, playing a recurring, blues-inflected riff from the Intro through to the Outro.",templates/indie-soul-slow-blues_0001.txt
"Soul, Blues & Gospel",jump-blues-swing-revival_0001,Jump Blues / Swing Revival,jazz-swing-big-band,167 BPM; B minor,"The track launches immediately with high-octane energy and a celebratory, driving momentum that persists through the verses.",Singer A (Male).,"A driving piano comping with a percussive, rhythmic attack serves as the harmonic backbone from start to finish.",templates/jump-blues-swing-revival_0001.txt
"Soul, Blues & Gospel",retro-soul-blues-rock_0001,Retro Soul / Blues Rock,—,120 BPM; G major,"The piece opens with a solitary, atmospheric mood that quickly establishes a driving, narrative momentum.",Singer A (Male).,"A bright, percussive acoustic piano drives the harmonic rhythm throughout the entire track, playing syncopated chords that define the song's bounce.",templates/retro-soul-blues-rock_0001.txt
"Soul, Blues & Gospel",soul-blues-ballad_0001,Soul / Blues Ballad,general-pop-ballad,74 BPM; Bb major,"The piece opens with a somber, intimate atmosphere that gradually swells into a powerful, cathartic expression of longing.",Singer A (Male).,"A clean electric guitar with a warm, slightly overdriven tone serves as the primary melodic and harmonic driver, present from the Intro through the Outro, often playing arpeggiated chords and melodic fills.",templates/soul-blues-ballad_0001.txt
"Soul, Blues & Gospel",soul-blues-ballad_0002,Soul / Blues Ballad,general-pop-ballad,78 BPM; G major,"The piece opens with a heavy, introspective melancholy, establishing a sense of isolation and weight.",Singer A (Male).,"A clean electric guitar serves as the harmonic anchor, playing slow, arpeggiated chords with a slight tremolo effect that persists throughout the entire track, defining the song's rhythmic pulse.",templates/soul-blues-ballad_0002.txt
"Soul, Blues & Gospel",soul-blues-ballad_0003,Soul / Blues Ballad,general-pop-ballad,88 BPM; Bb minor,"The piece opens with a stark, vulnerable intimacy that gradually accumulates weight and defiance.",Singer A (Female).,"A grand piano serves as the harmonic backbone throughout the entire track, providing both the melodic motif in the intro and the chordal foundation for the verses and choruses.",templates/soul-blues-ballad_0003.txt
"Soul, Blues & Gospel",soul-blues-rock-ballad_0001,Soul / Blues Rock Ballad,pop-alternative-rock,176 BPM; G minor,"The piece opens with a somber, intimate atmosphere that gradually accumulates tension through the verses.",Singer A (Male).,"A clean electric guitar with a slight chorus effect establishes the harmonic foundation in the intro and verses, switching to a distorted, overdriven tone with heavy sustain during the choruses and climax to drive the…",templates/soul-blues-rock-ballad_0001.txt
"Soul, Blues & Gospel",soul-classic-randb_0001,Soul / Classic R&B,general-pop-ballad,100 BPM; Bb major,"The piece opens with a confident, mid-tempo groove that immediately establishes a feeling of abundance and satisfaction.",Singer A (Male).,"A clean electric guitar playing syncopated, rhythmic chord stabs serves as the primary harmonic driver, present from the intro through to the outro.",templates/soul-classic-randb_0001.txt
"Soul, Blues & Gospel",soul-classic-randb_0002,Soul / Classic R&B,general-pop-ballad,78 BPM; Bb major,"The piece opens with a reflective and slightly somber mood, establishing a narrative of struggle and resilience.",Singer A (Male).,"A melodic electric bass line serves as the core harmonic and rhythmic driver throughout the entire track, featuring fluid runs and a warm, round tone that anchors the groove.",templates/soul-classic-randb_0002.txt
"Soul, Blues & Gospel",soul-funk-pop_0001,Soul / Funk-Pop,dance-pop-disco-funk,95 BPM; Bb major,"The track opens with a relaxed, groovy atmosphere that gradually builds in intensity and conviction through the verses.",Singer A (Male).,"A funky, melodic electric bass line drives the harmonic foundation from the very first second, maintaining a constant, syncopated groove throughout the entire track.",templates/soul-funk-pop_0001.txt
"Soul, Blues & Gospel",soul-funk-pop-with-gospel-influences_0001,Soul / Funk-Pop with Gospel influences,—,113 BPM; Eb major,"The track launches immediately with high-energy confidence and assertive joy, maintaining a driving, celebratory momentum through the verses.",Singer A (Female).,"A tight, syncopated electric bass line drives the groove from the very first bar to the end, acting as the harmonic anchor.",templates/soul-funk-pop-with-gospel-influences_0001.txt
"Soul, Blues & Gospel",soul-funk-rock-with-jazz-influences_0001,Soul / Funk-Rock with Jazz influences,jazz-swing-big-band,78 BPM; C minor,"The piece opens with an intimate, contemplative atmosphere driven by sparse instrumentation and soft vocals.",Singer A (Male).,"A clean electric piano establishes the harmonic foundation in the intro, later switching to a distorted electric guitar that drives the rhythm and delivers a soaring, blues-infused solo in the latter half.",templates/soul-funk-rock-with-jazz-influences_0001.txt
"Soul, Blues & Gospel",soul-gospel-blues-ballad_0001,Soul / Gospel-Blues Ballad,—,65 BPM; Ab major,"The piece opens with a solitary, contemplative atmosphere that feels intimate and weathered.",Singer A (Male).,"A grand piano serves as the harmonic backbone throughout the entire track, playing slow, resonant chords that establish the somber mood.",templates/soul-gospel-blues-ballad_0001.txt
"Soul, Blues & Gospel",soul-gospel-infused-randb_0001,Soul / Gospel-Infused R&B,—,158 BPM; C minor,"The piece opens with a vulnerable, intimate atmosphere that gradually accumulates spiritual weight.",Singer A (Male).,"A grand piano serves as the harmonic backbone throughout the entire track, playing expressive, chord-heavy voicings that dictate the song's emotional contour.",templates/soul-gospel-infused-randb_0001.txt
"Soul, Blues & Gospel",soul-gospel-infused-randb_0002,Soul / Gospel-Infused R&B,—,120 BPM; C major,"The piece opens with a serene, maritime atmosphere that feels contemplative and slightly melancholic.",Singer A (Male).,"A warm Hammond-style organ serves as the harmonic backbone throughout the track, providing sustained chords that swell in intensity alongside the vocals.",templates/soul-gospel-infused-randb_0002.txt
"Soul, Blues & Gospel",soul-gospel-pop-ballad_0001,Soul / Gospel-Pop Ballad,—,62 BPM; Eb major,"The piece opens with a solitary, introspective mood, establishing a sense of quiet resilience.",A single female vocalist leads the track.,"A grand piano serves as the harmonic backbone, present from the very first note to the end.",templates/soul-gospel-pop-ballad_0001.txt
"Soul, Blues & Gospel",soul-gospel-pop-ballad_0002,Soul / Gospel-Pop Ballad,—,79 BPM; Bb major,"The piece opens with a contemplative and slightly melancholic atmosphere, evoking a sense of solitude.",Singer A (Male).,"A grand piano serves as the harmonic anchor, playing arpeggiated figures in the intro and verses, shifting to broad, rhythmic block chords in the choruses.",templates/soul-gospel-pop-ballad_0002.txt
"Soul, Blues & Gospel",soul-randb-ballad_0001,Soul / R&B Ballad,general-pop-ballad,140 BPM; Eb major,"The piece opens with a solitary, intimate atmosphere that feels contemplative and restrained.",Singer A (Male).,"A clean electric guitar with a warm, rounded tone plays arpeggiated chords and melodic fills, serving as the harmonic backbone from the Intro through to the Outro.",templates/soul-randb-ballad_0001.txt
Traditional Vocal & Stage,a-cappella-choral-folk_0001,A Cappella / Choral Folk,roots-traditional-global,75 BPM; C minor,"The piece opens with a solitary, ethereal atmosphere that feels intimate and fragile.",The track features a blended ensemble of Male and Female voices.,The human voice serves as the sole instrument.,templates/a-cappella-choral-folk_0001.txt
Traditional Vocal & Stage,a-cappella-choral-pop_0001,A Cappella / Choral Pop,general-pop-ballad,75 BPM; Eb major,"The piece opens with a hushed, introspective atmosphere established by soft vocal pads, gradually building emotional weight as the lead narrative unfolds.",Singer A (Male).,The human voice serves as the sole melodic and harmonic instrument.,templates/a-cappella-choral-pop_0001.txt
Traditional Vocal & Stage,a-cappella-folk_0001,A Cappella / Folk,roots-traditional-global,85 BPM; C minor,"The piece opens with a solitary, contemplative mood established by a single voice and sparse vocal percussion, evoking a sense of isolation in nature.",Singer A (Male).,The human voice serves as the sole instrument.,templates/a-cappella-folk_0001.txt
Traditional Vocal & Stage,a-cappella-musical-theatre_0001,A Cappella / Musical Theatre,—,115 BPM; G minor,"The piece opens with a gentle, intimate storytelling atmosphere that gradually builds into a dramatic, theatrical narrative.",Singer A (Male) and Singer B (Female).,"The human voice serves as the sole primary instrument, fulfilling all melodic, harmonic, and rhythmic roles.",templates/a-cappella-musical-theatre_0001.txt
Traditional Vocal & Stage,adult-contemporary-pop-ballad_0001,Adult Contemporary / Pop Ballad,general-pop-ballad,71 BPM; Eb major,"The piece opens with a somber, intimate atmosphere that gradually accumulates emotional weight through the verses.",Singer A (Male) and Singer B (Female).,"A grand piano serves as the harmonic backbone throughout the entire track, playing arpeggiated figures in the verses and shifting to full, resonant block chords in the choruses to drive the momentum.",templates/adult-contemporary-pop-ballad_0001.txt
Traditional Vocal & Stage,dark-cabaret-theatrical-pop_0001,Dark Cabaret / Theatrical Pop,general-pop-ballad,122 BPM; C minor,"The piece opens with a mysterious, slightly eerie storytelling atmosphere that feels intimate and restrained.",Singer A (Male).,"An accordion serves as the primary melodic and harmonic driver throughout the track, providing the distinctive folk-cabaret flavor with rhythmic chord stabs and melodic fills.",templates/dark-cabaret-theatrical-pop_0001.txt
Traditional Vocal & Stage,doo-wop-retro-soul-pop_0001,Doo-wop / Retro Soul Pop,soul-blues-gospel,79 BPM; Bb major,"The piece opens with a nostalgic and slightly melancholic atmosphere, established by sparse vocal harmonies.","A single Male lead vocalist delivers the performance with a clear, resonant tenor timbre that possesses a smooth, crooning quality reminiscent of classic soul singers.","A warm, vintage-style electric piano serves as the core harmonic instrument, playing rhythmic chord progressions from the intro through to the outro, anchoring the song's retro aesthetic.",templates/doo-wop-retro-soul-pop_0001.txt
Traditional Vocal & Stage,doo-wop-vocal-jazz-ballad_0001,Doo-wop / Vocal Jazz Ballad,jazz-swing-big-band,76 BPM; Eb major,"The piece opens with a nostalgic, humming introduction that establishes an intimate and romantic atmosphere.","Singer A (Male) serves as the lead, possessing a smooth, resonant baritone with a crooning quality.","The vocal ensemble acts as the primary melodic and harmonic driver, present from the very first second to the end.",templates/doo-wop-vocal-jazz-ballad_0001.txt
Traditional Vocal & Stage,musical-theatre-big-band-jazz_0001,Musical Theatre / Big Band Jazz,jazz-swing-big-band,140 BPM; Ab major,"The piece launches with an immediate, high-energy declaration of triumph and liberation, maintaining a buoyant and celebratory tone throughout the main sections.",Singer A (Male) and Singer B (Female).,"A driving piano serves as the harmonic backbone, playing rhythmic, syncopated chords from the intro to the outro, anchoring the jazz-pop feel.",templates/musical-theatre-big-band-jazz_0001.txt
Traditional Vocal & Stage,musical-theatre-cinematic-folk_0001,Musical Theatre / Cinematic Folk,roots-traditional-global,118 BPM; C major,"The piece opens with a somber, introspective atmosphere reflecting despair and failure, characterized by sparse instrumentation and restrained vocals.","Singer A (Male) possesses a deep, resonant baritone with a theatrical, authoritative quality, serving as the primary narrator and mentor figure.","A warm upright bass enters early to anchor the low end, providing a walking line that adds movement.",templates/musical-theatre-cinematic-folk_0001.txt
Traditional Vocal & Stage,musical-theatre-cinematic-orchestral-pop_0001,Musical Theatre / Cinematic Orchestral Pop,cinematic-pop-ballad,68-74 BPM; key/scale unspecified,"The piece opens with a delicate, introspective wonder that feels isolated and quiet.",Singer A (Female).,"A grand piano serves as the harmonic backbone throughout the entire track, starting with sparse, high-register arpeggios and evolving into dense, rhythmic chordal pounding during the climax.",templates/musical-theatre-cinematic-orchestral-pop_0001.txt
Traditional Vocal & Stage,musical-theatre-cinematic-pop-rock_0001,Musical Theatre / Cinematic Pop Rock,cinematic-pop-ballad,146 BPM; Eb minor,"The piece opens with a tender, narrative ballad atmosphere that quickly fractures into a tense, confrontational dialogue.",Singer A (Male) and Singer B (Female).,"A grand piano anchors the introduction with delicate arpeggios, later replaced by distorted electric guitars playing heavy power chords that drive the rock sections.",templates/musical-theatre-cinematic-pop-rock_0001.txt
Traditional Vocal & Stage,musical-theatre-orchestral-pop_0001,Musical Theatre / Orchestral Pop,cinematic-orchestral-epic,154 BPM; A major,"The piece opens with a wistful and contemplative mood, characterized by sparse instrumentation and a slower tempo.","The track features a mixed ensemble including a primary Male Lead (Singer A) with a clear, resonant tenor-baritone timbre, a Female Lead (Singer B) with a bright, agile soprano tone, and a large Mixed Choir providing…","A grand piano serves as the harmonic anchor in the intro and verses, playing arpeggiated figures that transition into block chords during the high-energy sections.",templates/musical-theatre-orchestral-pop_0001.txt
Traditional Vocal & Stage,musical-theatre-orchestral-pop_0002,Musical Theatre / Orchestral Pop,cinematic-orchestral-epic,118 BPM; F major,"The piece opens with a whimsical and narrative tone, establishing a sense of wonder and storytelling.",Singer A (Male).,"A full orchestral string section serves as the harmonic backbone, present from the Intro to the Outro.",templates/musical-theatre-orchestral-pop_0002.txt
Traditional Vocal & Stage,musical-theatre-orchestral-pop_0003,Musical Theatre / Orchestral Pop,cinematic-orchestral-epic,167 BPM; F major,"The piece opens with a sense of intimate wonder and anticipation, quickly building momentum through the verses into an explosive, triumphant declaration in the choruses.",Singer A (Female).,"A grand piano drives the harmonic progression from the intro, evolving from sparse arpeggios to heavy, rhythmic chordal strikes.",templates/musical-theatre-orchestral-pop_0003.txt
Traditional Vocal & Stage,musical-theatre-orchestral-pop_0004,Musical Theatre / Orchestral Pop,cinematic-orchestral-epic,118 BPM; Bb major,"The piece opens with a deceptive, airy calmness that quickly shifts into condescending playfulness.",Singer A (Female).,"A grand piano serves as the harmonic anchor throughout the track, providing both delicate arpeggios in the intro and driving, rhythmic block chords in the choruses.",templates/musical-theatre-orchestral-pop_0004.txt
Traditional Vocal & Stage,musical-theatre-orchestral-pop_0005,Musical Theatre / Orchestral Pop,cinematic-orchestral-epic,125 BPM; Bb major,"The piece opens with a whimsical and slightly tentative atmosphere, reflecting a state of confinement.",Singer A (Female).,"A piano serves as the harmonic anchor throughout the entire track, starting with simple arpeggios in the intro and evolving into full, rhythmic chordal support in the choruses.",templates/musical-theatre-orchestral-pop_0005.txt
Traditional Vocal & Stage,musical-theatre-orchestral-pop_0006,Musical Theatre / Orchestral Pop,cinematic-orchestral-epic,59 BPM; Bb major,"The piece opens with a sense of fragile anticipation and quiet wonder, gradually building through the verses into an explosive, triumphant release during the choruses.",Singer A (Female).,"A grand piano serves as the harmonic anchor throughout the track, playing arpeggiated figures in the verses and broad, chordal blocks in the choruses.",templates/musical-theatre-orchestral-pop_0006.txt
Traditional Vocal & Stage,musical-theatre-orchestral-pop-ballad_0001,Musical Theatre / Orchestral Pop Ballad,general-pop-ballad,77 BPM; Eb minor,"The piece opens with a solitary, reflective melancholy that gradually accumulates layers of determination and resilience.","Singer A (Male) possesses a resonant, clear tenor voice with a theatrical quality capable of both delicate intimacy and powerful belting.","A grand piano serves as the harmonic and melodic anchor throughout the entire track, shifting from sparse, arpeggiated figures in the intro to bold, chordal block patterns in the choruses.",templates/musical-theatre-orchestral-pop-ballad_0001.txt
Traditional Vocal & Stage,musical-theatre-orchestral-pop-ballad_0002,Musical Theatre / Orchestral Pop Ballad,general-pop-ballad,146 BPM; Eb minor,"The piece opens with a somber, narrative tone that quickly escalates into a tense confrontation.",Singer A (Male) and Singer B (Female).,"A grand piano anchors the harmonic foundation throughout the track, shifting from delicate, arpeggiated figures in the intro to heavy, percussive block chords during the choruses.",templates/musical-theatre-orchestral-pop-ballad_0002.txt
Traditional Vocal & Stage,musical-theatre-orchestral-pop-ballad_0003,Musical Theatre / Orchestral Pop Ballad,general-pop-ballad,58 BPM; A major,"The piece opens with a delicate, contemplative atmosphere that suggests quiet observation and wonder.",Singer A (Female).,"A grand piano serves as the harmonic and melodic anchor throughout the entire track, playing arpeggiated figures in the verses and broad, chordal block patterns in the choruses.",templates/musical-theatre-orchestral-pop-ballad_0003.txt
Traditional Vocal & Stage,musical-theatre-orchestral-pop-ballad_0004,Musical Theatre / Orchestral Pop Ballad,general-pop-ballad,109 BPM; Eb major,"The piece opens with a tender, intimate atmosphere that gradually builds into a sweeping, cinematic declaration of devotion.",Singer A (Male) and Singer B (Female).,"A grand piano serves as the harmonic anchor throughout the entire track, providing arpeggiated figures in the verses and broad, chordal support in the choruses.",templates/musical-theatre-orchestral-pop-ballad_0004.txt
Traditional Vocal & Stage,musical-theatre-orchestral-pop-ballad_0005,Musical Theatre / Orchestral Pop Ballad,general-pop-ballad,78 BPM; Eb major,"The piece begins with a fragile, introspective intimacy that gradually accumulates warmth and hope through the verses.",Singer A (Male) and Singer B (Female).,"A resonant grand piano serves as the harmonic anchor, playing arpeggiated figures in the intro and verses, shifting to broad, rhythmic block chords in the choruses to drive the momentum.",templates/musical-theatre-orchestral-pop-ballad_0005.txt
Traditional Vocal & Stage,musical-theatre-progressive-rock-opera_0001,Musical Theatre / Progressive Rock Opera,pop-alternative-rock,158 BPM; A minor,"The piece opens with a whimsical, storybook serenity that quickly establishes a theatrical narrative tone.","Singer A (Male) possesses a clear, resonant baritone with a polished, ""legit"" musical theatre quality.","An acoustic piano serves as the harmonic anchor, playing a bright, major-key progression in the intro and outro, but switching to a driving, percussive rock rhythm with heavy sustain during the central conflict.",templates/musical-theatre-progressive-rock-opera_0001.txt
Traditional Vocal & Stage,show-tune-big-band-pop_0001,Show Tune / Big Band Pop,jazz-swing-big-band,194 BPM; C major,"The piece launches immediately with high-energy bravado and theatrical confidence, maintaining a relentless, upbeat momentum through the verses and choruses.",Singer A (Male).,"A driving acoustic piano serves as the harmonic anchor throughout, playing syncopated, ragtime-influenced chords that dictate the song's frenetic pace from start to finish.",templates/show-tune-big-band-pop_0001.txt
Traditional Vocal & Stage,traditional-pop-big-band-jazz_0001,Traditional Pop / Big Band Jazz,jazz-swing-big-band,133 BPM; Eb major,"The piece opens with a bright, swinging instrumental introduction that establishes a confident and romantic atmosphere.",Singer A (Male).,"A full brass and woodwind ensemble section serves as the harmonic and melodic backbone, providing punchy stabs in the intro and lush, sustained chords during the vocal lines.",templates/traditional-pop-big-band-jazz_0001.txt
Traditional Vocal & Stage,traditional-pop-big-band-swing_0001,Traditional Pop / Big Band Swing,jazz-swing-big-band,107 BPM; Eb major,"The piece opens with a bold, energetic brass fanfare that immediately establishes a confident and lively mood.",Singer A (Male).,"A full big band ensemble, dominated by a bright, punchy brass section (trumpets and trombones) and a smooth saxophone section, forms the core harmonic and melodic structure.",templates/traditional-pop-big-band-swing_0001.txt
Traditional Vocal & Stage,traditional-pop-cabaret-jazz_0001,Traditional Pop / Cabaret Jazz,jazz-swing-big-band,118 BPM; G minor,"The piece opens with a mysterious and intimate atmosphere, establishing a sense of secrecy through sparse instrumentation.",Singer A (Female).,"An acoustic piano provides the core harmonic foundation throughout the track, playing rhythmic chords in the verses and more expansive arpeggios in the choruses.",templates/traditional-pop-cabaret-jazz_0001.txt
Traditional Vocal & Stage,traditional-pop-easy-listening_0001,Traditional Pop / Easy Listening,general-pop-ballad,74 BPM; C major,"The piece opens with a gentle, wistful atmosphere established by vocal humming and soft instrumentation.","Singer A (Male) possesses a smooth, resonant baritone with a crooning quality that conveys warmth and sadness.","An acoustic guitar plays a steady, rhythmic strumming pattern that anchors the harmonic progression from start to finish.",templates/traditional-pop-easy-listening_0001.txt
Traditional Vocal & Stage,traditional-pop-holiday-easy-listening_0001,Traditional Pop / Holiday / Easy Listening,general-pop-ballad,162 BPM; C minor,"The piece opens with a bright, festive flourish that immediately establishes a warm and nostalgic tone.",Singer A (Male).,"A full string section serves as the harmonic backbone throughout the track, providing sweeping pads and melodic counter-lines that rise and fall with the song's dynamics.",templates/traditional-pop-holiday-easy-listening_0001.txt
Traditional Vocal & Stage,traditional-pop-orchestral-ballad_0001,Traditional Pop / Orchestral Ballad,general-pop-ballad,90 BPM; Ab major,"The piece opens with a sweeping, cinematic grandeur that quickly settles into an intimate, wistful atmosphere.",Singer A (Male) and Singer B (Female).,"A full string ensemble serves as the primary harmonic and melodic driver, present from the very beginning with sweeping legato lines that establish the emotional tone.",templates/traditional-pop-orchestral-ballad_0001.txt
Traditional Vocal & Stage,traditional-pop-orchestral-ballad_0002,Traditional Pop / Orchestral Ballad,general-pop-ballad,62 BPM; G major,"The piece opens with a wistful and cinematic atmosphere, establishing a sense of longing through a solitary woodwind melody.",Singer A (Male).,"A solo flute carries the introductory melodic motif, setting the tonal mood before yielding to the vocal line.",templates/traditional-pop-orchestral-ballad_0002.txt
Traditional Vocal & Stage,traditional-pop-orchestral-ballad_0003,Traditional Pop / Orchestral Ballad,general-pop-ballad,87 BPM; Eb major,"The piece opens with a wistful and cinematic atmosphere, establishing a sense of longing through sparse instrumentation.",Singer A (Male).,"A grand piano provides the foundational harmonic structure throughout the entire track, playing arpeggiated figures in the verses and fuller block chords during the choruses to drive the emotional arc.",templates/traditional-pop-orchestral-ballad_0003.txt
Traditional Vocal & Stage,traditional-pop-orchestral-ballad_0004,Traditional Pop / Orchestral Ballad,general-pop-ballad,78 BPM; Eb major,"The piece opens with a grand, sweeping orchestral introduction that immediately establishes a majestic and nostalgic tone.","Singer A (Male) possesses a rich, resonant baritone with a smooth, velvety texture and precise diction characteristic of classic crooners.","A full string section (violins, violas, cellos) serves as the harmonic bedrock, playing sweeping legato lines from the Intro through the Outro.",templates/traditional-pop-orchestral-ballad_0004.txt
Traditional Vocal & Stage,traditional-pop-vocal-ballad_0001,Traditional Pop / Vocal Ballad,general-pop-ballad,111 BPM; D major,"The piece opens with a tender, intimate atmosphere that gradually swells into a grand, cinematic declaration of devotion.",Singer A (Male).,"A grand piano provides the core harmonic foundation with rolling arpeggios and chordal support, present from the very beginning and continuing through to the end.",templates/traditional-pop-vocal-ballad_0001.txt
Traditional Vocal & Stage,traditional-pop-vocal-jazz-easy-listening_0001,Traditional Pop / Vocal Jazz / Easy Listening,"jazz-swing-big-band, general-pop-ballad",95 BPM; Eb major,"The piece opens with a sweeping, cinematic grandeur that quickly settles into an intimate, romantic warmth as the vocal enters.",Singer A (Male).,"A lush string ensemble section provides the continuous harmonic bed, entering immediately in the intro and sustaining through the entire track, swelling dynamically to support the vocal peaks.",templates/traditional-pop-vocal-jazz-easy-listening_0001.txt
Traditional Vocal & Stage,traditional-pop-vocal-jazz-orchestral-ballad_0001,Traditional Pop / Vocal Jazz / Orchestral Ballad,"jazz-swing-big-band, general-pop-ballad",83 BPM; G minor,"The piece opens with a gentle, anticipatory warmth that establishes a serene atmosphere.",Singer A (Male) and Ensemble B (Mixed Choir).,"A full string section serves as the primary harmonic and melodic driver, providing sweeping legato lines that swell during the choruses and recede during the verses.",templates/traditional-pop-vocal-jazz-orchestral-ballad_0001.txt
Traditional Vocal & Stage,traditional-pop-vocal-jazz-orchestral-ballad_0002,Traditional Pop / Vocal Jazz / Orchestral Ballad,"jazz-swing-big-band, general-pop-ballad",82 BPM; Bb major,"The piece opens with a dramatic, cinematic orchestral flourish that immediately establishes a grand, nostalgic tone.",Singer A (Male).,"A grand piano serves as the harmonic anchor, playing arpeggiated chords and melodic fills from the beginning to the end, providing a consistent rhythmic and tonal foundation.",templates/traditional-pop-vocal-jazz-orchestral-ballad_0002.txt
Traditional Vocal & Stage,traditional-pop-vocal-jazz-ballad_0001,Traditional Pop / Vocal Jazz Ballad,jazz-swing-big-band,88 BPM; F major,"The piece opens with a serene, dreamlike atmosphere established by shimmering textures and soft harmonies.",Singer A (Male) and a Mixed Choir.,"A grand piano serves as the harmonic anchor, playing flowing arpeggios and block chords from the beginning to the end, providing the core melodic and rhythmic structure.",templates/traditional-pop-vocal-jazz-ballad_0001.txt
Traditional Vocal & Stage,traditional-pop-vocal-jazz-ballad_0002,Traditional Pop / Vocal Jazz Ballad,jazz-swing-big-band,76 BPM; Ab major,"The piece opens with a cinematic, sweeping grandeur that immediately settles into an intimate, melancholic introspection.",Singer A (Male).,"A grand piano serves as the harmonic and melodic anchor, playing arpeggiated chords and delicate melodic fills from the Intro through to the Outro, providing the song's structural backbone.",templates/traditional-pop-vocal-jazz-ballad_0002.txt
Traditional Vocal & Stage,traditional-pop-vocal-jazz-ballad_0003,Traditional Pop / Vocal Jazz Ballad,jazz-swing-big-band,71 BPM; Ab major,"The piece opens with a cinematic, sweeping sense of longing and nostalgia, establishing a tender and intimate atmosphere.",Singer A (Female).,"A grand piano serves as the harmonic backbone throughout the entire track, providing lush, extended jazz chords and delicate melodic fills that interact closely with the vocal line.",templates/traditional-pop-vocal-jazz-ballad_0003.txt
Traditional Vocal & Stage,traditional-pop-vocal-jazz-ballad_0004,Traditional Pop / Vocal Jazz Ballad,jazz-swing-big-band,71 BPM; Bb major,"The piece opens with a sweeping, cinematic melancholy that immediately establishes a tone of nostalgic reflection.",Singer A (Male).,"A lush string ensemble serves as the harmonic backbone, providing sweeping, legato lines that rise and fall with the vocal melody from the Intro through to the Outro.",templates/traditional-pop-vocal-jazz-ballad_0004.txt
Traditional Vocal & Stage,traditional-pop-vocal-jazz-ballad_0005,Traditional Pop / Vocal Jazz Ballad,jazz-swing-big-band,85 BPM; Bb minor,"The piece opens with a sweeping, cinematic orchestral introduction that establishes a mood of grand melancholy and longing.",Singer A (Male).,"A full string ensemble serves as the harmonic and melodic backbone, providing sweeping legato lines in the introduction and sustained, lush pads underneath the vocal verses.",templates/traditional-pop-vocal-jazz-ballad_0005.txt
